candidate_id,source_mode,event_name,market_key,strategy,status,math_positive,min_net_pnl,capital_required,net_roi,reasons,stakes
53499a1aa60fff2efcc99acf03825ca5913ce78e044950df43da4cdc5243c214,provider_historical,Hawthorn Hawks v Sydney Swans,h2h,fixed_odds,rejected,False,-50.06479999999999,999.99,-0.050065300653006524,not_a_live_quote_feed; outcome_coverage_unverified; outcome_evidence_missing; licence_review_not_valid_at_asof:sportsbet; quote_stale:sportsbet; settlement_unverified:sportsbet; stake_capacity_unknown:sportsbet; minimum_stake_unknown:sportsbet; operator_not_in_verified_allowlist:unibet; quote_stale:unibet; settlement_unverified:unibet; stake_capacity_unknown:unibet; minimum_stake_unknown:unibet; no_positive_profit_after_costs,"[374.38, 625.61]"
3cb814664c373dcebd63c690affb203953565627c8a3714141fa87e45c4e9557,provider_historical,Hawthorn Hawks v Sydney Swans,h2h,fixed_odds,rejected,False,-46.16289999999998,999.99,-0.04616336163361631,not_a_live_quote_feed; outcome_coverage_unverified; outcome_evidence_missing; licence_review_not_valid_at_asof:sportsbet; quote_stale:sportsbet; settlement_unverified:sportsbet; stake_capacity_unknown:sportsbet; minimum_stake_unknown:sportsbet; licence_review_not_valid_at_asof:tab; quote_stale:tab; settlement_unverified:tab; stake_capacity_unknown:tab; minimum_stake_unknown:tab; cross_book_timestamp_skew; no_positive_profit_after_costs,"[375.92, 624.07]"
16092e8a34530b3a095f84b54f15efdfbf47391b2fae1638ccd46b2c37f6d6fd,provider_historical,Hawthorn Hawks v Sydney Swans,h2h,fixed_odds,rejected,False,-46.16289999999998,999.99,-0.04616336163361631,not_a_live_quote_feed; outcome_coverage_unverified; outcome_evidence_missing; licence_review_not_valid_at_asof:sportsbet; quote_stale:sportsbet; settlement_unverified:sportsbet; stake_capacity_unknown:sportsbet; minimum_stake_unknown:sportsbet; licence_review_not_valid_at_asof:pointsbetau; quote_stale:pointsbetau; settlement_unverified:pointsbetau; stake_capacity_unknown:pointsbetau; minimum_stake_unknown:pointsbetau; cross_book_timestamp_skew; no_positive_profit_after_costs,"[375.92, 624.07]"
07272fd1a6da3eeddc4970a238cf29eb6e9c28e24cf9055f9086c019d071fead,provider_historical,Hawthorn Hawks v Sydney Swans,h2h,fixed_odds,rejected,False,-46.16289999999998,999.99,-0.04616336163361631,not_a_live_quote_feed; outcome_coverage_unverified; outcome_evidence_missing; licence_review_not_valid_at_asof:sportsbet; quote_stale:sportsbet; settlement_unverified:sportsbet; stake_capacity_unknown:sportsbet; minimum_stake_unknown:sportsbet; licence_review_not_valid_at_asof:ladbrokes; quote_stale:ladbrokes; settlement_unverified:ladbrokes; stake_capacity_unknown:ladbrokes; minimum_stake_unknown:ladbrokes; no_positive_profit_after_costs,"[375.92, 624.07]"
7fe2d281785b88aa278f099e10680130dcea98230ceaa6f99aa1c259574f8fe8,provider_historical,Hawthorn Hawks v Sydney Swans,h2h,fixed_odds,rejected,False,-46.16289999999998,999.99,-0.04616336163361631,not_a_live_quote_feed; outcome_coverage_unverified; outcome_evidence_missing; licence_review_not_valid_at_asof:sportsbet; quote_stale:sportsbet; settlement_unverified:sportsbet; stake_capacity_unknown:sportsbet; minimum_stake_unknown:sportsbet; licence_review_not_valid_at_asof:neds; quote_stale:neds; settlement_unverified:neds; stake_capacity_unknown:neds; minimum_stake_unknown:neds; no_positive_profit_after_costs,"[375.92, 624.07]"
0140cf924628daf26edc0e853a829edc15559a20f8ac2aa83696527057bef42a,provider_historical,Hawthorn Hawks v Sydney Swans,h2h,fixed_odds,rejected,False,-56.56,999.99,-0.05656056560565606,not_a_live_quote_feed; outcome_coverage_unverified; outcome_evidence_missing; operator_not_in_verified_allowlist:unibet; quote_stale:unibet; settlement_unverified:unibet; stake_capacity_unknown:unibet; minimum_stake_unknown:unibet; licence_review_not_valid_at_asof:sportsbet; quote_stale:sportsbet; settlement_unverified:sportsbet; stake_capacity_unknown:sportsbet; minimum_stake_unknown:sportsbet; no_positive_profit_after_costs,"[370.37, 629.62]"
797c0980283d3cd13f04d4009f24826a01d6a266478f487be9009be96054a21f,provider_historical,Hawthorn Hawks v Sydney Swans,h2h,fixed_odds,rejected,False,-44.750000000000114,1000.0,-0.044750000000000116,not_a_live_quote_feed; outcome_coverage_unverified; outcome_evidence_missing; operator_not_in_verified_allowlist:unibet; quote_stale:unibet; settlement_unverified:unibet; stake_capacity_unknown:unibet; minimum_stake_unknown:unibet; licence_review_not_valid_at_asof:tab; quote_stale:tab; settlement_unverified:tab; stake_capacity_unknown:tab; minimum_stake_unknown:tab; cross_book_timestamp_skew; no_positive_profit_after_costs,"[375.0, 625.0]"
f336ba3014672c25a98d0eb572978554efaa9eb086229c990d5041cf6fa49e44,provider_historical,Hawthorn Hawks v Sydney Swans,h2h,fixed_odds,rejected,False,-44.750000000000114,1000.0,-0.044750000000000116,not_a_live_quote_feed; outcome_coverage_unverified; outcome_evidence_missing; operator_not_in_verified_allowlist:unibet; quote_stale:unibet; settlement_unverified:unibet; stake_capacity_unknown:unibet; minimum_stake_unknown:unibet; licence_review_not_valid_at_asof:pointsbetau; quote_stale:pointsbetau; settlement_unverified:pointsbetau; stake_capacity_unknown:pointsbetau; minimum_stake_unknown:pointsbetau; cross_book_timestamp_skew; no_positive_profit_after_costs,"[375.0, 625.0]"
c2929a4b68c012f3f64006acb69078e0ed1478a37dbcb1484b6f697b00da2925,provider_historical,Hawthorn Hawks v Sydney Swans,h2h,fixed_odds,rejected,False,-44.750000000000114,1000.0,-0.044750000000000116,not_a_live_quote_feed; outcome_coverage_unverified; outcome_evidence_missing; operator_not_in_verified_allowlist:unibet; quote_stale:unibet; settlement_unverified:unibet; stake_capacity_unknown:unibet; minimum_stake_unknown:unibet; licence_review_not_valid_at_asof:ladbrokes; quote_stale:ladbrokes; settlement_unverified:ladbrokes; stake_capacity_unknown:ladbrokes; minimum_stake_unknown:ladbrokes; no_positive_profit_after_costs,"[375.0, 625.0]"
a87398a194ddb5522bad6cd952c1f178de74e446f1999fd2034a580d5118c3a6,provider_historical,Hawthorn Hawks v Sydney Swans,h2h,fixed_odds,rejected,False,-44.750000000000114,1000.0,-0.044750000000000116,not_a_live_quote_feed; outcome_coverage_unverified; outcome_evidence_missing; operator_not_in_verified_allowlist:unibet; quote_stale:unibet; settlement_unverified:unibet; stake_capacity_unknown:unibet; minimum_stake_unknown:unibet; licence_review_not_valid_at_asof:neds; quote_stale:neds; settlement_unverified:neds; stake_capacity_unknown:neds; minimum_stake_unknown:neds; no_positive_profit_after_costs,"[375.0, 625.0]"
e1116927e63c4c37c56b3a68b79484ab5765218b0ece779aa64eaf76cdd31599,provider_historical,Hawthorn Hawks v Sydney Swans,h2h,fixed_odds,rejected,False,-63.5,1000.0,-0.0635,not_a_live_quote_feed; outcome_coverage_unverified; outcome_evidence_missing; licence_review_not_valid_at_asof:tab; quote_stale:tab; settlement_unverified:tab; stake_capacity_unknown:tab; minimum_stake_unknown:tab; licence_review_not_valid_at_asof:sportsbet; quote_stale:sportsbet; settlement_unverified:sportsbet; stake_capacity_unknown:sportsbet; minimum_stake_unknown:sportsbet; cross_book_timestamp_skew; no_positive_profit_after_costs,"[375.0, 625.0]"
ea4d15fbfc6a98bd7fcca8b4ac58ae1384f0e3edc7fcb3d89353b3e349c0e212,provider_historical,Hawthorn Hawks v Sydney Swans,h2h,fixed_odds,rejected,False,-55.739999999999895,999.99,-0.05574055740557395,not_a_live_quote_feed; outcome_coverage_unverified; outcome_evidence_missing; licence_review_not_valid_at_asof:tab; quote_stale:tab; settlement_unverified:tab; stake_capacity_unknown:tab; minimum_stake_unknown:tab; operator_not_in_verified_allowlist:unibet; quote_stale:unibet; settlement_unverified:unibet; stake_capacity_unknown:unibet; minimum_stake_unknown:unibet; cross_book_timestamp_skew; no_positive_profit_after_costs,"[378.1, 621.89]"
ae3caad3bd5a359245c9ebe1bf709fb552a97c39df8a9e14abeebcb24d4a648c,provider_historical,Hawthorn Hawks v Sydney Swans,h2h,fixed_odds,rejected,False,-51.86979999999994,999.99,-0.05187031870318697,not_a_live_quote_feed; outcome_coverage_unverified; outcome_evidence_missing; licence_review_not_valid_at_asof:tab; quote_stale:tab; settlement_unverified:tab; stake_capacity_unknown:tab; minimum_stake_unknown:tab; licence_review_not_valid_at_asof:pointsbetau; quote_stale:pointsbetau; settlement_unverified:pointsbetau; stake_capacity_unknown:pointsbetau; minimum_stake_unknown:pointsbetau; cross_book_timestamp_skew; no_positive_profit_after_costs,"[379.65, 620.34]"
aa5ca6cd523ff2ee9b1b2ec6c91d66647f946736fa8781f13375c07cbeb963bf,provider_historical,Hawthorn Hawks v Sydney Swans,h2h,fixed_odds,rejected,False,-51.86979999999994,999.99,-0.05187031870318697,not_a_live_quote_feed; outcome_coverage_unverified; outcome_evidence_missing; licence_review_not_valid_at_asof:tab; quote_stale:tab; settlement_unverified:tab; stake_capacity_unknown:tab; minimum_stake_unknown:tab; licence_review_not_valid_at_asof:ladbrokes; quote_stale:ladbrokes; settlement_unverified:ladbrokes; stake_capacity_unknown:ladbrokes; minimum_stake_unknown:ladbrokes; cross_book_timestamp_skew; no_positive_profit_after_costs,"[379.65, 620.34]"
bd1cb25f447218c02752962bdd70e0812964fb48e0a4e930d8de81ddc23b7c5b,provider_historical,Hawthorn Hawks v Sydney Swans,h2h,fixed_odds,rejected,False,-51.86979999999994,999.99,-0.05187031870318697,not_a_live_quote_feed; outcome_coverage_unverified; outcome_evidence_missing; licence_review_not_valid_at_asof:tab; quote_stale:tab; settlement_unverified:tab; stake_capacity_unknown:tab; minimum_stake_unknown:tab; licence_review_not_valid_at_asof:neds; quote_stale:neds; settlement_unverified:neds; stake_capacity_unknown:neds; minimum_stake_unknown:neds; cross_book_timestamp_skew; no_positive_profit_after_costs,"[379.65, 620.34]"
d08ca27defc79e4e34064859195b35892bb584c415f4e1a4915ceeb4c7be9f31,provider_historical,Hawthorn Hawks v Sydney Swans,h2h,fixed_odds,rejected,False,-63.5,1000.0,-0.0635,not_a_live_quote_feed; outcome_coverage_unverified; outcome_evidence_missing; licence_review_not_valid_at_asof:pointsbetau; quote_stale:pointsbetau; settlement_unverified:pointsbetau; stake_capacity_unknown:pointsbetau; minimum_stake_unknown:pointsbetau; licence_review_not_valid_at_asof:sportsbet; quote_stale:sportsbet; settlement_unverified:sportsbet; stake_capacity_unknown:sportsbet; minimum_stake_unknown:sportsbet; cross_book_timestamp_skew; no_positive_profit_after_costs,"[375.0, 625.0]"
2008ab1280c2e5e54e6871d6f2f11439c741c8f8194778f44a4486a91a83a2e2,provider_historical,Hawthorn Hawks v Sydney Swans,h2h,fixed_odds,rejected,False,-55.739999999999895,999.99,-0.05574055740557395,not_a_live_quote_feed; outcome_coverage_unverified; outcome_evidence_missing; licence_review_not_valid_at_asof:pointsbetau; quote_stale:pointsbetau; settlement_unverified:pointsbetau; stake_capacity_unknown:pointsbetau; minimum_stake_unknown:pointsbetau; operator_not_in_verified_allowlist:unibet; quote_stale:unibet; settlement_unverified:unibet; stake_capacity_unknown:unibet; minimum_stake_unknown:unibet; cross_book_timestamp_skew; no_positive_profit_after_costs,"[378.1, 621.89]"
7d404e74fc2b09bdf35d59304d678d81d850626fd3626178f8aa88844d127892,provider_historical,Hawthorn Hawks v Sydney Swans,h2h,fixed_odds,rejected,False,-51.86979999999994,999.99,-0.05187031870318697,not_a_live_quote_feed; outcome_coverage_unverified; outcome_evidence_missing; licence_review_not_valid_at_asof:pointsbetau; quote_stale:pointsbetau; settlement_unverified:pointsbetau; stake_capacity_unknown:pointsbetau; minimum_stake_unknown:pointsbetau; licence_review_not_valid_at_asof:tab; quote_stale:tab; settlement_unverified:tab; stake_capacity_unknown:tab; minimum_stake_unknown:tab; cross_book_timestamp_skew; no_positive_profit_after_costs,"[379.65, 620.34]"
30c987d0fed8df273a74abcdbda78503cc431700082e4c93ab35d407d371a710,provider_historical,Hawthorn Hawks v Sydney Swans,h2h,fixed_odds,rejected,False,-51.86979999999994,999.99,-0.05187031870318697,not_a_live_quote_feed; outcome_coverage_unverified; outcome_evidence_missing; licence_review_not_valid_at_asof:pointsbetau; quote_stale:pointsbetau; settlement_unverified:pointsbetau; stake_capacity_unknown:pointsbetau; minimum_stake_unknown:pointsbetau; licence_review_not_valid_at_asof:ladbrokes; quote_stale:ladbrokes; settlement_unverified:ladbrokes; stake_capacity_unknown:ladbrokes; minimum_stake_unknown:ladbrokes; cross_book_timestamp_skew; no_positive_profit_after_costs,"[379.65, 620.34]"
2be79163b6341df0136c575b6973539230510839a80cc71c0e187c48d799a9af,provider_historical,Hawthorn Hawks v Sydney Swans,h2h,fixed_odds,rejected,False,-51.86979999999994,999.99,-0.05187031870318697,not_a_live_quote_feed; outcome_coverage_unverified; outcome_evidence_missing; licence_review_not_valid_at_asof:pointsbetau; quote_stale:pointsbetau; settlement_unverified:pointsbetau; stake_capacity_unknown:pointsbetau; minimum_stake_unknown:pointsbetau; licence_review_not_valid_at_asof:neds; quote_stale:neds; settlement_unverified:neds; stake_capacity_unknown:neds; minimum_stake_unknown:neds; cross_book_timestamp_skew; no_positive_profit_after_costs,"[379.65, 620.34]"
d62374f6518f7cb45662f0fad2b0a6c7ece32abdbebf087b3164d1dc32b23b13,provider_historical,Hawthorn Hawks v Sydney Swans,h2h,fixed_odds,rejected,False,-56.56,999.99,-0.05656056560565606,not_a_live_quote_feed; outcome_coverage_unverified; outcome_evidence_missing; licence_review_not_valid_at_asof:ladbrokes; quote_stale:ladbrokes; settlement_unverified:ladbrokes; stake_capacity_unknown:ladbrokes; minimum_stake_unknown:ladbrokes; licence_review_not_valid_at_asof:sportsbet; quote_stale:sportsbet; settlement_unverified:sportsbet; stake_capacity_unknown:sportsbet; minimum_stake_unknown:sportsbet; no_positive_profit_after_costs,"[370.37, 629.62]"
e22cd8927dbae1e715cc38210fbff2156427627ab86416e8942fa5fd777300ce,provider_historical,Hawthorn Hawks v Sydney Swans,h2h,fixed_odds,rejected,False,-48.66700000000003,999.99,-0.048667486674866776,not_a_live_quote_feed; outcome_coverage_unverified; outcome_evidence_missing; licence_review_not_valid_at_asof:ladbrokes; quote_stale:ladbrokes; settlement_unverified:ladbrokes; stake_capacity_unknown:ladbrokes; minimum_stake_unknown:ladbrokes; operator_not_in_verified_allowlist:unibet; quote_stale:unibet; settlement_unverified:unibet; stake_capacity_unknown:unibet; minimum_stake_unknown:unibet; no_positive_profit_after_costs,"[373.46, 626.53]"
1c38e42cfc8cc785ba3748829ac9107bd02b769cd3f93256ee9d6e50aeed7d96,provider_historical,Hawthorn Hawks v Sydney Swans,h2h,fixed_odds,rejected,False,-44.750000000000114,1000.0,-0.044750000000000116,not_a_live_quote_feed; outcome_coverage_unverified; outcome_evidence_missing; licence_review_not_valid_at_asof:ladbrokes; quote_stale:ladbrokes; settlement_unverified:ladbrokes; stake_capacity_unknown:ladbrokes; minimum_stake_unknown:ladbrokes; licence_review_not_valid_at_asof:tab; quote_stale:tab; settlement_unverified:tab; stake_capacity_unknown:tab; minimum_stake_unknown:tab; cross_book_timestamp_skew; no_positive_profit_after_costs,"[375.0, 625.0]"
92ca3205b278688dd1b24b07cac1e522e5df31d2a122e2c42dc3961eddabd803,provider_historical,Hawthorn Hawks v Sydney Swans,h2h,fixed_odds,rejected,False,-44.750000000000114,1000.0,-0.044750000000000116,not_a_live_quote_feed; outcome_coverage_unverified; outcome_evidence_missing; licence_review_not_valid_at_asof:ladbrokes; quote_stale:ladbrokes; settlement_unverified:ladbrokes; stake_capacity_unknown:ladbrokes; minimum_stake_unknown:ladbrokes; licence_review_not_valid_at_asof:pointsbetau; quote_stale:pointsbetau; settlement_unverified:pointsbetau; stake_capacity_unknown:pointsbetau; minimum_stake_unknown:pointsbetau; cross_book_timestamp_skew; no_positive_profit_after_costs,"[375.0, 625.0]"
019200bf020ba788174d8fbe8d94eb95770cd193b2d187057de884d993450ad7,provider_historical,Hawthorn Hawks v Sydney Swans,h2h,fixed_odds,rejected,False,-44.750000000000114,1000.0,-0.044750000000000116,not_a_live_quote_feed; outcome_coverage_unverified; outcome_evidence_missing; licence_review_not_valid_at_asof:ladbrokes; quote_stale:ladbrokes; settlement_unverified:ladbrokes; stake_capacity_unknown:ladbrokes; minimum_stake_unknown:ladbrokes; licence_review_not_valid_at_asof:neds; quote_stale:neds; settlement_unverified:neds; stake_capacity_unknown:neds; minimum_stake_unknown:neds; no_positive_profit_after_costs,"[375.0, 625.0]"
d8c980c62bf97df5f274e99542d866b23d3dc018c88521a06374b7d83ee48836,provider_historical,Hawthorn Hawks v Sydney Swans,h2h,fixed_odds,rejected,False,-56.56,999.99,-0.05656056560565606,not_a_live_quote_feed; outcome_coverage_unverified; outcome_evidence_missing; licence_review_not_valid_at_asof:neds; quote_stale:neds; settlement_unverified:neds; stake_capacity_unknown:neds; minimum_stake_unknown:neds; licence_review_not_valid_at_asof:sportsbet; quote_stale:sportsbet; settlement_unverified:sportsbet; stake_capacity_unknown:sportsbet; minimum_stake_unknown:sportsbet; no_positive_profit_after_costs,"[370.37, 629.62]"
3493ea2fc01f584e03054f9dac79655acc0e4f301f300f99da3f763c0748b8b5,provider_historical,Hawthorn Hawks v Sydney Swans,h2h,fixed_odds,rejected,False,-48.66700000000003,999.99,-0.048667486674866776,not_a_live_quote_feed; outcome_coverage_unverified; outcome_evidence_missing; licence_review_not_valid_at_asof:neds; quote_stale:neds; settlement_unverified:neds; stake_capacity_unknown:neds; minimum_stake_unknown:neds; operator_not_in_verified_allowlist:unibet; quote_stale:unibet; settlement_unverified:unibet; stake_capacity_unknown:unibet; minimum_stake_unknown:unibet; no_positive_profit_after_costs,"[373.46, 626.53]"
d981dd1573ccff7aa404e1bf51e4109ee0119c6dee6f36dc76a3fc3065e3c3a1,provider_historical,Hawthorn Hawks v Sydney Swans,h2h,fixed_odds,rejected,False,-44.750000000000114,1000.0,-0.044750000000000116,not_a_live_quote_feed; outcome_coverage_unverified; outcome_evidence_missing; licence_review_not_valid_at_asof:neds; quote_stale:neds; settlement_unverified:neds; stake_capacity_unknown:neds; minimum_stake_unknown:neds; licence_review_not_valid_at_asof:tab; quote_stale:tab; settlement_unverified:tab; stake_capacity_unknown:tab; minimum_stake_unknown:tab; cross_book_timestamp_skew; no_positive_profit_after_costs,"[375.0, 625.0]"
ab301ca9ff3febbc2b0843fcfa3ee221076bd9a38e01bbceb5a5bf5e7be7a7bd,provider_historical,Hawthorn Hawks v Sydney Swans,h2h,fixed_odds,rejected,False,-44.750000000000114,1000.0,-0.044750000000000116,not_a_live_quote_feed; outcome_coverage_unverified; outcome_evidence_missing; licence_review_not_valid_at_asof:neds; quote_stale:neds; settlement_unverified:neds; stake_capacity_unknown:neds; minimum_stake_unknown:neds; licence_review_not_valid_at_asof:pointsbetau; quote_stale:pointsbetau; settlement_unverified:pointsbetau; stake_capacity_unknown:pointsbetau; minimum_stake_unknown:pointsbetau; cross_book_timestamp_skew; no_positive_profit_after_costs,"[375.0, 625.0]"
c6d7bb9f58c0619011670b12e14dcca828c5a097f1958653ad149db82e91fcfa,provider_historical,Hawthorn Hawks v Sydney Swans,h2h,fixed_odds,rejected,False,-44.750000000000114,1000.0,-0.044750000000000116,not_a_live_quote_feed; outcome_coverage_unverified; outcome_evidence_missing; licence_review_not_valid_at_asof:neds; quote_stale:neds; settlement_unverified:neds; stake_capacity_unknown:neds; minimum_stake_unknown:neds; licence_review_not_valid_at_asof:ladbrokes; quote_stale:ladbrokes; settlement_unverified:ladbrokes; stake_capacity_unknown:ladbrokes; minimum_stake_unknown:ladbrokes; no_positive_profit_after_costs,"[375.0, 625.0]"
b834fdc2656488a62b25dd60a6f46f8f1b54a02c349030c9de1eb60b6be31988,provider_historical,Hawthorn Hawks v Sydney Swans,h2h,back_lay,rejected,False,-29.522400000000005,999.9956000000001,-0.02952252989913156,not_a_live_quote_feed; outcome_coverage_unverified; outcome_evidence_missing; licence_review_not_valid_at_asof:sportsbet; quote_stale:sportsbet; settlement_unverified:sportsbet; stake_capacity_unknown:sportsbet; minimum_stake_unknown:sportsbet; licence_review_not_valid_at_asof:betfair_ex_au; quote_stale:betfair_ex_au; settlement_unverified:betfair_ex_au; stake_capacity_unknown:betfair_ex_au; minimum_stake_unknown:betfair_ex_au; commission_unverified:betfair_ex_au; cross_book_timestamp_skew; no_positive_profit_after_costs,"[382.47, 376.54]"
653990a860bb936a9edc998bee0400c10e292de27d11804c72e57e887fe0a7cc,provider_historical,Hawthorn Hawks v Sydney Swans,h2h,back_lay,rejected,False,-57.79720000000009,999.9972,-0.05779736183261322,not_a_live_quote_feed; outcome_coverage_unverified; outcome_evidence_missing; licence_review_not_valid_at_asof:sportsbet; quote_stale:sportsbet; settlement_unverified:sportsbet; stake_capacity_unknown:sportsbet; minimum_stake_unknown:sportsbet; licence_review_not_valid_at_asof:betfair_ex_au; quote_stale:betfair_ex_au; settlement_unverified:betfair_ex_au; stake_capacity_unknown:betfair_ex_au; minimum_stake_unknown:betfair_ex_au; commission_unverified:betfair_ex_au; cross_book_timestamp_skew; no_positive_profit_after_costs,"[628.8, 608.52]"
d5d3e125cf6710ce2f56bd7f62f8e2a6b264829b1ad2451c45124d5d2a436295,provider_historical,Hawthorn Hawks v Sydney Swans,h2h,back_lay,rejected,False,-28.065999999999974,999.9840000000002,-0.028066449063184982,not_a_live_quote_feed; outcome_coverage_unverified; outcome_evidence_missing; operator_not_in_verified_allowlist:unibet; quote_stale:unibet; settlement_unverified:unibet; stake_capacity_unknown:unibet; minimum_stake_unknown:unibet; licence_review_not_valid_at_asof:betfair_ex_au; quote_stale:betfair_ex_au; settlement_unverified:betfair_ex_au; stake_capacity_unknown:betfair_ex_au; minimum_stake_unknown:betfair_ex_au; commission_unverified:betfair_ex_au; cross_book_timestamp_skew; no_positive_profit_after_costs,"[381.54, 377.1]"
408266e69e876c044d06c60d214d7c48f911ec9cc1828f3ad5ba08fd1e483b29,provider_historical,Hawthorn Hawks v Sydney Swans,h2h,back_lay,rejected,False,-49.92590000000007,999.9899000000001,-0.04992640425668306,not_a_live_quote_feed; outcome_coverage_unverified; outcome_evidence_missing; operator_not_in_verified_allowlist:unibet; quote_stale:unibet; settlement_unverified:unibet; stake_capacity_unknown:unibet; minimum_stake_unknown:unibet; licence_review_not_valid_at_asof:betfair_ex_au; quote_stale:betfair_ex_au; settlement_unverified:betfair_ex_au; stake_capacity_unknown:betfair_ex_au; minimum_stake_unknown:betfair_ex_au; commission_unverified:betfair_ex_au; cross_book_timestamp_skew; no_positive_profit_after_costs,"[625.7, 613.59]"
d15570ba3aa5c66ca563a9ab6228e14eb71b030665112e46197c7acb8a60e7d8,provider_historical,Hawthorn Hawks v Sydney Swans,h2h,back_lay,rejected,False,-35.43440000000004,999.9736,-0.03543533549285705,not_a_live_quote_feed; outcome_coverage_unverified; outcome_evidence_missing; licence_review_not_valid_at_asof:tab; quote_stale:tab; settlement_unverified:tab; stake_capacity_unknown:tab; minimum_stake_unknown:tab; licence_review_not_valid_at_asof:betfair_ex_au; quote_stale:betfair_ex_au; settlement_unverified:betfair_ex_au; stake_capacity_unknown:betfair_ex_au; minimum_stake_unknown:betfair_ex_au; commission_unverified:betfair_ex_au; no_positive_profit_after_costs,"[386.22, 374.24]"
867216764a71d14ea42ddeefef68cb8c2a9fcdd5d8916f9ed37f76bb1e2e8e03,provider_historical,Hawthorn Hawks v Sydney Swans,h2h,back_lay,rejected,False,-46.02230000000009,999.9871,-0.046022893695328755,not_a_live_quote_feed; outcome_coverage_unverified; outcome_evidence_missing; licence_review_not_valid_at_asof:tab; quote_stale:tab; settlement_unverified:tab; stake_capacity_unknown:tab; minimum_stake_unknown:tab; licence_review_not_valid_at_asof:betfair_ex_au; quote_stale:betfair_ex_au; settlement_unverified:betfair_ex_au; stake_capacity_unknown:betfair_ex_au; minimum_stake_unknown:betfair_ex_au; commission_unverified:betfair_ex_au; no_positive_profit_after_costs,"[624.16, 616.11]"
b6f9149f4c3f8aad0592c443c7a456f6ef1a5b3d3a30d5b600f8f9baa86ecde6,provider_historical,Hawthorn Hawks v Sydney Swans,h2h,back_lay,rejected,False,-35.43440000000004,999.9736,-0.03543533549285705,not_a_live_quote_feed; outcome_coverage_unverified; outcome_evidence_missing; licence_review_not_valid_at_asof:pointsbetau; quote_stale:pointsbetau; settlement_unverified:pointsbetau; stake_capacity_unknown:pointsbetau; minimum_stake_unknown:pointsbetau; licence_review_not_valid_at_asof:betfair_ex_au; quote_stale:betfair_ex_au; settlement_unverified:betfair_ex_au; stake_capacity_unknown:betfair_ex_au; minimum_stake_unknown:betfair_ex_au; commission_unverified:betfair_ex_au; cross_book_timestamp_skew; no_positive_profit_after_costs,"[386.22, 374.24]"
51d5b0ce11fde13ed7f7de5c9c24b2666a82f849c908cc9da4e858384cff03f3,provider_historical,Hawthorn Hawks v Sydney Swans,h2h,back_lay,rejected,False,-46.02230000000009,999.9871,-0.046022893695328755,not_a_live_quote_feed; outcome_coverage_unverified; outcome_evidence_missing; licence_review_not_valid_at_asof:pointsbetau; quote_stale:pointsbetau; settlement_unverified:pointsbetau; stake_capacity_unknown:pointsbetau; minimum_stake_unknown:pointsbetau; licence_review_not_valid_at_asof:betfair_ex_au; quote_stale:betfair_ex_au; settlement_unverified:betfair_ex_au; stake_capacity_unknown:betfair_ex_au; minimum_stake_unknown:betfair_ex_au; commission_unverified:betfair_ex_au; cross_book_timestamp_skew; no_positive_profit_after_costs,"[624.16, 616.11]"
b86e6b4e74c57af16217658eb2222500aedb48f235b7afcb12653065d0c432f6,provider_historical,Hawthorn Hawks v Sydney Swans,h2h,back_lay,rejected,False,-28.065999999999974,999.9840000000002,-0.028066449063184982,not_a_live_quote_feed; outcome_coverage_unverified; outcome_evidence_missing; licence_review_not_valid_at_asof:ladbrokes; quote_stale:ladbrokes; settlement_unverified:ladbrokes; stake_capacity_unknown:ladbrokes; minimum_stake_unknown:ladbrokes; licence_review_not_valid_at_asof:betfair_ex_au; quote_stale:betfair_ex_au; settlement_unverified:betfair_ex_au; stake_capacity_unknown:betfair_ex_au; minimum_stake_unknown:betfair_ex_au; commission_unverified:betfair_ex_au; cross_book_timestamp_skew; no_positive_profit_after_costs,"[381.54, 377.1]"
b25a630fe92f93768f6e5cbc7e354ec452712b21ef9b8db5f57601a727f0d775,provider_historical,Hawthorn Hawks v Sydney Swans,h2h,back_lay,rejected,False,-46.02230000000009,999.9871,-0.046022893695328755,not_a_live_quote_feed; outcome_coverage_unverified; outcome_evidence_missing; licence_review_not_valid_at_asof:ladbrokes; quote_stale:ladbrokes; settlement_unverified:ladbrokes; stake_capacity_unknown:ladbrokes; minimum_stake_unknown:ladbrokes; licence_review_not_valid_at_asof:betfair_ex_au; quote_stale:betfair_ex_au; settlement_unverified:betfair_ex_au; stake_capacity_unknown:betfair_ex_au; minimum_stake_unknown:betfair_ex_au; commission_unverified:betfair_ex_au; cross_book_timestamp_skew; no_positive_profit_after_costs,"[624.16, 616.11]"
e3e0295cfefaa524caaf0ee142c2eaa638f693e0999a1b0c8c1004f382cab4bf,provider_historical,Hawthorn Hawks v Sydney Swans,h2h,back_lay,rejected,False,-28.065999999999974,999.9840000000002,-0.028066449063184982,not_a_live_quote_feed; outcome_coverage_unverified; outcome_evidence_missing; licence_review_not_valid_at_asof:neds; quote_stale:neds; settlement_unverified:neds; stake_capacity_unknown:neds; minimum_stake_unknown:neds; licence_review_not_valid_at_asof:betfair_ex_au; quote_stale:betfair_ex_au; settlement_unverified:betfair_ex_au; stake_capacity_unknown:betfair_ex_au; minimum_stake_unknown:betfair_ex_au; commission_unverified:betfair_ex_au; cross_book_timestamp_skew; no_positive_profit_after_costs,"[381.54, 377.1]"
18ce0314b035d9dc5696253682267e96c7752bf82322e13057560c7989d0262d,provider_historical,Hawthorn Hawks v Sydney Swans,h2h,back_lay,rejected,False,-46.02230000000009,999.9871,-0.046022893695328755,not_a_live_quote_feed; outcome_coverage_unverified; outcome_evidence_missing; licence_review_not_valid_at_asof:neds; quote_stale:neds; settlement_unverified:neds; stake_capacity_unknown:neds; minimum_stake_unknown:neds; licence_review_not_valid_at_asof:betfair_ex_au; quote_stale:betfair_ex_au; settlement_unverified:betfair_ex_au; stake_capacity_unknown:betfair_ex_au; minimum_stake_unknown:betfair_ex_au; commission_unverified:betfair_ex_au; cross_book_timestamp_skew; no_positive_profit_after_costs,"[624.16, 616.11]"
c7378a238f801777ff5121fca94c8e5634454dfa94d739659954092bc722e00c,provider_historical,Essendon Bombers v Collingwood Magpies,h2h,fixed_odds,rejected,False,-50.74999999999994,999.99,-0.050750507505074996,not_a_live_quote_feed; outcome_coverage_unverified; outcome_evidence_missing; licence_review_not_valid_at_asof:sportsbet; quote_stale:sportsbet; settlement_unverified:sportsbet; stake_capacity_unknown:sportsbet; minimum_stake_unknown:sportsbet; operator_not_in_verified_allowlist:unibet; quote_stale:unibet; settlement_unverified:unibet; stake_capacity_unknown:unibet; minimum_stake_unknown:unibet; no_positive_profit_after_costs,"[406.09, 593.9]"
947130493de93c17c9bdf6e44033acc8a39a74185de86a40dd1dd4cb3fb1311f,provider_historical,Essendon Bombers v Collingwood Magpies,h2h,fixed_odds,rejected,False,-68.61700000000008,999.99,-0.06861768617686184,not_a_live_quote_feed; outcome_coverage_unverified; outcome_evidence_missing; licence_review_not_valid_at_asof:sportsbet; quote_stale:sportsbet; settlement_unverified:sportsbet; stake_capacity_unknown:sportsbet; minimum_stake_unknown:sportsbet; licence_review_not_valid_at_asof:tab; quote_stale:tab; settlement_unverified:tab; stake_capacity_unknown:tab; minimum_stake_unknown:tab; cross_book_timestamp_skew; no_positive_profit_after_costs,"[398.45, 601.54]"
ca1f07fe5aca1a8a97218fe2f60bc0ea9cfb15c88ae36f4a28a92fdf744ddc0b,provider_historical,Essendon Bombers v Collingwood Magpies,h2h,fixed_odds,rejected,False,-68.61700000000008,999.99,-0.06861768617686184,not_a_live_quote_feed; outcome_coverage_unverified; outcome_evidence_missing; licence_review_not_valid_at_asof:sportsbet; quote_stale:sportsbet; settlement_unverified:sportsbet; stake_capacity_unknown:sportsbet; minimum_stake_unknown:sportsbet; licence_review_not_valid_at_asof:pointsbetau; quote_stale:pointsbetau; settlement_unverified:pointsbetau; stake_capacity_unknown:pointsbetau; minimum_stake_unknown:pointsbetau; cross_book_timestamp_skew; no_positive_profit_after_costs,"[398.45, 601.54]"
8cd7d989b8e146b9a3346567801a9d3986e5d8cafb1edc88d83df2c768cbb3c7,provider_historical,Essendon Bombers v Collingwood Magpies,h2h,fixed_odds,rejected,False,-61.40980000000013,999.99,-0.06141041410414117,not_a_live_quote_feed; outcome_coverage_unverified; outcome_evidence_missing; licence_review_not_valid_at_asof:sportsbet; quote_stale:sportsbet; settlement_unverified:sportsbet; stake_capacity_unknown:sportsbet; minimum_stake_unknown:sportsbet; licence_review_not_valid_at_asof:ladbrokes; quote_stale:ladbrokes; settlement_unverified:ladbrokes; stake_capacity_unknown:ladbrokes; minimum_stake_unknown:ladbrokes; no_positive_profit_after_costs,"[401.53, 598.46]"
348f4b734c5e9c25d4c0ed383f7d4f4a79cd91807e06af697571e3853b7f09bb,provider_historical,Essendon Bombers v Collingwood Magpies,h2h,fixed_odds,rejected,False,-61.40980000000013,999.99,-0.06141041410414117,not_a_live_quote_feed; outcome_coverage_unverified; outcome_evidence_missing; licence_review_not_valid_at_asof:sportsbet; quote_stale:sportsbet; settlement_unverified:sportsbet; stake_capacity_unknown:sportsbet; minimum_stake_unknown:sportsbet; licence_review_not_valid_at_asof:neds; quote_stale:neds; settlement_unverified:neds; stake_capacity_unknown:neds; minimum_stake_unknown:neds; no_positive_profit_after_costs,"[401.53, 598.46]"
0b17a1d99ddf92600ba387a41dde7e90ca19dff61d38397fa014ef99bc90991a,provider_historical,Essendon Bombers v Collingwood Magpies,h2h,fixed_odds,rejected,False,-56.21950000000004,999.99,-0.05622006220062205,not_a_live_quote_feed; outcome_coverage_unverified; outcome_evidence_missing; operator_not_in_verified_allowlist:unibet; quote_stale:unibet; settlement_unverified:unibet; stake_capacity_unknown:unibet; minimum_stake_unknown:unibet; licence_review_not_valid_at_asof:sportsbet; quote_stale:sportsbet; settlement_unverified:sportsbet; stake_capacity_unknown:sportsbet; minimum_stake_unknown:sportsbet; no_positive_profit_after_costs,"[402.03, 597.96]"
1a1df301af0b9ea99dbaf860a10031d8052ef091eabd93d965704637b3388c68,provider_historical,Essendon Bombers v Collingwood Magpies,h2h,fixed_odds,rejected,False,-67.02949999999987,999.99,-0.06703017030170288,not_a_live_quote_feed; outcome_coverage_unverified; outcome_evidence_missing; operator_not_in_verified_allowlist:unibet; quote_stale:unibet; settlement_unverified:unibet; stake_capacity_unknown:unibet; minimum_stake_unknown:unibet; licence_review_not_valid_at_asof:tab; quote_stale:tab; settlement_unverified:tab; stake_capacity_unknown:tab; minimum_stake_unknown:tab; cross_book_timestamp_skew; no_positive_profit_after_costs,"[397.43, 602.56]"
bb7f6d547285a4b2b2f72c49179f9abc02d2011a80f4cf7d52fca677aa125b4a,provider_historical,Essendon Bombers v Collingwood Magpies,h2h,fixed_odds,rejected,False,-67.02949999999987,999.99,-0.06703017030170288,not_a_live_quote_feed; outcome_coverage_unverified; outcome_evidence_missing; operator_not_in_verified_allowlist:unibet; quote_stale:unibet; settlement_unverified:unibet; stake_capacity_unknown:unibet; minimum_stake_unknown:unibet; licence_review_not_valid_at_asof:pointsbetau; quote_stale:pointsbetau; settlement_unverified:pointsbetau; stake_capacity_unknown:pointsbetau; minimum_stake_unknown:pointsbetau; cross_book_timestamp_skew; no_positive_profit_after_costs,"[397.43, 602.56]"
b553236ccc1c67ef5315bc1489c2ba9aefa12982e1a7cf760f880b49907d2afd,provider_historical,Essendon Bombers v Collingwood Magpies,h2h,fixed_odds,rejected,False,-59.80639999999994,999.99,-0.05980699806998064,not_a_live_quote_feed; outcome_coverage_unverified; outcome_evidence_missing; operator_not_in_verified_allowlist:unibet; quote_stale:unibet; settlement_unverified:unibet; stake_capacity_unknown:unibet; minimum_stake_unknown:unibet; licence_review_not_valid_at_asof:ladbrokes; quote_stale:ladbrokes; settlement_unverified:ladbrokes; stake_capacity_unknown:ladbrokes; minimum_stake_unknown:ladbrokes; no_positive_profit_after_costs,"[400.51, 599.48]"
a5be5e97670ae2efdc8adb5089076c500b0bd1b7b01959e095f25603c2f02ced,provider_historical,Essendon Bombers v Collingwood Magpies,h2h,fixed_odds,rejected,False,-59.80639999999994,999.99,-0.05980699806998064,not_a_live_quote_feed; outcome_coverage_unverified; outcome_evidence_missing; operator_not_in_verified_allowlist:unibet; quote_stale:unibet; settlement_unverified:unibet; stake_capacity_unknown:unibet; minimum_stake_unknown:unibet; licence_review_not_valid_at_asof:neds; quote_stale:neds; settlement_unverified:neds; stake_capacity_unknown:neds; minimum_stake_unknown:neds; no_positive_profit_after_costs,"[400.51, 599.48]"
32b9c511c4a5f0efb9874398a793350cf9613eccfbfd6157e671f5955931f26e,provider_historical,Essendon Bombers v Collingwood Magpies,h2h,fixed_odds,rejected,False,-40.46749999999997,999.99,-0.04046790467904676,not_a_live_quote_feed; outcome_coverage_unverified; outcome_evidence_missing; licence_review_not_valid_at_asof:tab; quote_stale:tab; settlement_unverified:tab; stake_capacity_unknown:tab; minimum_stake_unknown:tab; licence_review_not_valid_at_asof:sportsbet; quote_stale:sportsbet; settlement_unverified:sportsbet; stake_capacity_unknown:sportsbet; minimum_stake_unknown:sportsbet; cross_book_timestamp_skew; no_positive_profit_after_costs,"[392.05, 607.94]"
ab4d3a50e8d54ba1177cef18058af51663040a6c1c352d4072328a9a3c465d74,provider_historical,Essendon Bombers v Collingwood Magpies,h2h,fixed_odds,rejected,False,-33.101999999999975,999.99,-0.03310233102331021,not_a_live_quote_feed; outcome_coverage_unverified; outcome_evidence_missing; licence_review_not_valid_at_asof:tab; quote_stale:tab; settlement_unverified:tab; stake_capacity_unknown:tab; minimum_stake_unknown:tab; operator_not_in_verified_allowlist:unibet; quote_stale:unibet; settlement_unverified:unibet; stake_capacity_unknown:unibet; minimum_stake_unknown:unibet; cross_book_timestamp_skew; no_positive_profit_after_costs,"[395.06, 604.93]"
e20723b257f5f4f4f0d46427678d17bd182b6acc92471983518cd8f78ebe513f,provider_historical,Essendon Bombers v Collingwood Magpies,h2h,fixed_odds,rejected,False,-51.625,1000.0,-0.051625,not_a_live_quote_feed; outcome_coverage_unverified; outcome_evidence_missing; licence_review_not_valid_at_asof:tab; quote_stale:tab; settlement_unverified:tab; stake_capacity_unknown:tab; minimum_stake_unknown:tab; licence_review_not_valid_at_asof:pointsbetau; quote_stale:pointsbetau; settlement_unverified:pointsbetau; stake_capacity_unknown:pointsbetau; minimum_stake_unknown:pointsbetau; cross_book_timestamp_skew; no_positive_profit_after_costs,"[387.5, 612.5]"
2ff7604ecef5232d5bd8ce81b316edd15f002c412057a8eb20bf76119f8b0e68,provider_historical,Essendon Bombers v Collingwood Magpies,h2h,fixed_odds,rejected,False,-44.166999999999916,999.99,-0.04416744167441666,not_a_live_quote_feed; outcome_coverage_unverified; outcome_evidence_missing; licence_review_not_valid_at_asof:tab; quote_stale:tab; settlement_unverified:tab; stake_capacity_unknown:tab; minimum_stake_unknown:tab; licence_review_not_valid_at_asof:ladbrokes; quote_stale:ladbrokes; settlement_unverified:ladbrokes; stake_capacity_unknown:ladbrokes; minimum_stake_unknown:ladbrokes; cross_book_timestamp_skew; no_positive_profit_after_costs,"[390.54, 609.45]"
abe1ed39ca548f598fa37cf50533eb5086fe644f221534843cb8ff8793017304,provider_historical,Essendon Bombers v Collingwood Magpies,h2h,fixed_odds,rejected,False,-44.166999999999916,999.99,-0.04416744167441666,not_a_live_quote_feed; outcome_coverage_unverified; outcome_evidence_missing; licence_review_not_valid_at_asof:tab; quote_stale:tab; settlement_unverified:tab; stake_capacity_unknown:tab; minimum_stake_unknown:tab; licence_review_not_valid_at_asof:neds; quote_stale:neds; settlement_unverified:neds; stake_capacity_unknown:neds; minimum_stake_unknown:neds; cross_book_timestamp_skew; no_positive_profit_after_costs,"[390.54, 609.45]"
1469b9fed53548ffef37bd891340eaa79285d615a9c2537b9388e9872d937682,provider_historical,Essendon Bombers v Collingwood Magpies,h2h,fixed_odds,rejected,False,-40.46749999999997,999.99,-0.04046790467904676,not_a_live_quote_feed; outcome_coverage_unverified; outcome_evidence_missing; licence_review_not_valid_at_asof:pointsbetau; quote_stale:pointsbetau; settlement_unverified:pointsbetau; stake_capacity_unknown:pointsbetau; minimum_stake_unknown:pointsbetau; licence_review_not_valid_at_asof:sportsbet; quote_stale:sportsbet; settlement_unverified:sportsbet; stake_capacity_unknown:sportsbet; minimum_stake_unknown:sportsbet; cross_book_timestamp_skew; no_positive_profit_after_costs,"[392.05, 607.94]"
1032ec9f0874b1e7fd0db3144d31acb9112681760a3b2cf8e43a5d3e62adc178,provider_historical,Essendon Bombers v Collingwood Magpies,h2h,fixed_odds,rejected,False,-33.101999999999975,999.99,-0.03310233102331021,not_a_live_quote_feed; outcome_coverage_unverified; outcome_evidence_missing; licence_review_not_valid_at_asof:pointsbetau; quote_stale:pointsbetau; settlement_unverified:pointsbetau; stake_capacity_unknown:pointsbetau; minimum_stake_unknown:pointsbetau; operator_not_in_verified_allowlist:unibet; quote_stale:unibet; settlement_unverified:unibet; stake_capacity_unknown:unibet; minimum_stake_unknown:unibet; cross_book_timestamp_skew; no_positive_profit_after_costs,"[395.06, 604.93]"
b3b172a021e5ca2831a983ff1ea642e668662e313612f4738c31b05b4cd10321,provider_historical,Essendon Bombers v Collingwood Magpies,h2h,fixed_odds,rejected,False,-51.625,1000.0,-0.051625,not_a_live_quote_feed; outcome_coverage_unverified; outcome_evidence_missing; licence_review_not_valid_at_asof:pointsbetau; quote_stale:pointsbetau; settlement_unverified:pointsbetau; stake_capacity_unknown:pointsbetau; minimum_stake_unknown:pointsbetau; licence_review_not_valid_at_asof:tab; quote_stale:tab; settlement_unverified:tab; stake_capacity_unknown:tab; minimum_stake_unknown:tab; cross_book_timestamp_skew; no_positive_profit_after_costs,"[387.5, 612.5]"
a6694422194918b9bddcd49e78d3713813029e954f07116079a416f58fe4cb38,provider_historical,Essendon Bombers v Collingwood Magpies,h2h,fixed_odds,rejected,False,-44.166999999999916,999.99,-0.04416744167441666,not_a_live_quote_feed; outcome_coverage_unverified; outcome_evidence_missing; licence_review_not_valid_at_asof:pointsbetau; quote_stale:pointsbetau; settlement_unverified:pointsbetau; stake_capacity_unknown:pointsbetau; minimum_stake_unknown:pointsbetau; licence_review_not_valid_at_asof:ladbrokes; quote_stale:ladbrokes; settlement_unverified:ladbrokes; stake_capacity_unknown:ladbrokes; minimum_stake_unknown:ladbrokes; cross_book_timestamp_skew; no_positive_profit_after_costs,"[390.54, 609.45]"
1454b5b18cbca17940b5c70af2be6d296604fb150562ca2d11830a5c0aa03c71,provider_historical,Essendon Bombers v Collingwood Magpies,h2h,fixed_odds,rejected,False,-44.166999999999916,999.99,-0.04416744167441666,not_a_live_quote_feed; outcome_coverage_unverified; outcome_evidence_missing; licence_review_not_valid_at_asof:pointsbetau; quote_stale:pointsbetau; settlement_unverified:pointsbetau; stake_capacity_unknown:pointsbetau; minimum_stake_unknown:pointsbetau; licence_review_not_valid_at_asof:neds; quote_stale:neds; settlement_unverified:neds; stake_capacity_unknown:neds; minimum_stake_unknown:neds; cross_book_timestamp_skew; no_positive_profit_after_costs,"[390.54, 609.45]"
5d8b803ac49cfd796442148ad9f91c42895276fd391292ca8986500756517168,provider_historical,Essendon Bombers v Collingwood Magpies,h2h,fixed_odds,rejected,False,-40.46749999999997,999.99,-0.04046790467904676,not_a_live_quote_feed; outcome_coverage_unverified; outcome_evidence_missing; licence_review_not_valid_at_asof:ladbrokes; quote_stale:ladbrokes; settlement_unverified:ladbrokes; stake_capacity_unknown:ladbrokes; minimum_stake_unknown:ladbrokes; licence_review_not_valid_at_asof:sportsbet; quote_stale:sportsbet; settlement_unverified:sportsbet; stake_capacity_unknown:sportsbet; minimum_stake_unknown:sportsbet; no_positive_profit_after_costs,"[392.05, 607.94]"
42b05b1b8a31bcb5f0fefb32f5ce53e8bbc4c4154942c3861c352e7b384efd51,provider_historical,Essendon Bombers v Collingwood Magpies,h2h,fixed_odds,rejected,False,-33.101999999999975,999.99,-0.03310233102331021,not_a_live_quote_feed; outcome_coverage_unverified; outcome_evidence_missing; licence_review_not_valid_at_asof:ladbrokes; quote_stale:ladbrokes; settlement_unverified:ladbrokes; stake_capacity_unknown:ladbrokes; minimum_stake_unknown:ladbrokes; operator_not_in_verified_allowlist:unibet; quote_stale:unibet; settlement_unverified:unibet; stake_capacity_unknown:unibet; minimum_stake_unknown:unibet; no_positive_profit_after_costs,"[395.06, 604.93]"
bb97dbedbabeb01a38ca8de271e3c9a9b32cbeda6b74cb0bf1b717a3e9fb2e27,provider_historical,Essendon Bombers v Collingwood Magpies,h2h,fixed_odds,rejected,False,-51.625,1000.0,-0.051625,not_a_live_quote_feed; outcome_coverage_unverified; outcome_evidence_missing; licence_review_not_valid_at_asof:ladbrokes; quote_stale:ladbrokes; settlement_unverified:ladbrokes; stake_capacity_unknown:ladbrokes; minimum_stake_unknown:ladbrokes; licence_review_not_valid_at_asof:tab; quote_stale:tab; settlement_unverified:tab; stake_capacity_unknown:tab; minimum_stake_unknown:tab; cross_book_timestamp_skew; no_positive_profit_after_costs,"[387.5, 612.5]"
60490e2eeb35a9ed97b98dc21d6e3168c8a0d6f7ae752ed293879d45be326e77,provider_historical,Essendon Bombers v Collingwood Magpies,h2h,fixed_odds,rejected,False,-51.625,1000.0,-0.051625,not_a_live_quote_feed; outcome_coverage_unverified; outcome_evidence_missing; licence_review_not_valid_at_asof:ladbrokes; quote_stale:ladbrokes; settlement_unverified:ladbrokes; stake_capacity_unknown:ladbrokes; minimum_stake_unknown:ladbrokes; licence_review_not_valid_at_asof:pointsbetau; quote_stale:pointsbetau; settlement_unverified:pointsbetau; stake_capacity_unknown:pointsbetau; minimum_stake_unknown:pointsbetau; cross_book_timestamp_skew; no_positive_profit_after_costs,"[387.5, 612.5]"
352fe93563eabbc1d8d0c27f4c7e606a6b7101364586785946b42c194a809eb5,provider_historical,Essendon Bombers v Collingwood Magpies,h2h,fixed_odds,rejected,False,-44.166999999999916,999.99,-0.04416744167441666,not_a_live_quote_feed; outcome_coverage_unverified; outcome_evidence_missing; licence_review_not_valid_at_asof:ladbrokes; quote_stale:ladbrokes; settlement_unverified:ladbrokes; stake_capacity_unknown:ladbrokes; minimum_stake_unknown:ladbrokes; licence_review_not_valid_at_asof:neds; quote_stale:neds; settlement_unverified:neds; stake_capacity_unknown:neds; minimum_stake_unknown:neds; no_positive_profit_after_costs,"[390.54, 609.45]"
6c669fc6f809362fec3150fd5b3bf26496652725e81fc4fad7e388d8220479d3,provider_historical,Essendon Bombers v Collingwood Magpies,h2h,fixed_odds,rejected,False,-40.46749999999997,999.99,-0.04046790467904676,not_a_live_quote_feed; outcome_coverage_unverified; outcome_evidence_missing; licence_review_not_valid_at_asof:neds; quote_stale:neds; settlement_unverified:neds; stake_capacity_unknown:neds; minimum_stake_unknown:neds; licence_review_not_valid_at_asof:sportsbet; quote_stale:sportsbet; settlement_unverified:sportsbet; stake_capacity_unknown:sportsbet; minimum_stake_unknown:sportsbet; no_positive_profit_after_costs,"[392.05, 607.94]"
0ad51557ffce2ed908ad608afc8875867c38ec1f671679436c3c74ca488d86a6,provider_historical,Essendon Bombers v Collingwood Magpies,h2h,fixed_odds,rejected,False,-33.101999999999975,999.99,-0.03310233102331021,not_a_live_quote_feed; outcome_coverage_unverified; outcome_evidence_missing; licence_review_not_valid_at_asof:neds; quote_stale:neds; settlement_unverified:neds; stake_capacity_unknown:neds; minimum_stake_unknown:neds; operator_not_in_verified_allowlist:unibet; quote_stale:unibet; settlement_unverified:unibet; stake_capacity_unknown:unibet; minimum_stake_unknown:unibet; no_positive_profit_after_costs,"[395.06, 604.93]"
654251c1bb8210438a3146e27b86a9d82d57a5ffb576e2d085c22e7079b1b2dd,provider_historical,Essendon Bombers v Collingwood Magpies,h2h,fixed_odds,rejected,False,-51.625,1000.0,-0.051625,not_a_live_quote_feed; outcome_coverage_unverified; outcome_evidence_missing; licence_review_not_valid_at_asof:neds; quote_stale:neds; settlement_unverified:neds; stake_capacity_unknown:neds; minimum_stake_unknown:neds; licence_review_not_valid_at_asof:tab; quote_stale:tab; settlement_unverified:tab; stake_capacity_unknown:tab; minimum_stake_unknown:tab; cross_book_timestamp_skew; no_positive_profit_after_costs,"[387.5, 612.5]"
55479efc9cd8bda61bd5e7d5ad7d4337a08908fe10a98a8e6671e8023a4347d5,provider_historical,Essendon Bombers v Collingwood Magpies,h2h,fixed_odds,rejected,False,-51.625,1000.0,-0.051625,not_a_live_quote_feed; outcome_coverage_unverified; outcome_evidence_missing; licence_review_not_valid_at_asof:neds; quote_stale:neds; settlement_unverified:neds; stake_capacity_unknown:neds; minimum_stake_unknown:neds; licence_review_not_valid_at_asof:pointsbetau; quote_stale:pointsbetau; settlement_unverified:pointsbetau; stake_capacity_unknown:pointsbetau; minimum_stake_unknown:pointsbetau; cross_book_timestamp_skew; no_positive_profit_after_costs,"[387.5, 612.5]"
4077012c0c096035da56a35ecdca8ed0eb2e0387aadcb3dc2408832feb9ed73a,provider_historical,Essendon Bombers v Collingwood Magpies,h2h,fixed_odds,rejected,False,-44.166999999999916,999.99,-0.04416744167441666,not_a_live_quote_feed; outcome_coverage_unverified; outcome_evidence_missing; licence_review_not_valid_at_asof:neds; quote_stale:neds; settlement_unverified:neds; stake_capacity_unknown:neds; minimum_stake_unknown:neds; licence_review_not_valid_at_asof:ladbrokes; quote_stale:ladbrokes; settlement_unverified:ladbrokes; stake_capacity_unknown:ladbrokes; minimum_stake_unknown:ladbrokes; no_positive_profit_after_costs,"[390.54, 609.45]"
552a1e69f3a8bc139e51a53baf8705e54ff897512f1ba278453f45d13b55eb68,provider_historical,Essendon Bombers v Collingwood Magpies,h2h,back_lay,rejected,False,-30.456000000000017,999.9868000000001,-0.030456402024506737,not_a_live_quote_feed; outcome_coverage_unverified; outcome_evidence_missing; licence_review_not_valid_at_asof:sportsbet; quote_stale:sportsbet; settlement_unverified:sportsbet; stake_capacity_unknown:sportsbet; minimum_stake_unknown:sportsbet; licence_review_not_valid_at_asof:betfair_ex_au; quote_stale:betfair_ex_au; settlement_unverified:betfair_ex_au; stake_capacity_unknown:betfair_ex_au; minimum_stake_unknown:betfair_ex_au; commission_unverified:betfair_ex_au; cross_book_timestamp_skew; no_positive_profit_after_costs,"[614.26, 622.14]"
4b91ffbb4638ab13b37da639c3d4105e244b7a0f864bb1cdc9648f30a7d0e840,provider_historical,Essendon Bombers v Collingwood Magpies,h2h,back_lay,rejected,False,-60.27659999999997,999.9704,-0.06027838424017348,not_a_live_quote_feed; outcome_coverage_unverified; outcome_evidence_missing; licence_review_not_valid_at_asof:sportsbet; quote_stale:sportsbet; settlement_unverified:sportsbet; stake_capacity_unknown:sportsbet; minimum_stake_unknown:sportsbet; licence_review_not_valid_at_asof:betfair_ex_au; quote_stale:betfair_ex_au; settlement_unverified:betfair_ex_au; stake_capacity_unknown:betfair_ex_au; minimum_stake_unknown:betfair_ex_au; commission_unverified:betfair_ex_au; cross_book_timestamp_skew; no_positive_profit_after_costs,"[402.01, 364.61]"
52641d399a093692ffe55c2b86460e627f66f1783a847c4720d5049db6281b47,provider_historical,Essendon Bombers v Collingwood Magpies,h2h,back_lay,rejected,False,-22.94699999999989,999.989,-0.022947252419776507,not_a_live_quote_feed; outcome_coverage_unverified; outcome_evidence_missing; operator_not_in_verified_allowlist:unibet; quote_stale:unibet; settlement_unverified:unibet; stake_capacity_unknown:unibet; minimum_stake_unknown:unibet; licence_review_not_valid_at_asof:betfair_ex_au; quote_stale:betfair_ex_au; settlement_unverified:betfair_ex_au; stake_capacity_unknown:betfair_ex_au; minimum_stake_unknown:betfair_ex_au; commission_unverified:betfair_ex_au; cross_book_timestamp_skew; no_positive_profit_after_costs,"[611.28, 626.95]"
dc4a5565bdb821938cab9d70f84119afd19abfefdfa63f631d93592855e6a7ab,provider_historical,Essendon Bombers v Collingwood Magpies,h2h,back_lay,rejected,False,-58.6644,999.9836,-0.05866536211193864,not_a_live_quote_feed; outcome_coverage_unverified; outcome_evidence_missing; operator_not_in_verified_allowlist:unibet; quote_stale:unibet; settlement_unverified:unibet; stake_capacity_unknown:unibet; minimum_stake_unknown:unibet; licence_review_not_valid_at_asof:betfair_ex_au; quote_stale:betfair_ex_au; settlement_unverified:betfair_ex_au; stake_capacity_unknown:betfair_ex_au; minimum_stake_unknown:betfair_ex_au; commission_unverified:betfair_ex_au; cross_book_timestamp_skew; no_positive_profit_after_costs,"[400.99, 365.24]"
2b24bab1b1692811036998d3511b34dcbca4b5f23adc324e3a9f1c634b98a940,provider_historical,Essendon Bombers v Collingwood Magpies,h2h,back_lay,rejected,False,-41.85979999999995,999.9946,-0.04186002604414059,not_a_live_quote_feed; outcome_coverage_unverified; outcome_evidence_missing; licence_review_not_valid_at_asof:tab; quote_stale:tab; settlement_unverified:tab; stake_capacity_unknown:tab; minimum_stake_unknown:tab; licence_review_not_valid_at_asof:betfair_ex_au; quote_stale:betfair_ex_au; settlement_unverified:betfair_ex_au; stake_capacity_unknown:betfair_ex_au; minimum_stake_unknown:betfair_ex_au; commission_unverified:betfair_ex_au; no_positive_profit_after_costs,"[618.8, 614.83]"
2fc861b75364599b9bc8a121e5e311cb45a4d1dc4f3758807da8f4d1e9a139bc,provider_historical,Essendon Bombers v Collingwood Magpies,h2h,back_lay,rejected,False,-42.98580000000004,999.9848000000001,-0.04298645339409163,not_a_live_quote_feed; outcome_coverage_unverified; outcome_evidence_missing; licence_review_not_valid_at_asof:tab; quote_stale:tab; settlement_unverified:tab; stake_capacity_unknown:tab; minimum_stake_unknown:tab; licence_review_not_valid_at_asof:betfair_ex_au; quote_stale:betfair_ex_au; settlement_unverified:betfair_ex_au; stake_capacity_unknown:betfair_ex_au; minimum_stake_unknown:betfair_ex_au; commission_unverified:betfair_ex_au; no_positive_profit_after_costs,"[391.02, 371.32]"
1a798d97528876fe43ea910704a0713f0419e3667bcaa3730976676edca40e2e,provider_historical,Essendon Bombers v Collingwood Magpies,h2h,back_lay,rejected,False,-41.85979999999995,999.9946,-0.04186002604414059,not_a_live_quote_feed; outcome_coverage_unverified; outcome_evidence_missing; licence_review_not_valid_at_asof:pointsbetau; quote_stale:pointsbetau; settlement_unverified:pointsbetau; stake_capacity_unknown:pointsbetau; minimum_stake_unknown:pointsbetau; licence_review_not_valid_at_asof:betfair_ex_au; quote_stale:betfair_ex_au; settlement_unverified:betfair_ex_au; stake_capacity_unknown:betfair_ex_au; minimum_stake_unknown:betfair_ex_au; commission_unverified:betfair_ex_au; cross_book_timestamp_skew; no_positive_profit_after_costs,"[618.8, 614.83]"
48c525279418dde254f8b2bb336412ad13cd9354274f2a30ac5ee603e3c0aed5,provider_historical,Essendon Bombers v Collingwood Magpies,h2h,back_lay,rejected,False,-42.98580000000004,999.9848000000001,-0.04298645339409163,not_a_live_quote_feed; outcome_coverage_unverified; outcome_evidence_missing; licence_review_not_valid_at_asof:pointsbetau; quote_stale:pointsbetau; settlement_unverified:pointsbetau; stake_capacity_unknown:pointsbetau; minimum_stake_unknown:pointsbetau; licence_review_not_valid_at_asof:betfair_ex_au; quote_stale:betfair_ex_au; settlement_unverified:betfair_ex_au; stake_capacity_unknown:betfair_ex_au; minimum_stake_unknown:betfair_ex_au; commission_unverified:betfair_ex_au; cross_book_timestamp_skew; no_positive_profit_after_costs,"[391.02, 371.32]"
6c953c6a92010a7c336141e922fea6322538cb33184a6ac59d706e0ea2987437,provider_historical,Essendon Bombers v Collingwood Magpies,h2h,back_lay,rejected,False,-34.23750000000007,999.9964,-0.034237623255443786,not_a_live_quote_feed; outcome_coverage_unverified; outcome_evidence_missing; licence_review_not_valid_at_asof:ladbrokes; quote_stale:ladbrokes; settlement_unverified:ladbrokes; stake_capacity_unknown:ladbrokes; minimum_stake_unknown:ladbrokes; licence_review_not_valid_at_asof:betfair_ex_au; quote_stale:betfair_ex_au; settlement_unverified:betfair_ex_au; stake_capacity_unknown:betfair_ex_au; minimum_stake_unknown:betfair_ex_au; commission_unverified:betfair_ex_au; cross_book_timestamp_skew; no_positive_profit_after_costs,"[615.77, 619.72]"
43ed8b23614d6e87d1ea4eccd6c05e00ed776308f108d8d099564db7c680ba51,provider_historical,Essendon Bombers v Collingwood Magpies,h2h,back_lay,rejected,False,-42.98580000000004,999.9848000000001,-0.04298645339409163,not_a_live_quote_feed; outcome_coverage_unverified; outcome_evidence_missing; licence_review_not_valid_at_asof:ladbrokes; quote_stale:ladbrokes; settlement_unverified:ladbrokes; stake_capacity_unknown:ladbrokes; minimum_stake_unknown:ladbrokes; licence_review_not_valid_at_asof:betfair_ex_au; quote_stale:betfair_ex_au; settlement_unverified:betfair_ex_au; stake_capacity_unknown:betfair_ex_au; minimum_stake_unknown:betfair_ex_au; commission_unverified:betfair_ex_au; cross_book_timestamp_skew; no_positive_profit_after_costs,"[391.02, 371.32]"
2b34684095938e02254409bc0f46abccb8ccb536963364abc214744ac0e60387,provider_historical,Essendon Bombers v Collingwood Magpies,h2h,back_lay,rejected,False,-34.23750000000007,999.9964,-0.034237623255443786,not_a_live_quote_feed; outcome_coverage_unverified; outcome_evidence_missing; licence_review_not_valid_at_asof:neds; quote_stale:neds; settlement_unverified:neds; stake_capacity_unknown:neds; minimum_stake_unknown:neds; licence_review_not_valid_at_asof:betfair_ex_au; quote_stale:betfair_ex_au; settlement_unverified:betfair_ex_au; stake_capacity_unknown:betfair_ex_au; minimum_stake_unknown:betfair_ex_au; commission_unverified:betfair_ex_au; cross_book_timestamp_skew; no_positive_profit_after_costs,"[615.77, 619.72]"
1dec993bd12b4f30c42355900b3a7e4fcd6fb3ef66686406f3f4f90e3e3b7af9,provider_historical,Essendon Bombers v Collingwood Magpies,h2h,back_lay,rejected,False,-42.98580000000004,999.9848000000001,-0.04298645339409163,not_a_live_quote_feed; outcome_coverage_unverified; outcome_evidence_missing; licence_review_not_valid_at_asof:neds; quote_stale:neds; settlement_unverified:neds; stake_capacity_unknown:neds; minimum_stake_unknown:neds; licence_review_not_valid_at_asof:betfair_ex_au; quote_stale:betfair_ex_au; settlement_unverified:betfair_ex_au; stake_capacity_unknown:betfair_ex_au; minimum_stake_unknown:betfair_ex_au; commission_unverified:betfair_ex_au; cross_book_timestamp_skew; no_positive_profit_after_costs,"[391.02, 371.32]"
d0f9e54d1fde63aa0bbbc3908d41b73b60a62f02875a0208f0ad7898c870ea4c,provider_historical,West Coast Eagles v Richmond Tigers,h2h,fixed_odds,rejected,False,-54.65079999999989,999.99,-0.054651346513465024,not_a_live_quote_feed; outcome_coverage_unverified; outcome_evidence_missing; operator_not_in_verified_allowlist:unibet; quote_stale:unibet; settlement_unverified:unibet; stake_capacity_unknown:unibet; minimum_stake_unknown:unibet; licence_review_not_valid_at_asof:tab; quote_stale:tab; settlement_unverified:tab; stake_capacity_unknown:tab; minimum_stake_unknown:tab; cross_book_timestamp_skew; no_positive_profit_after_costs,"[389.44, 610.55]"
f4590613e0c75647fdfc51c50d19a958e42935db35cb53032b01e93fd143b385,provider_historical,West Coast Eagles v Richmond Tigers,h2h,fixed_odds,rejected,False,-62.1361,999.99,-0.06213672136721367,not_a_live_quote_feed; outcome_coverage_unverified; outcome_evidence_missing; operator_not_in_verified_allowlist:unibet; quote_stale:unibet; settlement_unverified:unibet; stake_capacity_unknown:unibet; minimum_stake_unknown:unibet; licence_review_not_valid_at_asof:ladbrokes; quote_stale:ladbrokes; settlement_unverified:ladbrokes; stake_capacity_unknown:ladbrokes; minimum_stake_unknown:ladbrokes; no_positive_profit_after_costs,"[386.36, 613.63]"
91b3c1b369507ecababa07328f17f028d5dc04c8e99989e27b1bbfc0b9e7c2b8,provider_historical,West Coast Eagles v Richmond Tigers,h2h,fixed_odds,rejected,False,-62.1361,999.99,-0.06213672136721367,not_a_live_quote_feed; outcome_coverage_unverified; outcome_evidence_missing; operator_not_in_verified_allowlist:unibet; quote_stale:unibet; settlement_unverified:unibet; stake_capacity_unknown:unibet; minimum_stake_unknown:unibet; licence_review_not_valid_at_asof:neds; quote_stale:neds; settlement_unverified:neds; stake_capacity_unknown:neds; minimum_stake_unknown:neds; no_positive_profit_after_costs,"[386.36, 613.63]"
e4ccd9354fba36259fc7581ffdd7cdd2878c81358ef2b8110e642c4f56dbebf6,provider_historical,West Coast Eagles v Richmond Tigers,h2h,fixed_odds,rejected,False,-47.89099999999996,999.99,-0.04789147891478911,not_a_live_quote_feed; outcome_coverage_unverified; outcome_evidence_missing; licence_review_not_valid_at_asof:tab; quote_stale:tab; settlement_unverified:tab; stake_capacity_unknown:tab; minimum_stake_unknown:tab; operator_not_in_verified_allowlist:unibet; quote_stale:unibet; settlement_unverified:unibet; stake_capacity_unknown:unibet; minimum_stake_unknown:unibet; cross_book_timestamp_skew; no_positive_profit_after_costs,"[389.02, 610.97]"
4c9d830a79f1fffbed534a8bfce33e784d3d6e1520eff8f3efbe86be1584b81f,provider_historical,West Coast Eagles v Richmond Tigers,h2h,fixed_odds,rejected,False,-59.167899999999975,999.99,-0.05916849168491682,not_a_live_quote_feed; outcome_coverage_unverified; outcome_evidence_missing; licence_review_not_valid_at_asof:tab; quote_stale:tab; settlement_unverified:tab; stake_capacity_unknown:tab; minimum_stake_unknown:tab; licence_review_not_valid_at_asof:ladbrokes; quote_stale:ladbrokes; settlement_unverified:ladbrokes; stake_capacity_unknown:ladbrokes; minimum_stake_unknown:ladbrokes; cross_book_timestamp_skew; no_positive_profit_after_costs,"[384.42, 615.57]"
17ceba16efc2a2dd181f3486081ee497c25b889d5ddff82ae91ca2cd47a5e9c8,provider_historical,West Coast Eagles v Richmond Tigers,h2h,fixed_odds,rejected,False,-59.167899999999975,999.99,-0.05916849168491682,not_a_live_quote_feed; outcome_coverage_unverified; outcome_evidence_missing; licence_review_not_valid_at_asof:tab; quote_stale:tab; settlement_unverified:tab; stake_capacity_unknown:tab; minimum_stake_unknown:tab; licence_review_not_valid_at_asof:neds; quote_stale:neds; settlement_unverified:neds; stake_capacity_unknown:neds; minimum_stake_unknown:neds; cross_book_timestamp_skew; no_positive_profit_after_costs,"[384.42, 615.57]"
47a121001f32bb7b9ba66eb2901ed5a71a009b75d8ed9857c329075ae467f317,provider_historical,West Coast Eagles v Richmond Tigers,h2h,fixed_odds,rejected,False,-40.414999999999964,999.99,-0.040415404154041504,not_a_live_quote_feed; outcome_coverage_unverified; outcome_evidence_missing; licence_review_not_valid_at_asof:ladbrokes; quote_stale:ladbrokes; settlement_unverified:ladbrokes; stake_capacity_unknown:ladbrokes; minimum_stake_unknown:ladbrokes; operator_not_in_verified_allowlist:unibet; quote_stale:unibet; settlement_unverified:unibet; stake_capacity_unknown:unibet; minimum_stake_unknown:unibet; no_positive_profit_after_costs,"[384.23, 615.76]"
7ea861e6c1a72334c3970d5d51f2f98fd20baec20f33da2ddc4a2ee1aaee9070,provider_historical,West Coast Eagles v Richmond Tigers,h2h,fixed_odds,rejected,False,-44.21500000000003,999.99,-0.04421544215442157,not_a_live_quote_feed; outcome_coverage_unverified; outcome_evidence_missing; licence_review_not_valid_at_asof:ladbrokes; quote_stale:ladbrokes; settlement_unverified:ladbrokes; stake_capacity_unknown:ladbrokes; minimum_stake_unknown:ladbrokes; licence_review_not_valid_at_asof:tab; quote_stale:tab; settlement_unverified:tab; stake_capacity_unknown:tab; minimum_stake_unknown:tab; cross_book_timestamp_skew; no_positive_profit_after_costs,"[382.71, 617.28]"
83edc0ce84d02d7f8c07162b755bffccabe8c89e1d6f56e6b8a99dc64b2abfd6,provider_historical,West Coast Eagles v Richmond Tigers,h2h,fixed_odds,rejected,False,-51.86979999999994,999.99,-0.05187031870318697,not_a_live_quote_feed; outcome_coverage_unverified; outcome_evidence_missing; licence_review_not_valid_at_asof:ladbrokes; quote_stale:ladbrokes; settlement_unverified:ladbrokes; stake_capacity_unknown:ladbrokes; minimum_stake_unknown:ladbrokes; licence_review_not_valid_at_asof:neds; quote_stale:neds; settlement_unverified:neds; stake_capacity_unknown:neds; minimum_stake_unknown:neds; no_positive_profit_after_costs,"[379.65, 620.34]"
f4320bb640f18fed1031844dda83dc3471cd1117e577c975e7e95c64e9803955,provider_historical,West Coast Eagles v Richmond Tigers,h2h,fixed_odds,rejected,False,-40.414999999999964,999.99,-0.040415404154041504,not_a_live_quote_feed; outcome_coverage_unverified; outcome_evidence_missing; licence_review_not_valid_at_asof:neds; quote_stale:neds; settlement_unverified:neds; stake_capacity_unknown:neds; minimum_stake_unknown:neds; operator_not_in_verified_allowlist:unibet; quote_stale:unibet; settlement_unverified:unibet; stake_capacity_unknown:unibet; minimum_stake_unknown:unibet; no_positive_profit_after_costs,"[384.23, 615.76]"
dfaa8f8ef440f36e90d4c63a27de4479dc06906ba3a460cb78fa7c22d15eb454,provider_historical,West Coast Eagles v Richmond Tigers,h2h,fixed_odds,rejected,False,-44.21500000000003,999.99,-0.04421544215442157,not_a_live_quote_feed; outcome_coverage_unverified; outcome_evidence_missing; licence_review_not_valid_at_asof:neds; quote_stale:neds; settlement_unverified:neds; stake_capacity_unknown:neds; minimum_stake_unknown:neds; licence_review_not_valid_at_asof:tab; quote_stale:tab; settlement_unverified:tab; stake_capacity_unknown:tab; minimum_stake_unknown:tab; cross_book_timestamp_skew; no_positive_profit_after_costs,"[382.71, 617.28]"
678e04f2833c85f79ca2a1454ac129ffa81b8249a868057d468fa6185440cb34,provider_historical,West Coast Eagles v Richmond Tigers,h2h,fixed_odds,rejected,False,-51.86979999999994,999.99,-0.05187031870318697,not_a_live_quote_feed; outcome_coverage_unverified; outcome_evidence_missing; licence_review_not_valid_at_asof:neds; quote_stale:neds; settlement_unverified:neds; stake_capacity_unknown:neds; minimum_stake_unknown:neds; licence_review_not_valid_at_asof:ladbrokes; quote_stale:ladbrokes; settlement_unverified:ladbrokes; stake_capacity_unknown:ladbrokes; minimum_stake_unknown:ladbrokes; no_positive_profit_after_costs,"[379.65, 620.34]"
35d197dcecf5ad6a0d2b591fa55fa67aa0dd11cc3af47080d2614255913b4304,provider_historical,West Coast Eagles v Richmond Tigers,h2h,back_lay,rejected,False,-67.582,999.9870000000001,-0.0675828785774215,not_a_live_quote_feed; outcome_coverage_unverified; outcome_evidence_missing; operator_not_in_verified_allowlist:unibet; quote_stale:unibet; settlement_unverified:unibet; stake_capacity_unknown:unibet; minimum_stake_unknown:unibet; licence_review_not_valid_at_asof:betfair_ex_au; quote_stale:betfair_ex_au; settlement_unverified:betfair_ex_au; stake_capacity_unknown:betfair_ex_au; minimum_stake_unknown:betfair_ex_au; commission_unverified:betfair_ex_au; cross_book_timestamp_skew; no_positive_profit_after_costs,"[598.34, 565.7]"
7eedeb58fe786bcc8880dae6840df69a0f304e11ff017be5078fbeb90d9fa9a4,provider_historical,West Coast Eagles v Richmond Tigers,h2h,back_lay,rejected,False,-60.59739999999999,999.9803999999999,-0.060598587732319555,not_a_live_quote_feed; outcome_coverage_unverified; outcome_evidence_missing; operator_not_in_verified_allowlist:unibet; quote_stale:unibet; settlement_unverified:unibet; stake_capacity_unknown:unibet; minimum_stake_unknown:unibet; licence_review_not_valid_at_asof:betfair_ex_au; quote_stale:betfair_ex_au; settlement_unverified:betfair_ex_au; stake_capacity_unknown:betfair_ex_au; minimum_stake_unknown:betfair_ex_au; commission_unverified:betfair_ex_au; cross_book_timestamp_skew; no_positive_profit_after_costs,"[386.99, 348.29]"
5e7a6a4064403b31be2f763d7a06642322ebf19d84c6ab1cfbd543e2222fd435,provider_historical,West Coast Eagles v Richmond Tigers,h2h,back_lay,rejected,False,-71.17179999999996,999.9963,-0.07117206333663431,not_a_live_quote_feed; outcome_coverage_unverified; outcome_evidence_missing; licence_review_not_valid_at_asof:tab; quote_stale:tab; settlement_unverified:tab; stake_capacity_unknown:tab; minimum_stake_unknown:tab; licence_review_not_valid_at_asof:betfair_ex_au; quote_stale:betfair_ex_au; settlement_unverified:betfair_ex_au; stake_capacity_unknown:betfair_ex_au; minimum_stake_unknown:betfair_ex_au; commission_unverified:betfair_ex_au; no_positive_profit_after_costs,"[599.89, 563.53]"
66f85b299584d5ff20c68fd561c5357c628ad542679efee6ddba2f8bc45f0c55,provider_historical,West Coast Eagles v Richmond Tigers,h2h,back_lay,rejected,False,-57.62149999999974,999.9939999999999,-0.05762184573107413,not_a_live_quote_feed; outcome_coverage_unverified; outcome_evidence_missing; licence_review_not_valid_at_asof:tab; quote_stale:tab; settlement_unverified:tab; stake_capacity_unknown:tab; minimum_stake_unknown:tab; licence_review_not_valid_at_asof:betfair_ex_au; quote_stale:betfair_ex_au; settlement_unverified:betfair_ex_au; stake_capacity_unknown:betfair_ex_au; minimum_stake_unknown:betfair_ex_au; commission_unverified:betfair_ex_au; no_positive_profit_after_costs,"[385.05, 349.4]"
b119c9ec2ba24d135b123b66d2f7ba3d5feba950a69c93fa214edf8c5cc2af92,provider_historical,West Coast Eagles v Richmond Tigers,h2h,back_lay,rejected,False,-78.40649999999994,999.9965,-0.07840677442371043,not_a_live_quote_feed; outcome_coverage_unverified; outcome_evidence_missing; licence_review_not_valid_at_asof:ladbrokes; quote_stale:ladbrokes; settlement_unverified:ladbrokes; stake_capacity_unknown:ladbrokes; minimum_stake_unknown:ladbrokes; licence_review_not_valid_at_asof:betfair_ex_au; quote_stale:betfair_ex_au; settlement_unverified:betfair_ex_au; stake_capacity_unknown:betfair_ex_au; minimum_stake_unknown:betfair_ex_au; commission_unverified:betfair_ex_au; cross_book_timestamp_skew; no_positive_profit_after_costs,"[603.0, 559.15]"
3338e9b2b6cc93e4de40ade389f44eaaeaa7ec722c3859a3208c5c052cb5e46c,provider_historical,West Coast Eagles v Richmond Tigers,h2h,back_lay,rejected,False,-50.296599999999955,999.9935999999999,-0.05029692190030012,not_a_live_quote_feed; outcome_coverage_unverified; outcome_evidence_missing; licence_review_not_valid_at_asof:ladbrokes; quote_stale:ladbrokes; settlement_unverified:ladbrokes; stake_capacity_unknown:ladbrokes; minimum_stake_unknown:ladbrokes; licence_review_not_valid_at_asof:betfair_ex_au; quote_stale:betfair_ex_au; settlement_unverified:betfair_ex_au; stake_capacity_unknown:betfair_ex_au; minimum_stake_unknown:betfair_ex_au; commission_unverified:betfair_ex_au; cross_book_timestamp_skew; no_positive_profit_after_costs,"[380.28, 352.11]"
bf10b8a2e214e4fad832e95aac66f9a55a31bca72578d1785eb8e2abefcdeb10,provider_historical,West Coast Eagles v Richmond Tigers,h2h,back_lay,rejected,False,-78.40649999999994,999.9965,-0.07840677442371043,not_a_live_quote_feed; outcome_coverage_unverified; outcome_evidence_missing; licence_review_not_valid_at_asof:neds; quote_stale:neds; settlement_unverified:neds; stake_capacity_unknown:neds; minimum_stake_unknown:neds; licence_review_not_valid_at_asof:betfair_ex_au; quote_stale:betfair_ex_au; settlement_unverified:betfair_ex_au; stake_capacity_unknown:betfair_ex_au; minimum_stake_unknown:betfair_ex_au; commission_unverified:betfair_ex_au; cross_book_timestamp_skew; no_positive_profit_after_costs,"[603.0, 559.15]"
9423d53f5b537d67934af368ba3f6169b5db1480019091dbeb681791c09702a6,provider_historical,West Coast Eagles v Richmond Tigers,h2h,back_lay,rejected,False,-50.296599999999955,999.9935999999999,-0.05029692190030012,not_a_live_quote_feed; outcome_coverage_unverified; outcome_evidence_missing; licence_review_not_valid_at_asof:neds; quote_stale:neds; settlement_unverified:neds; stake_capacity_unknown:neds; minimum_stake_unknown:neds; licence_review_not_valid_at_asof:betfair_ex_au; quote_stale:betfair_ex_au; settlement_unverified:betfair_ex_au; stake_capacity_unknown:betfair_ex_au; minimum_stake_unknown:betfair_ex_au; commission_unverified:betfair_ex_au; cross_book_timestamp_skew; no_positive_profit_after_costs,"[380.28, 352.11]"
b35384932bc6c8b12db1af89e880111d3cffa981fb2adae1f75c1a3980367c6d,provider_historical,Adelaide Crows v Greater Western Sydney Giants,h2h,fixed_odds,rejected,False,-21.25649999999996,999.99,-0.02125671256712563,not_a_live_quote_feed; outcome_coverage_unverified; outcome_evidence_missing; operator_not_in_verified_allowlist:unibet; quote_stale:unibet; settlement_unverified:unibet; stake_capacity_unknown:unibet; minimum_stake_unknown:unibet; licence_review_not_valid_at_asof:ladbrokes; quote_stale:ladbrokes; settlement_unverified:ladbrokes; stake_capacity_unknown:ladbrokes; minimum_stake_unknown:ladbrokes; no_positive_profit_after_costs,"[544.3, 455.69]"
c403f86854c38c3ea88217143573c941308cbe91730799db8968f5b6c9bea3d2,provider_historical,Adelaide Crows v Greater Western Sydney Giants,h2h,fixed_odds,rejected,False,-21.25649999999996,999.99,-0.02125671256712563,not_a_live_quote_feed; outcome_coverage_unverified; outcome_evidence_missing; operator_not_in_verified_allowlist:unibet; quote_stale:unibet; settlement_unverified:unibet; stake_capacity_unknown:unibet; minimum_stake_unknown:unibet; licence_review_not_valid_at_asof:neds; quote_stale:neds; settlement_unverified:neds; stake_capacity_unknown:neds; minimum_stake_unknown:neds; no_positive_profit_after_costs,"[544.3, 455.69]"
4e3376ed8e30b377ff1105e0ac89535eb8d034cffccd7fa27f1ab6629b720cf9,provider_historical,Adelaide Crows v Greater Western Sydney Giants,h2h,fixed_odds,rejected,False,-53.632000000000005,999.99,-0.05363253632536326,not_a_live_quote_feed; outcome_coverage_unverified; outcome_evidence_missing; operator_not_in_verified_allowlist:unibet; quote_stale:unibet; settlement_unverified:unibet; stake_capacity_unknown:unibet; minimum_stake_unknown:unibet; licence_review_not_valid_at_asof:tab; quote_stale:tab; settlement_unverified:tab; stake_capacity_unknown:tab; minimum_stake_unknown:tab; cross_book_timestamp_skew; no_positive_profit_after_costs,"[526.31, 473.68]"
af938c62b0c3a7cd48c874a7932f2dfd114fab8db80ab35a0ec8178c52763c82,provider_historical,Adelaide Crows v Greater Western Sydney Giants,h2h,fixed_odds,rejected,False,-69.10820000000001,999.99,-0.0691088910889109,not_a_live_quote_feed; outcome_coverage_unverified; outcome_evidence_missing; licence_review_not_valid_at_asof:ladbrokes; quote_stale:ladbrokes; settlement_unverified:ladbrokes; stake_capacity_unknown:ladbrokes; minimum_stake_unknown:ladbrokes; operator_not_in_verified_allowlist:unibet; quote_stale:unibet; settlement_unverified:unibet; stake_capacity_unknown:unibet; minimum_stake_unknown:unibet; no_positive_profit_after_costs,"[538.66, 461.33]"
89c834464a3c0595262190242cbb338700c8a31f8cb6471a5f2bf7a24da15c95,provider_historical,Adelaide Crows v Greater Western Sydney Giants,h2h,fixed_odds,rejected,False,-42.369500000000016,999.99,-0.042369923699237005,not_a_live_quote_feed; outcome_coverage_unverified; outcome_evidence_missing; licence_review_not_valid_at_asof:ladbrokes; quote_stale:ladbrokes; settlement_unverified:ladbrokes; stake_capacity_unknown:ladbrokes; minimum_stake_unknown:ladbrokes; licence_review_not_valid_at_asof:neds; quote_stale:neds; settlement_unverified:neds; stake_capacity_unknown:neds; minimum_stake_unknown:neds; no_positive_profit_after_costs,"[554.12, 445.87]"
37e284667104ca9cc7faae8f1c099e61ef225559c5a9583f58b5a1c790af7d5d,provider_historical,Adelaide Crows v Greater Western Sydney Giants,h2h,fixed_odds,rejected,False,-73.39000000000004,999.99,-0.07339073390733912,not_a_live_quote_feed; outcome_coverage_unverified; outcome_evidence_missing; licence_review_not_valid_at_asof:ladbrokes; quote_stale:ladbrokes; settlement_unverified:ladbrokes; stake_capacity_unknown:ladbrokes; minimum_stake_unknown:ladbrokes; licence_review_not_valid_at_asof:tab; quote_stale:tab; settlement_unverified:tab; stake_capacity_unknown:tab; minimum_stake_unknown:tab; cross_book_timestamp_skew; no_positive_profit_after_costs,"[536.19, 463.8]"
aa7faa84270671e2f979c49d166aed2923c68ec23259f9e16732f0aae7846681,provider_historical,Adelaide Crows v Greater Western Sydney Giants,h2h,fixed_odds,rejected,False,-69.10820000000001,999.99,-0.0691088910889109,not_a_live_quote_feed; outcome_coverage_unverified; outcome_evidence_missing; licence_review_not_valid_at_asof:neds; quote_stale:neds; settlement_unverified:neds; stake_capacity_unknown:neds; minimum_stake_unknown:neds; operator_not_in_verified_allowlist:unibet; quote_stale:unibet; settlement_unverified:unibet; stake_capacity_unknown:unibet; minimum_stake_unknown:unibet; no_positive_profit_after_costs,"[538.66, 461.33]"
387a205d277c04f76fde32db1ee4cc947a2042d517208f1f487a78a8660f0152,provider_historical,Adelaide Crows v Greater Western Sydney Giants,h2h,fixed_odds,rejected,False,-42.369500000000016,999.99,-0.042369923699237005,not_a_live_quote_feed; outcome_coverage_unverified; outcome_evidence_missing; licence_review_not_valid_at_asof:neds; quote_stale:neds; settlement_unverified:neds; stake_capacity_unknown:neds; minimum_stake_unknown:neds; licence_review_not_valid_at_asof:ladbrokes; quote_stale:ladbrokes; settlement_unverified:ladbrokes; stake_capacity_unknown:ladbrokes; minimum_stake_unknown:ladbrokes; no_positive_profit_after_costs,"[554.12, 445.87]"
d22316c74cafbc99913111c8d7bea669fe2fc7e95240020ce883e2e371057850,provider_historical,Adelaide Crows v Greater Western Sydney Giants,h2h,fixed_odds,rejected,False,-73.39000000000004,999.99,-0.07339073390733912,not_a_live_quote_feed; outcome_coverage_unverified; outcome_evidence_missing; licence_review_not_valid_at_asof:neds; quote_stale:neds; settlement_unverified:neds; stake_capacity_unknown:neds; minimum_stake_unknown:neds; licence_review_not_valid_at_asof:tab; quote_stale:tab; settlement_unverified:tab; stake_capacity_unknown:tab; minimum_stake_unknown:tab; cross_book_timestamp_skew; no_positive_profit_after_costs,"[536.19, 463.8]"
04ee0e7a80abe9213f74569cb04bcdca591a37ebde6a052e1c760c2f49920f32,provider_historical,Adelaide Crows v Greater Western Sydney Giants,h2h,fixed_odds,rejected,False,-49.168000000000006,999.99,-0.049168491684916854,not_a_live_quote_feed; outcome_coverage_unverified; outcome_evidence_missing; licence_review_not_valid_at_asof:tab; quote_stale:tab; settlement_unverified:tab; stake_capacity_unknown:tab; minimum_stake_unknown:tab; operator_not_in_verified_allowlist:unibet; quote_stale:unibet; settlement_unverified:unibet; stake_capacity_unknown:unibet; minimum_stake_unknown:unibet; cross_book_timestamp_skew; no_positive_profit_after_costs,"[528.79, 471.2]"
d1bef1e236e555db2a64761fdee422c0884773a4585c25d8d4f73c6f3f53f946,provider_historical,Adelaide Crows v Greater Western Sydney Giants,h2h,fixed_odds,rejected,False,-21.25649999999996,999.99,-0.02125671256712563,not_a_live_quote_feed; outcome_coverage_unverified; outcome_evidence_missing; licence_review_not_valid_at_asof:tab; quote_stale:tab; settlement_unverified:tab; stake_capacity_unknown:tab; minimum_stake_unknown:tab; licence_review_not_valid_at_asof:ladbrokes; quote_stale:ladbrokes; settlement_unverified:ladbrokes; stake_capacity_unknown:ladbrokes; minimum_stake_unknown:ladbrokes; cross_book_timestamp_skew; no_positive_profit_after_costs,"[544.3, 455.69]"
da3d7129a95bfb9e803bdbdadde9309e28e74d53948830ae3b51a2e3198bf0ce,provider_historical,Adelaide Crows v Greater Western Sydney Giants,h2h,fixed_odds,rejected,False,-21.25649999999996,999.99,-0.02125671256712563,not_a_live_quote_feed; outcome_coverage_unverified; outcome_evidence_missing; licence_review_not_valid_at_asof:tab; quote_stale:tab; settlement_unverified:tab; stake_capacity_unknown:tab; minimum_stake_unknown:tab; licence_review_not_valid_at_asof:neds; quote_stale:neds; settlement_unverified:neds; stake_capacity_unknown:neds; minimum_stake_unknown:neds; cross_book_timestamp_skew; no_positive_profit_after_costs,"[544.3, 455.69]"
3a39bf94e0f2e1975372ee9660d793fc0e6bf4219097b235979a325ced2e39f9,provider_historical,Adelaide Crows v Greater Western Sydney Giants,h2h,back_lay,rejected,False,-43.77499999999998,999.997,-0.04377513132539396,not_a_live_quote_feed; outcome_coverage_unverified; outcome_evidence_missing; operator_not_in_verified_allowlist:unibet; quote_stale:unibet; settlement_unverified:unibet; stake_capacity_unknown:unibet; minimum_stake_unknown:unibet; licence_review_not_valid_at_asof:betfair_ex_au; quote_stale:betfair_ex_au; settlement_unverified:betfair_ex_au; stake_capacity_unknown:betfair_ex_au; minimum_stake_unknown:betfair_ex_au; commission_unverified:betfair_ex_au; cross_book_timestamp_skew; no_positive_profit_after_costs,"[531.79, 520.23]"
ab36a1f24a5a2211cecb386bd912d0598c3c76084a18d3769ca7e7fa4921c463,provider_historical,Adelaide Crows v Greater Western Sydney Giants,h2h,back_lay,rejected,False,-86.37159999999994,999.9839999999999,-0.08637298196771144,not_a_live_quote_feed; outcome_coverage_unverified; outcome_evidence_missing; operator_not_in_verified_allowlist:unibet; quote_stale:unibet; settlement_unverified:unibet; stake_capacity_unknown:unibet; minimum_stake_unknown:unibet; licence_review_not_valid_at_asof:betfair_ex_au; quote_stale:betfair_ex_au; settlement_unverified:betfair_ex_au; stake_capacity_unknown:betfair_ex_au; minimum_stake_unknown:betfair_ex_au; commission_unverified:betfair_ex_au; cross_book_timestamp_skew; no_positive_profit_after_costs,"[452.78, 390.86]"
59665c36b8eba4282c268517653a659738ad8a7f01b4494b840d7d50cd361ad5,provider_historical,Adelaide Crows v Greater Western Sydney Giants,h2h,back_lay,rejected,False,-63.938499999999976,999.9929999999999,-0.06393894757263299,not_a_live_quote_feed; outcome_coverage_unverified; outcome_evidence_missing; licence_review_not_valid_at_asof:ladbrokes; quote_stale:ladbrokes; settlement_unverified:ladbrokes; stake_capacity_unknown:ladbrokes; minimum_stake_unknown:ladbrokes; licence_review_not_valid_at_asof:betfair_ex_au; quote_stale:betfair_ex_au; settlement_unverified:betfair_ex_au; stake_capacity_unknown:betfair_ex_au; minimum_stake_unknown:betfair_ex_au; commission_unverified:betfair_ex_au; cross_book_timestamp_skew; no_positive_profit_after_costs,"[541.65, 509.27]"
bfe08855b991534988ad617f7426d962ff8efa211f977130ca0dc9547ce6ac1c,provider_historical,Adelaide Crows v Greater Western Sydney Giants,h2h,back_lay,rejected,False,-60.63099999999997,999.9979999999999,-0.0606311212622425,not_a_live_quote_feed; outcome_coverage_unverified; outcome_evidence_missing; licence_review_not_valid_at_asof:ladbrokes; quote_stale:ladbrokes; settlement_unverified:ladbrokes; stake_capacity_unknown:ladbrokes; minimum_stake_unknown:ladbrokes; licence_review_not_valid_at_asof:betfair_ex_au; quote_stale:betfair_ex_au; settlement_unverified:betfair_ex_au; stake_capacity_unknown:betfair_ex_au; minimum_stake_unknown:betfair_ex_au; commission_unverified:betfair_ex_au; cross_book_timestamp_skew; no_positive_profit_after_costs,"[437.38, 401.87]"
dac9adb95f203c75aa1d601d299be52b7bde409c4791bede89112380600d5a29,provider_historical,Adelaide Crows v Greater Western Sydney Giants,h2h,back_lay,rejected,False,-63.938499999999976,999.9929999999999,-0.06393894757263299,not_a_live_quote_feed; outcome_coverage_unverified; outcome_evidence_missing; licence_review_not_valid_at_asof:neds; quote_stale:neds; settlement_unverified:neds; stake_capacity_unknown:neds; minimum_stake_unknown:neds; licence_review_not_valid_at_asof:betfair_ex_au; quote_stale:betfair_ex_au; settlement_unverified:betfair_ex_au; stake_capacity_unknown:betfair_ex_au; minimum_stake_unknown:betfair_ex_au; commission_unverified:betfair_ex_au; cross_book_timestamp_skew; no_positive_profit_after_costs,"[541.65, 509.27]"
c63ac183c598cc36c067ab7a6448a2aee79af7b77a2d0d527a480b4d58dd1a97,provider_historical,Adelaide Crows v Greater Western Sydney Giants,h2h,back_lay,rejected,False,-60.63099999999997,999.9979999999999,-0.0606311212622425,not_a_live_quote_feed; outcome_coverage_unverified; outcome_evidence_missing; licence_review_not_valid_at_asof:neds; quote_stale:neds; settlement_unverified:neds; stake_capacity_unknown:neds; minimum_stake_unknown:neds; licence_review_not_valid_at_asof:betfair_ex_au; quote_stale:betfair_ex_au; settlement_unverified:betfair_ex_au; stake_capacity_unknown:betfair_ex_au; minimum_stake_unknown:betfair_ex_au; commission_unverified:betfair_ex_au; cross_book_timestamp_skew; no_positive_profit_after_costs,"[437.38, 401.87]"
8467deaf2d14ff6c5aa5af512a724508108b898aed6a874ce72436f15e33010c,provider_historical,Adelaide Crows v Greater Western Sydney Giants,h2h,back_lay,rejected,False,-43.77499999999998,999.997,-0.04377513132539396,not_a_live_quote_feed; outcome_coverage_unverified; outcome_evidence_missing; licence_review_not_valid_at_asof:tab; quote_stale:tab; settlement_unverified:tab; stake_capacity_unknown:tab; minimum_stake_unknown:tab; licence_review_not_valid_at_asof:betfair_ex_au; quote_stale:betfair_ex_au; settlement_unverified:betfair_ex_au; stake_capacity_unknown:betfair_ex_au; minimum_stake_unknown:betfair_ex_au; commission_unverified:betfair_ex_au; no_positive_profit_after_costs,"[531.79, 520.23]"
44c964f0b5540f9ec215de4a32d167b5356a7021bd6df3cb8063206647d23de0,provider_historical,Adelaide Crows v Greater Western Sydney Giants,h2h,back_lay,rejected,False,-90.49599999999998,999.99,-0.09049690496904968,not_a_live_quote_feed; outcome_coverage_unverified; outcome_evidence_missing; licence_review_not_valid_at_asof:tab; quote_stale:tab; settlement_unverified:tab; stake_capacity_unknown:tab; minimum_stake_unknown:tab; licence_review_not_valid_at_asof:betfair_ex_au; quote_stale:betfair_ex_au; settlement_unverified:betfair_ex_au; stake_capacity_unknown:betfair_ex_au; minimum_stake_unknown:betfair_ex_au; commission_unverified:betfair_ex_au; no_positive_profit_after_costs,"[455.25, 389.1]"
0fe4bbe805891de0baa39e57118d13ca6d62dd85e18a73a14147d23a7691aae6,provider_historical,Geelong Cats v Fremantle Dockers,h2h,fixed_odds,rejected,False,-36.55800000000005,999.99,-0.03655836558365588,not_a_live_quote_feed; outcome_coverage_unverified; outcome_evidence_missing; operator_not_in_verified_allowlist:unibet; quote_stale:unibet; settlement_unverified:unibet; stake_capacity_unknown:unibet; minimum_stake_unknown:unibet; licence_review_not_valid_at_asof:tab; quote_stale:tab; settlement_unverified:tab; stake_capacity_unknown:tab; minimum_stake_unknown:tab; cross_book_timestamp_skew; no_positive_profit_after_costs,"[688.88, 311.11]"
86bde686ec07f19628d9b7282e559843469aea888d180751e2775dd03948e52e,provider_historical,Geelong Cats v Fremantle Dockers,h2h,fixed_odds,rejected,False,-56.81600000000003,999.99,-0.05681656816568169,not_a_live_quote_feed; outcome_coverage_unverified; outcome_evidence_missing; operator_not_in_verified_allowlist:unibet; quote_stale:unibet; settlement_unverified:unibet; stake_capacity_unknown:unibet; minimum_stake_unknown:unibet; licence_review_not_valid_at_asof:ladbrokes; quote_stale:ladbrokes; settlement_unverified:ladbrokes; stake_capacity_unknown:ladbrokes; minimum_stake_unknown:ladbrokes; no_positive_profit_after_costs,"[674.41, 325.58]"
1ac8b2d88293263cd7ffe0164703fc59a692895b45c0c8daee6a5799362cff35,provider_historical,Geelong Cats v Fremantle Dockers,h2h,fixed_odds,rejected,False,-56.81600000000003,999.99,-0.05681656816568169,not_a_live_quote_feed; outcome_coverage_unverified; outcome_evidence_missing; operator_not_in_verified_allowlist:unibet; quote_stale:unibet; settlement_unverified:unibet; stake_capacity_unknown:unibet; minimum_stake_unknown:unibet; licence_review_not_valid_at_asof:neds; quote_stale:neds; settlement_unverified:neds; stake_capacity_unknown:neds; minimum_stake_unknown:neds; no_positive_profit_after_costs,"[674.41, 325.58]"
5659fb28818d7e98421f901d1fe704fdabd0d28dfa5f58a0f2ae331d53b9971b,provider_historical,Geelong Cats v Fremantle Dockers,h2h,fixed_odds,rejected,False,-65.48599999999999,999.99,-0.06548665486654866,not_a_live_quote_feed; outcome_coverage_unverified; outcome_evidence_missing; licence_review_not_valid_at_asof:tab; quote_stale:tab; settlement_unverified:tab; stake_capacity_unknown:tab; minimum_stake_unknown:tab; operator_not_in_verified_allowlist:unibet; quote_stale:unibet; settlement_unverified:unibet; stake_capacity_unknown:unibet; minimum_stake_unknown:unibet; cross_book_timestamp_skew; no_positive_profit_after_costs,"[682.87, 317.12]"
40151a33987387f062c439596ecca4374f653ee57e786cc84177a9c46eb43547,provider_historical,Geelong Cats v Fremantle Dockers,h2h,fixed_odds,rejected,False,-70.5544999999999,999.99,-0.07055520555205542,not_a_live_quote_feed; outcome_coverage_unverified; outcome_evidence_missing; licence_review_not_valid_at_asof:tab; quote_stale:tab; settlement_unverified:tab; stake_capacity_unknown:tab; minimum_stake_unknown:tab; licence_review_not_valid_at_asof:ladbrokes; quote_stale:ladbrokes; settlement_unverified:ladbrokes; stake_capacity_unknown:ladbrokes; minimum_stake_unknown:ladbrokes; cross_book_timestamp_skew; no_positive_profit_after_costs,"[679.15, 320.84]"
b71bbde3980726cb417eb9ba684be3764fd115ac1688551a37b4273309a8e5c7,provider_historical,Geelong Cats v Fremantle Dockers,h2h,fixed_odds,rejected,False,-70.5544999999999,999.99,-0.07055520555205542,not_a_live_quote_feed; outcome_coverage_unverified; outcome_evidence_missing; licence_review_not_valid_at_asof:tab; quote_stale:tab; settlement_unverified:tab; stake_capacity_unknown:tab; minimum_stake_unknown:tab; licence_review_not_valid_at_asof:neds; quote_stale:neds; settlement_unverified:neds; stake_capacity_unknown:neds; minimum_stake_unknown:neds; cross_book_timestamp_skew; no_positive_profit_after_costs,"[679.15, 320.84]"
af74c65f99fdb3e4e83c22a80567796064a2efc23d83aaa5c9ec2c4e5f89c7b4,provider_historical,Geelong Cats v Fremantle Dockers,h2h,fixed_odds,rejected,False,-51.591499999999996,999.99,-0.0515920159201592,not_a_live_quote_feed; outcome_coverage_unverified; outcome_evidence_missing; licence_review_not_valid_at_asof:ladbrokes; quote_stale:ladbrokes; settlement_unverified:ladbrokes; stake_capacity_unknown:ladbrokes; minimum_stake_unknown:ladbrokes; operator_not_in_verified_allowlist:unibet; quote_stale:unibet; settlement_unverified:unibet; stake_capacity_unknown:unibet; minimum_stake_unknown:unibet; no_positive_profit_after_costs,"[678.16, 321.83]"
8477646a8c27873e14c6e1be5c75a7af1b08ef11a702f15eef16878edd2c8319,provider_historical,Geelong Cats v Fremantle Dockers,h2h,fixed_odds,rejected,False,-36.55800000000005,999.99,-0.03655836558365588,not_a_live_quote_feed; outcome_coverage_unverified; outcome_evidence_missing; licence_review_not_valid_at_asof:ladbrokes; quote_stale:ladbrokes; settlement_unverified:ladbrokes; stake_capacity_unknown:ladbrokes; minimum_stake_unknown:ladbrokes; licence_review_not_valid_at_asof:tab; quote_stale:tab; settlement_unverified:tab; stake_capacity_unknown:tab; minimum_stake_unknown:tab; cross_book_timestamp_skew; no_positive_profit_after_costs,"[688.88, 311.11]"
359da4a9336f7936156b236241989bbe32d4c43fe6915daa542aa3387c301a52,provider_historical,Geelong Cats v Fremantle Dockers,h2h,fixed_odds,rejected,False,-56.81600000000003,999.99,-0.05681656816568169,not_a_live_quote_feed; outcome_coverage_unverified; outcome_evidence_missing; licence_review_not_valid_at_asof:ladbrokes; quote_stale:ladbrokes; settlement_unverified:ladbrokes; stake_capacity_unknown:ladbrokes; minimum_stake_unknown:ladbrokes; licence_review_not_valid_at_asof:neds; quote_stale:neds; settlement_unverified:neds; stake_capacity_unknown:neds; minimum_stake_unknown:neds; no_positive_profit_after_costs,"[674.41, 325.58]"
cd205eda564b89a037c0ae63543cab636710ecea2bb0108c80d008b091e31cd1,provider_historical,Geelong Cats v Fremantle Dockers,h2h,fixed_odds,rejected,False,-51.591499999999996,999.99,-0.0515920159201592,not_a_live_quote_feed; outcome_coverage_unverified; outcome_evidence_missing; licence_review_not_valid_at_asof:neds; quote_stale:neds; settlement_unverified:neds; stake_capacity_unknown:neds; minimum_stake_unknown:neds; operator_not_in_verified_allowlist:unibet; quote_stale:unibet; settlement_unverified:unibet; stake_capacity_unknown:unibet; minimum_stake_unknown:unibet; no_positive_profit_after_costs,"[678.16, 321.83]"
9234966fc71f0dbc2c50a01fbeb5cdf4df762c63463ff0a8dbd6be8d3cab1eaa,provider_historical,Geelong Cats v Fremantle Dockers,h2h,fixed_odds,rejected,False,-36.55800000000005,999.99,-0.03655836558365588,not_a_live_quote_feed; outcome_coverage_unverified; outcome_evidence_missing; licence_review_not_valid_at_asof:neds; quote_stale:neds; settlement_unverified:neds; stake_capacity_unknown:neds; minimum_stake_unknown:neds; licence_review_not_valid_at_asof:tab; quote_stale:tab; settlement_unverified:tab; stake_capacity_unknown:tab; minimum_stake_unknown:tab; cross_book_timestamp_skew; no_positive_profit_after_costs,"[688.88, 311.11]"
a32f46efabb96a2cbfb97078a4564d4e8f5be383af066d2aa8969e526bf6d3c5,provider_historical,Geelong Cats v Fremantle Dockers,h2h,fixed_odds,rejected,False,-56.81600000000003,999.99,-0.05681656816568169,not_a_live_quote_feed; outcome_coverage_unverified; outcome_evidence_missing; licence_review_not_valid_at_asof:neds; quote_stale:neds; settlement_unverified:neds; stake_capacity_unknown:neds; minimum_stake_unknown:neds; licence_review_not_valid_at_asof:ladbrokes; quote_stale:ladbrokes; settlement_unverified:ladbrokes; stake_capacity_unknown:ladbrokes; minimum_stake_unknown:ladbrokes; no_positive_profit_after_costs,"[674.41, 325.58]"
8c6f510c50c0c1dcf72805aead1a317776cb157c071ab43e8a7941ea951c3c7e,provider_historical,Geelong Cats v Fremantle Dockers,h2h,back_lay,rejected,False,-47.5856,999.9879999999998,-0.04758617103405242,not_a_live_quote_feed; outcome_coverage_unverified; outcome_evidence_missing; operator_not_in_verified_allowlist:unibet; quote_stale:unibet; settlement_unverified:unibet; stake_capacity_unknown:unibet; minimum_stake_unknown:unibet; licence_review_not_valid_at_asof:betfair_ex_au; quote_stale:betfair_ex_au; settlement_unverified:betfair_ex_au; stake_capacity_unknown:betfair_ex_au; minimum_stake_unknown:betfair_ex_au; commission_unverified:betfair_ex_au; cross_book_timestamp_skew; no_positive_profit_after_costs,"[323.19, 294.26]"
98ce5d33db5f27ef19f0575c192ea044fa10946e12be5f21de3a7a93b997e37e,provider_historical,Geelong Cats v Fremantle Dockers,h2h,back_lay,rejected,False,-85.0548,999.9906000000001,-0.0850555995226355,not_a_live_quote_feed; outcome_coverage_unverified; outcome_evidence_missing; operator_not_in_verified_allowlist:unibet; quote_stale:unibet; settlement_unverified:unibet; stake_capacity_unknown:unibet; minimum_stake_unknown:unibet; licence_review_not_valid_at_asof:betfair_ex_au; quote_stale:betfair_ex_au; settlement_unverified:betfair_ex_au; stake_capacity_unknown:betfair_ex_au; minimum_stake_unknown:betfair_ex_au; commission_unverified:betfair_ex_au; cross_book_timestamp_skew; no_positive_profit_after_costs,"[654.24, 606.58]"
f138d32e2ecc7a7d4d67455de3735cf610725e494530e84e200b159f3f11f445,provider_historical,Geelong Cats v Fremantle Dockers,h2h,back_lay,rejected,False,-32.43599999999992,999.969,-0.03243700554717188,not_a_live_quote_feed; outcome_coverage_unverified; outcome_evidence_missing; licence_review_not_valid_at_asof:tab; quote_stale:tab; settlement_unverified:tab; stake_capacity_unknown:tab; minimum_stake_unknown:tab; licence_review_not_valid_at_asof:betfair_ex_au; quote_stale:betfair_ex_au; settlement_unverified:betfair_ex_au; stake_capacity_unknown:betfair_ex_au; minimum_stake_unknown:betfair_ex_au; commission_unverified:betfair_ex_au; no_positive_profit_after_costs,"[312.43, 298.93]"
7ffbb28081087ba35792e6124dd1368fd085af3bcb16236c62c1ab3eaf85b6b0,provider_historical,Geelong Cats v Fremantle Dockers,h2h,back_lay,rejected,False,-97.99129999999994,999.9857,-0.09799270129562847,not_a_live_quote_feed; outcome_coverage_unverified; outcome_evidence_missing; licence_review_not_valid_at_asof:tab; quote_stale:tab; settlement_unverified:tab; stake_capacity_unknown:tab; minimum_stake_unknown:tab; licence_review_not_valid_at_asof:betfair_ex_au; quote_stale:betfair_ex_au; settlement_unverified:betfair_ex_au; stake_capacity_unknown:betfair_ex_au; minimum_stake_unknown:betfair_ex_au; commission_unverified:betfair_ex_au; no_positive_profit_after_costs,"[659.12, 598.01]"
bb6ed740f236c1cde75d83a9ff479e31a5aaed7474211e5de491d77fcc642966,provider_historical,Geelong Cats v Fremantle Dockers,h2h,back_lay,rejected,False,-52.86779999999999,999.989,-0.05286838155219706,not_a_live_quote_feed; outcome_coverage_unverified; outcome_evidence_missing; licence_review_not_valid_at_asof:ladbrokes; quote_stale:ladbrokes; settlement_unverified:ladbrokes; stake_capacity_unknown:ladbrokes; minimum_stake_unknown:ladbrokes; licence_review_not_valid_at_asof:betfair_ex_au; quote_stale:betfair_ex_au; settlement_unverified:betfair_ex_au; stake_capacity_unknown:betfair_ex_au; minimum_stake_unknown:betfair_ex_au; commission_unverified:betfair_ex_au; cross_book_timestamp_skew; no_positive_profit_after_costs,"[326.94, 292.63]"
381a8029399471be3cf2b41d959ae4fcb78fbc25d0a7568e389e1b37df207a9c,provider_historical,Geelong Cats v Fremantle Dockers,h2h,back_lay,rejected,False,-85.0548,999.9906000000001,-0.0850555995226355,not_a_live_quote_feed; outcome_coverage_unverified; outcome_evidence_missing; licence_review_not_valid_at_asof:ladbrokes; quote_stale:ladbrokes; settlement_unverified:ladbrokes; stake_capacity_unknown:ladbrokes; minimum_stake_unknown:ladbrokes; licence_review_not_valid_at_asof:betfair_ex_au; quote_stale:betfair_ex_au; settlement_unverified:betfair_ex_au; stake_capacity_unknown:betfair_ex_au; minimum_stake_unknown:betfair_ex_au; commission_unverified:betfair_ex_au; cross_book_timestamp_skew; no_positive_profit_after_costs,"[654.24, 606.58]"
7eabcf6dfe8635bddd974d70b451d46e74b1b0ad37c2e86d9009eed9a8ba2cea,provider_historical,Geelong Cats v Fremantle Dockers,h2h,back_lay,rejected,False,-52.86779999999999,999.989,-0.05286838155219706,not_a_live_quote_feed; outcome_coverage_unverified; outcome_evidence_missing; licence_review_not_valid_at_asof:neds; quote_stale:neds; settlement_unverified:neds; stake_capacity_unknown:neds; minimum_stake_unknown:neds; licence_review_not_valid_at_asof:betfair_ex_au; quote_stale:betfair_ex_au; settlement_unverified:betfair_ex_au; stake_capacity_unknown:betfair_ex_au; minimum_stake_unknown:betfair_ex_au; commission_unverified:betfair_ex_au; cross_book_timestamp_skew; no_positive_profit_after_costs,"[326.94, 292.63]"
4cdc56a490509109c115761088d532e9646497a2d70c092cddf71b9956a5e19c,provider_historical,Geelong Cats v Fremantle Dockers,h2h,back_lay,rejected,False,-85.0548,999.9906000000001,-0.0850555995226355,not_a_live_quote_feed; outcome_coverage_unverified; outcome_evidence_missing; licence_review_not_valid_at_asof:neds; quote_stale:neds; settlement_unverified:neds; stake_capacity_unknown:neds; minimum_stake_unknown:neds; licence_review_not_valid_at_asof:betfair_ex_au; quote_stale:betfair_ex_au; settlement_unverified:betfair_ex_au; stake_capacity_unknown:betfair_ex_au; minimum_stake_unknown:betfair_ex_au; commission_unverified:betfair_ex_au; cross_book_timestamp_skew; no_positive_profit_after_costs,"[654.24, 606.58]"
64bc62580ccb9defacf118790ab0fb46b8ced9d55f3c496efcd5f6c2a6fd7419,provider_historical,St Kilda Saints v Port Adelaide Power,h2h,fixed_odds,rejected,False,-26.0,1000.0,-0.026,not_a_live_quote_feed; outcome_coverage_unverified; outcome_evidence_missing; operator_not_in_verified_allowlist:unibet; quote_stale:unibet; settlement_unverified:unibet; stake_capacity_unknown:unibet; minimum_stake_unknown:unibet; licence_review_not_valid_at_asof:ladbrokes; quote_stale:ladbrokes; settlement_unverified:ladbrokes; stake_capacity_unknown:ladbrokes; minimum_stake_unknown:ladbrokes; no_positive_profit_after_costs,"[625.0, 375.0]"
93f8f20e489c4c5f09e656d679f568961ba062111df5778d19c2a779d5564d7e,provider_historical,St Kilda Saints v Port Adelaide Power,h2h,fixed_odds,rejected,False,-26.0,1000.0,-0.026,not_a_live_quote_feed; outcome_coverage_unverified; outcome_evidence_missing; operator_not_in_verified_allowlist:unibet; quote_stale:unibet; settlement_unverified:unibet; stake_capacity_unknown:unibet; minimum_stake_unknown:unibet; licence_review_not_valid_at_asof:neds; quote_stale:neds; settlement_unverified:neds; stake_capacity_unknown:neds; minimum_stake_unknown:neds; no_positive_profit_after_costs,"[625.0, 375.0]"
e01fe2d5f286436a001ca6b19288496212d3ac4d3c1cdf6308cfa2d269a28820,provider_historical,St Kilda Saints v Port Adelaide Power,h2h,fixed_odds,rejected,False,-47.89099999999996,999.99,-0.04789147891478911,not_a_live_quote_feed; outcome_coverage_unverified; outcome_evidence_missing; operator_not_in_verified_allowlist:unibet; quote_stale:unibet; settlement_unverified:unibet; stake_capacity_unknown:unibet; minimum_stake_unknown:unibet; licence_review_not_valid_at_asof:tab; quote_stale:tab; settlement_unverified:tab; stake_capacity_unknown:tab; minimum_stake_unknown:tab; cross_book_timestamp_skew; no_positive_profit_after_costs,"[610.97, 389.02]"
fce38269c613f8515413d41bca478d98101caa010ef5fd11e438dd0a74be2b79,provider_historical,St Kilda Saints v Port Adelaide Power,h2h,fixed_odds,rejected,False,-70.62699999999995,999.99,-0.07062770627706272,not_a_live_quote_feed; outcome_coverage_unverified; outcome_evidence_missing; licence_review_not_valid_at_asof:ladbrokes; quote_stale:ladbrokes; settlement_unverified:ladbrokes; stake_capacity_unknown:ladbrokes; minimum_stake_unknown:ladbrokes; operator_not_in_verified_allowlist:unibet; quote_stale:unibet; settlement_unverified:unibet; stake_capacity_unknown:unibet; minimum_stake_unknown:unibet; no_positive_profit_after_costs,"[620.25, 379.74]"
24ea640bb5d3383fcc838d4b0c4fd06bf051050707d93a2715c45a07e2be1a01,provider_historical,St Kilda Saints v Port Adelaide Power,h2h,fixed_odds,rejected,False,-49.78000000000003,999.99,-0.04978049780497808,not_a_live_quote_feed; outcome_coverage_unverified; outcome_evidence_missing; licence_review_not_valid_at_asof:ladbrokes; quote_stale:ladbrokes; settlement_unverified:ladbrokes; stake_capacity_unknown:ladbrokes; minimum_stake_unknown:ladbrokes; licence_review_not_valid_at_asof:neds; quote_stale:neds; settlement_unverified:neds; stake_capacity_unknown:neds; minimum_stake_unknown:neds; no_positive_profit_after_costs,"[634.14, 365.85]"
60acc46ee2bfea27cb8b2927cfa37a9f440fa6354b9400c66d4fe4ef00ec21c5,provider_historical,St Kilda Saints v Port Adelaide Power,h2h,fixed_odds,rejected,False,-70.62699999999995,999.99,-0.07062770627706272,not_a_live_quote_feed; outcome_coverage_unverified; outcome_evidence_missing; licence_review_not_valid_at_asof:ladbrokes; quote_stale:ladbrokes; settlement_unverified:ladbrokes; stake_capacity_unknown:ladbrokes; minimum_stake_unknown:ladbrokes; licence_review_not_valid_at_asof:tab; quote_stale:tab; settlement_unverified:tab; stake_capacity_unknown:tab; minimum_stake_unknown:tab; cross_book_timestamp_skew; no_positive_profit_after_costs,"[620.25, 379.74]"
b3ef91da5e76274968de4fe56edd659a45d984d4b2e4d435103ce9678e683094,provider_historical,St Kilda Saints v Port Adelaide Power,h2h,fixed_odds,rejected,False,-70.62699999999995,999.99,-0.07062770627706272,not_a_live_quote_feed; outcome_coverage_unverified; outcome_evidence_missing; licence_review_not_valid_at_asof:neds; quote_stale:neds; settlement_unverified:neds; stake_capacity_unknown:neds; minimum_stake_unknown:neds; operator_not_in_verified_allowlist:unibet; quote_stale:unibet; settlement_unverified:unibet; stake_capacity_unknown:unibet; minimum_stake_unknown:unibet; no_positive_profit_after_costs,"[620.25, 379.74]"
a859117c9741d5e1c536aa4c8915ed0fef0e8ec8501327cfde9c1c837d1a22c9,provider_historical,St Kilda Saints v Port Adelaide Power,h2h,fixed_odds,rejected,False,-49.78000000000003,999.99,-0.04978049780497808,not_a_live_quote_feed; outcome_coverage_unverified; outcome_evidence_missing; licence_review_not_valid_at_asof:neds; quote_stale:neds; settlement_unverified:neds; stake_capacity_unknown:neds; minimum_stake_unknown:neds; licence_review_not_valid_at_asof:ladbrokes; quote_stale:ladbrokes; settlement_unverified:ladbrokes; stake_capacity_unknown:ladbrokes; minimum_stake_unknown:ladbrokes; no_positive_profit_after_costs,"[634.14, 365.85]"
73243511496f7efdec305f279ad71c4987a29dd72806583580959f1c45c23aa0,provider_historical,St Kilda Saints v Port Adelaide Power,h2h,fixed_odds,rejected,False,-70.62699999999995,999.99,-0.07062770627706272,not_a_live_quote_feed; outcome_coverage_unverified; outcome_evidence_missing; licence_review_not_valid_at_asof:neds; quote_stale:neds; settlement_unverified:neds; stake_capacity_unknown:neds; minimum_stake_unknown:neds; licence_review_not_valid_at_asof:tab; quote_stale:tab; settlement_unverified:tab; stake_capacity_unknown:tab; minimum_stake_unknown:tab; cross_book_timestamp_skew; no_positive_profit_after_costs,"[620.25, 379.74]"
a8a70cadee762066ce26c737c6cc692bcd4945b93e0784c130daa0d56ca5ec2d,provider_historical,St Kilda Saints v Port Adelaide Power,h2h,fixed_odds,rejected,False,-51.625,1000.0,-0.051625,not_a_live_quote_feed; outcome_coverage_unverified; outcome_evidence_missing; licence_review_not_valid_at_asof:tab; quote_stale:tab; settlement_unverified:tab; stake_capacity_unknown:tab; minimum_stake_unknown:tab; operator_not_in_verified_allowlist:unibet; quote_stale:unibet; settlement_unverified:unibet; stake_capacity_unknown:unibet; minimum_stake_unknown:unibet; cross_book_timestamp_skew; no_positive_profit_after_costs,"[612.5, 387.5]"
966e1c2410bbdec3e6dcec98aea4ed515478e24099c9b293f8ad996567dd7513,provider_historical,St Kilda Saints v Port Adelaide Power,h2h,fixed_odds,rejected,False,-29.91599999999994,999.99,-0.02991629916299157,not_a_live_quote_feed; outcome_coverage_unverified; outcome_evidence_missing; licence_review_not_valid_at_asof:tab; quote_stale:tab; settlement_unverified:tab; stake_capacity_unknown:tab; minimum_stake_unknown:tab; licence_review_not_valid_at_asof:ladbrokes; quote_stale:ladbrokes; settlement_unverified:ladbrokes; stake_capacity_unknown:ladbrokes; minimum_stake_unknown:ladbrokes; cross_book_timestamp_skew; no_positive_profit_after_costs,"[626.5, 373.49]"
6cc19b82ba6e24063d66c17c481195fe8d91b32ac832f5194d6024f7bdfee4fe,provider_historical,St Kilda Saints v Port Adelaide Power,h2h,fixed_odds,rejected,False,-29.91599999999994,999.99,-0.02991629916299157,not_a_live_quote_feed; outcome_coverage_unverified; outcome_evidence_missing; licence_review_not_valid_at_asof:tab; quote_stale:tab; settlement_unverified:tab; stake_capacity_unknown:tab; minimum_stake_unknown:tab; licence_review_not_valid_at_asof:neds; quote_stale:neds; settlement_unverified:neds; stake_capacity_unknown:neds; minimum_stake_unknown:neds; cross_book_timestamp_skew; no_positive_profit_after_costs,"[626.5, 373.49]"
cb95573fc3d32f82256576bb2c50acbcd0b393cb339974eb8f5c5f5622e90cd8,provider_historical,St Kilda Saints v Port Adelaide Power,h2h,back_lay,rejected,False,-50.53120000000001,999.9839999999999,-0.05053200851213621,not_a_live_quote_feed; outcome_coverage_unverified; outcome_evidence_missing; operator_not_in_verified_allowlist:unibet; quote_stale:unibet; settlement_unverified:unibet; stake_capacity_unknown:unibet; minimum_stake_unknown:unibet; licence_review_not_valid_at_asof:betfair_ex_au; quote_stale:betfair_ex_au; settlement_unverified:betfair_ex_au; stake_capacity_unknown:betfair_ex_au; minimum_stake_unknown:betfair_ex_au; commission_unverified:betfair_ex_au; cross_book_timestamp_skew; no_positive_profit_after_costs,"[387.95, 360.02]"
714e66915bd967bdf9e6404ae4372585c7d6eec09777c4a43926330a462eaccf,provider_historical,St Kilda Saints v Port Adelaide Power,h2h,back_lay,rejected,False,-48.46509999999989,999.9855,-0.04846580275413983,not_a_live_quote_feed; outcome_coverage_unverified; outcome_evidence_missing; operator_not_in_verified_allowlist:unibet; quote_stale:unibet; settlement_unverified:unibet; stake_capacity_unknown:unibet; minimum_stake_unknown:unibet; licence_review_not_valid_at_asof:betfair_ex_au; quote_stale:betfair_ex_au; settlement_unverified:betfair_ex_au; stake_capacity_unknown:betfair_ex_au; minimum_stake_unknown:betfair_ex_au; commission_unverified:betfair_ex_au; cross_book_timestamp_skew; no_positive_profit_after_costs,"[610.59, 599.07]"
e3d46d1ca1191dc5db16794e7dfbe2c60a63281606e8dac4fe209b4a97619c8d,provider_historical,St Kilda Saints v Port Adelaide Power,h2h,back_lay,rejected,False,-28.765600000000006,999.972,-0.02876640545935287,not_a_live_quote_feed; outcome_coverage_unverified; outcome_evidence_missing; licence_review_not_valid_at_asof:ladbrokes; quote_stale:ladbrokes; settlement_unverified:ladbrokes; stake_capacity_unknown:ladbrokes; minimum_stake_unknown:ladbrokes; licence_review_not_valid_at_asof:betfair_ex_au; quote_stale:betfair_ex_au; settlement_unverified:betfair_ex_au; stake_capacity_unknown:betfair_ex_au; minimum_stake_unknown:betfair_ex_au; commission_unverified:betfair_ex_au; cross_book_timestamp_skew; no_positive_profit_after_costs,"[373.93, 368.26]"
2d9508c96a891b492ce893c3759f3a7cfa60a2db71942255fbe895c246674dd8,provider_historical,St Kilda Saints v Port Adelaide Power,h2h,back_lay,rejected,False,-71.17740000000003,999.9934999999999,-0.0711778626561073,not_a_live_quote_feed; outcome_coverage_unverified; outcome_evidence_missing; licence_review_not_valid_at_asof:ladbrokes; quote_stale:ladbrokes; settlement_unverified:ladbrokes; stake_capacity_unknown:ladbrokes; minimum_stake_unknown:ladbrokes; licence_review_not_valid_at_asof:betfair_ex_au; quote_stale:betfair_ex_au; settlement_unverified:betfair_ex_au; stake_capacity_unknown:betfair_ex_au; minimum_stake_unknown:betfair_ex_au; commission_unverified:betfair_ex_au; cross_book_timestamp_skew; no_positive_profit_after_costs,"[619.88, 584.79]"
527edf8e9b6e4358a82d6bf9b07a1bdf618bb7e4ac60833ae442954d894b80a1,provider_historical,St Kilda Saints v Port Adelaide Power,h2h,back_lay,rejected,False,-28.765600000000006,999.972,-0.02876640545935287,not_a_live_quote_feed; outcome_coverage_unverified; outcome_evidence_missing; licence_review_not_valid_at_asof:neds; quote_stale:neds; settlement_unverified:neds; stake_capacity_unknown:neds; minimum_stake_unknown:neds; licence_review_not_valid_at_asof:betfair_ex_au; quote_stale:betfair_ex_au; settlement_unverified:betfair_ex_au; stake_capacity_unknown:betfair_ex_au; minimum_stake_unknown:betfair_ex_au; commission_unverified:betfair_ex_au; cross_book_timestamp_skew; no_positive_profit_after_costs,"[373.93, 368.26]"
30060e30eb0a42241e3855d4de36d8dbfdb3b4527d9fec10907d9f39f0c2d270,provider_historical,St Kilda Saints v Port Adelaide Power,h2h,back_lay,rejected,False,-71.17740000000003,999.9934999999999,-0.0711778626561073,not_a_live_quote_feed; outcome_coverage_unverified; outcome_evidence_missing; licence_review_not_valid_at_asof:neds; quote_stale:neds; settlement_unverified:neds; stake_capacity_unknown:neds; minimum_stake_unknown:neds; licence_review_not_valid_at_asof:betfair_ex_au; quote_stale:betfair_ex_au; settlement_unverified:betfair_ex_au; stake_capacity_unknown:betfair_ex_au; minimum_stake_unknown:betfair_ex_au; commission_unverified:betfair_ex_au; cross_book_timestamp_skew; no_positive_profit_after_costs,"[619.88, 584.79]"
83b0b3b190c629bac5407e96fc7f57c900ba185a4dee5423a07bf2138bb30b59,provider_historical,St Kilda Saints v Port Adelaide Power,h2h,back_lay,rejected,False,-50.53120000000001,999.9839999999999,-0.05053200851213621,not_a_live_quote_feed; outcome_coverage_unverified; outcome_evidence_missing; licence_review_not_valid_at_asof:tab; quote_stale:tab; settlement_unverified:tab; stake_capacity_unknown:tab; minimum_stake_unknown:tab; licence_review_not_valid_at_asof:betfair_ex_au; quote_stale:betfair_ex_au; settlement_unverified:betfair_ex_au; stake_capacity_unknown:betfair_ex_au; minimum_stake_unknown:betfair_ex_au; commission_unverified:betfair_ex_au; no_positive_profit_after_costs,"[387.95, 360.02]"
5f38be248db5fc8c06766b8164006da07bbc2917a10cbfc64e1aa03ae67cf933,provider_historical,St Kilda Saints v Port Adelaide Power,h2h,back_lay,rejected,False,-52.203199999999924,999.9879999999999,-0.05220382644591728,not_a_live_quote_feed; outcome_coverage_unverified; outcome_evidence_missing; licence_review_not_valid_at_asof:tab; quote_stale:tab; settlement_unverified:tab; stake_capacity_unknown:tab; minimum_stake_unknown:tab; licence_review_not_valid_at_asof:betfair_ex_au; quote_stale:betfair_ex_au; settlement_unverified:betfair_ex_au; stake_capacity_unknown:betfair_ex_au; minimum_stake_unknown:betfair_ex_au; commission_unverified:betfair_ex_au; no_positive_profit_after_costs,"[612.12, 596.72]"
671fcd9a88131514e489e951d0549c41b4856fa292b24b4a77585c12c469ae74,provider_historical,Melbourne Demons v Hawthorn Hawks,h2h,fixed_odds,rejected,False,-46.33999999999992,999.99,-0.046340463404633964,not_a_live_quote_feed; outcome_coverage_unverified; outcome_evidence_missing; operator_not_in_verified_allowlist:unibet; quote_stale:unibet; settlement_unverified:unibet; stake_capacity_unknown:unibet; minimum_stake_unknown:unibet; licence_review_not_valid_at_asof:tab; quote_stale:tab; settlement_unverified:tab; stake_capacity_unknown:tab; minimum_stake_unknown:tab; cross_book_timestamp_skew; no_positive_profit_after_costs,"[809.06, 190.93]"
ed54c9c1df6ef5258ca3f1b13fe7f6e8f3fcbf235fc86d12c20db6db8762dc21,provider_historical,Melbourne Demons v Hawthorn Hawks,h2h,fixed_odds,rejected,False,-66.15999999999997,999.99,-0.06616066160661603,not_a_live_quote_feed; outcome_coverage_unverified; outcome_evidence_missing; operator_not_in_verified_allowlist:unibet; quote_stale:unibet; settlement_unverified:unibet; stake_capacity_unknown:unibet; minimum_stake_unknown:unibet; licence_review_not_valid_at_asof:ladbrokes; quote_stale:ladbrokes; settlement_unverified:ladbrokes; stake_capacity_unknown:ladbrokes; minimum_stake_unknown:ladbrokes; no_positive_profit_after_costs,"[792.25, 207.74]"
62feff19ac89801aecc399a35cd1bf2ad99c5d238715fbfb1bce6a6078a458e8,provider_historical,Melbourne Demons v Hawthorn Hawks,h2h,fixed_odds,rejected,False,-66.15999999999997,999.99,-0.06616066160661603,not_a_live_quote_feed; outcome_coverage_unverified; outcome_evidence_missing; operator_not_in_verified_allowlist:unibet; quote_stale:unibet; settlement_unverified:unibet; stake_capacity_unknown:unibet; minimum_stake_unknown:unibet; licence_review_not_valid_at_asof:neds; quote_stale:neds; settlement_unverified:neds; stake_capacity_unknown:neds; minimum_stake_unknown:neds; no_positive_profit_after_costs,"[792.25, 207.74]"
a1639288c6656ea1fb8e7de50ac0fe8a4720f910ed73c92b3911d83453eb32d8,provider_historical,Melbourne Demons v Hawthorn Hawks,h2h,fixed_odds,rejected,False,-50.04699999999991,999.99,-0.05004750047500466,not_a_live_quote_feed; outcome_coverage_unverified; outcome_evidence_missing; licence_review_not_valid_at_asof:tab; quote_stale:tab; settlement_unverified:tab; stake_capacity_unknown:tab; minimum_stake_unknown:tab; operator_not_in_verified_allowlist:unibet; quote_stale:unibet; settlement_unverified:unibet; stake_capacity_unknown:unibet; minimum_stake_unknown:unibet; cross_book_timestamp_skew; no_positive_profit_after_costs,"[805.92, 194.07]"
90ac25c59bfe74c2a39e5206226e1ef44757cdc9c3e43cf013f0c520d6de2a22,provider_historical,Melbourne Demons v Hawthorn Hawks,h2h,fixed_odds,rejected,False,-66.15999999999997,999.99,-0.06616066160661603,not_a_live_quote_feed; outcome_coverage_unverified; outcome_evidence_missing; licence_review_not_valid_at_asof:tab; quote_stale:tab; settlement_unverified:tab; stake_capacity_unknown:tab; minimum_stake_unknown:tab; licence_review_not_valid_at_asof:ladbrokes; quote_stale:ladbrokes; settlement_unverified:ladbrokes; stake_capacity_unknown:ladbrokes; minimum_stake_unknown:ladbrokes; cross_book_timestamp_skew; no_positive_profit_after_costs,"[792.25, 207.74]"
8c4eafafabe2e037ee8ec63d313f740a36c70634503cdd025b45a031a3838c03,provider_historical,Melbourne Demons v Hawthorn Hawks,h2h,fixed_odds,rejected,False,-66.15999999999997,999.99,-0.06616066160661603,not_a_live_quote_feed; outcome_coverage_unverified; outcome_evidence_missing; licence_review_not_valid_at_asof:tab; quote_stale:tab; settlement_unverified:tab; stake_capacity_unknown:tab; minimum_stake_unknown:tab; licence_review_not_valid_at_asof:neds; quote_stale:neds; settlement_unverified:neds; stake_capacity_unknown:neds; minimum_stake_unknown:neds; cross_book_timestamp_skew; no_positive_profit_after_costs,"[792.25, 207.74]"
c2c540f725834d67ddd0e6fc500985220495e60b922bf181fe0c4db3bebfa398,provider_historical,Melbourne Demons v Hawthorn Hawks,h2h,fixed_odds,rejected,False,-43.52999999999997,999.99,-0.043530435304353014,not_a_live_quote_feed; outcome_coverage_unverified; outcome_evidence_missing; licence_review_not_valid_at_asof:ladbrokes; quote_stale:ladbrokes; settlement_unverified:ladbrokes; stake_capacity_unknown:ladbrokes; minimum_stake_unknown:ladbrokes; operator_not_in_verified_allowlist:unibet; quote_stale:unibet; settlement_unverified:unibet; stake_capacity_unknown:unibet; minimum_stake_unknown:unibet; no_positive_profit_after_costs,"[804.59, 195.4]"
fbc2e513881ab943e83427a94ec6af4d3978023b813255e63265ea2f7bc83534,provider_historical,Melbourne Demons v Hawthorn Hawks,h2h,fixed_odds,rejected,False,-39.789999999999964,999.99,-0.039790397903979,not_a_live_quote_feed; outcome_coverage_unverified; outcome_evidence_missing; licence_review_not_valid_at_asof:ladbrokes; quote_stale:ladbrokes; settlement_unverified:ladbrokes; stake_capacity_unknown:ladbrokes; minimum_stake_unknown:ladbrokes; licence_review_not_valid_at_asof:tab; quote_stale:tab; settlement_unverified:tab; stake_capacity_unknown:tab; minimum_stake_unknown:tab; cross_book_timestamp_skew; no_positive_profit_after_costs,"[807.75, 192.24]"
387cfbad9c1c55491396c7ac4a4cee953bcf80839da7f155067c5f3f9f29bd70,provider_historical,Melbourne Demons v Hawthorn Hawks,h2h,fixed_odds,rejected,False,-59.905000000000086,999.99,-0.059905599055990646,not_a_live_quote_feed; outcome_coverage_unverified; outcome_evidence_missing; licence_review_not_valid_at_asof:ladbrokes; quote_stale:ladbrokes; settlement_unverified:ladbrokes; stake_capacity_unknown:ladbrokes; minimum_stake_unknown:ladbrokes; licence_review_not_valid_at_asof:neds; quote_stale:neds; settlement_unverified:neds; stake_capacity_unknown:neds; minimum_stake_unknown:neds; no_positive_profit_after_costs,"[790.86, 209.13]"
bc76c33413444a8262c5e1264084f6464c6340ceedcab4b9fa22498cbc10bef6,provider_historical,Melbourne Demons v Hawthorn Hawks,h2h,fixed_odds,rejected,False,-43.52999999999997,999.99,-0.043530435304353014,not_a_live_quote_feed; outcome_coverage_unverified; outcome_evidence_missing; licence_review_not_valid_at_asof:neds; quote_stale:neds; settlement_unverified:neds; stake_capacity_unknown:neds; minimum_stake_unknown:neds; operator_not_in_verified_allowlist:unibet; quote_stale:unibet; settlement_unverified:unibet; stake_capacity_unknown:unibet; minimum_stake_unknown:unibet; no_positive_profit_after_costs,"[804.59, 195.4]"
f2aa36f28d9beb186630ef3abfdc4bb4a82c9557a61ef7adafa6d9366461c4ae,provider_historical,Melbourne Demons v Hawthorn Hawks,h2h,fixed_odds,rejected,False,-39.789999999999964,999.99,-0.039790397903979,not_a_live_quote_feed; outcome_coverage_unverified; outcome_evidence_missing; licence_review_not_valid_at_asof:neds; quote_stale:neds; settlement_unverified:neds; stake_capacity_unknown:neds; minimum_stake_unknown:neds; licence_review_not_valid_at_asof:tab; quote_stale:tab; settlement_unverified:tab; stake_capacity_unknown:tab; minimum_stake_unknown:tab; cross_book_timestamp_skew; no_positive_profit_after_costs,"[807.75, 192.24]"
34db27303047cba7fc064e9f882fe4427b13b0901c439c4accb1f0eb178fe736,provider_historical,Melbourne Demons v Hawthorn Hawks,h2h,fixed_odds,rejected,False,-59.905000000000086,999.99,-0.059905599055990646,not_a_live_quote_feed; outcome_coverage_unverified; outcome_evidence_missing; licence_review_not_valid_at_asof:neds; quote_stale:neds; settlement_unverified:neds; stake_capacity_unknown:neds; minimum_stake_unknown:neds; licence_review_not_valid_at_asof:ladbrokes; quote_stale:ladbrokes; settlement_unverified:ladbrokes; stake_capacity_unknown:ladbrokes; minimum_stake_unknown:ladbrokes; no_positive_profit_after_costs,"[790.86, 209.13]"
3687802ad249fb579eb6361841f0986cf86142004c36ef1e0d6e129e87a00837,provider_historical,Melbourne Demons v Hawthorn Hawks,h2h,back_lay,rejected,False,-77.3298,999.944,-0.07733413071131984,not_a_live_quote_feed; outcome_coverage_unverified; outcome_evidence_missing; operator_not_in_verified_allowlist:unibet; quote_stale:unibet; settlement_unverified:unibet; stake_capacity_unknown:unibet; minimum_stake_unknown:unibet; licence_review_not_valid_at_asof:betfair_ex_au; quote_stale:betfair_ex_au; settlement_unverified:betfair_ex_au; stake_capacity_unknown:betfair_ex_au; minimum_stake_unknown:betfair_ex_au; commission_unverified:betfair_ex_au; cross_book_timestamp_skew; no_positive_profit_after_costs,"[188.5, 119.33]"
8ad53aa4a91a373694e0a34d23a396b9744833eb96e53ae4a4be5a7139f2c5dc,provider_historical,Melbourne Demons v Hawthorn Hawks,h2h,back_lay,rejected,False,-55.41130000000004,999.9925000000001,-0.05541171558786694,not_a_live_quote_feed; outcome_coverage_unverified; outcome_evidence_missing; operator_not_in_verified_allowlist:unibet; quote_stale:unibet; settlement_unverified:unibet; stake_capacity_unknown:unibet; minimum_stake_unknown:unibet; licence_review_not_valid_at_asof:betfair_ex_au; quote_stale:betfair_ex_au; settlement_unverified:betfair_ex_au; stake_capacity_unknown:betfair_ex_au; minimum_stake_unknown:betfair_ex_au; commission_unverified:betfair_ex_au; cross_book_timestamp_skew; no_positive_profit_after_costs,"[801.34, 794.61]"
7ed866d29fc537976c9a48eb30c1c58cd2fde8dc0b6a6ca0ae1f9749b84cf217,provider_historical,Melbourne Demons v Hawthorn Hawks,h2h,back_lay,rejected,False,-73.83680000000001,999.934,-0.07384167355045435,not_a_live_quote_feed; outcome_coverage_unverified; outcome_evidence_missing; licence_review_not_valid_at_asof:tab; quote_stale:tab; settlement_unverified:tab; stake_capacity_unknown:tab; minimum_stake_unknown:tab; licence_review_not_valid_at_asof:betfair_ex_au; quote_stale:betfair_ex_au; settlement_unverified:betfair_ex_au; stake_capacity_unknown:betfair_ex_au; minimum_stake_unknown:betfair_ex_au; commission_unverified:betfair_ex_au; no_positive_profit_after_costs,"[185.43, 119.78]"
15c582dade0816aff3bd9ad09a5a54d8333ba3a4629f07e72e7e240cc6586064,provider_historical,Melbourne Demons v Hawthorn Hawks,h2h,back_lay,rejected,False,-55.41130000000004,999.9925000000001,-0.05541171558786694,not_a_live_quote_feed; outcome_coverage_unverified; outcome_evidence_missing; licence_review_not_valid_at_asof:tab; quote_stale:tab; settlement_unverified:tab; stake_capacity_unknown:tab; minimum_stake_unknown:tab; licence_review_not_valid_at_asof:betfair_ex_au; quote_stale:betfair_ex_au; settlement_unverified:betfair_ex_au; stake_capacity_unknown:betfair_ex_au; minimum_stake_unknown:betfair_ex_au; commission_unverified:betfair_ex_au; no_positive_profit_after_costs,"[801.34, 794.61]"
3a753249e35130cc56963aefae2e24fcc312def6514a7769463fdcbee0b59782,provider_historical,Melbourne Demons v Hawthorn Hawks,h2h,back_lay,rejected,False,-92.55160000000001,999.918,-0.092559189853568,not_a_live_quote_feed; outcome_coverage_unverified; outcome_evidence_missing; licence_review_not_valid_at_asof:ladbrokes; quote_stale:ladbrokes; settlement_unverified:ladbrokes; stake_capacity_unknown:ladbrokes; minimum_stake_unknown:ladbrokes; licence_review_not_valid_at_asof:betfair_ex_au; quote_stale:betfair_ex_au; settlement_unverified:betfair_ex_au; stake_capacity_unknown:betfair_ex_au; minimum_stake_unknown:betfair_ex_au; commission_unverified:betfair_ex_au; cross_book_timestamp_skew; no_positive_profit_after_costs,"[201.87, 117.36]"
7dfdf00968c9bda0b493595a1fe09d3a214d2d8bb50add37342870824a61ff88,provider_historical,Melbourne Demons v Hawthorn Hawks,h2h,back_lay,rejected,False,-49.00000000000006,1000.0,-0.04900000000000006,not_a_live_quote_feed; outcome_coverage_unverified; outcome_evidence_missing; licence_review_not_valid_at_asof:ladbrokes; quote_stale:ladbrokes; settlement_unverified:ladbrokes; stake_capacity_unknown:ladbrokes; minimum_stake_unknown:ladbrokes; licence_review_not_valid_at_asof:betfair_ex_au; quote_stale:betfair_ex_au; settlement_unverified:betfair_ex_au; stake_capacity_unknown:betfair_ex_au; minimum_stake_unknown:betfair_ex_au; commission_unverified:betfair_ex_au; cross_book_timestamp_skew; no_positive_profit_after_costs,"[800.0, 800.0]"
93cce7c3df2fd60957f8dd7fb5ab93916649e675db4428151a6cd4f8a32e7126,provider_historical,Melbourne Demons v Hawthorn Hawks,h2h,back_lay,rejected,False,-92.55160000000001,999.918,-0.092559189853568,not_a_live_quote_feed; outcome_coverage_unverified; outcome_evidence_missing; licence_review_not_valid_at_asof:neds; quote_stale:neds; settlement_unverified:neds; stake_capacity_unknown:neds; minimum_stake_unknown:neds; licence_review_not_valid_at_asof:betfair_ex_au; quote_stale:betfair_ex_au; settlement_unverified:betfair_ex_au; stake_capacity_unknown:betfair_ex_au; minimum_stake_unknown:betfair_ex_au; commission_unverified:betfair_ex_au; cross_book_timestamp_skew; no_positive_profit_after_costs,"[201.87, 117.36]"
4e876f25e1df5f0ebf4bce737489c56b623ca0f0450b57e313c9e4ec028d840e,provider_historical,Melbourne Demons v Hawthorn Hawks,h2h,back_lay,rejected,False,-49.00000000000006,1000.0,-0.04900000000000006,not_a_live_quote_feed; outcome_coverage_unverified; outcome_evidence_missing; licence_review_not_valid_at_asof:neds; quote_stale:neds; settlement_unverified:neds; stake_capacity_unknown:neds; minimum_stake_unknown:neds; licence_review_not_valid_at_asof:betfair_ex_au; quote_stale:betfair_ex_au; settlement_unverified:betfair_ex_au; stake_capacity_unknown:betfair_ex_au; minimum_stake_unknown:betfair_ex_au; commission_unverified:betfair_ex_au; cross_book_timestamp_skew; no_positive_profit_after_costs,"[800.0, 800.0]"
1f0b6f8b68a0c98e859001d6b4a236a46d3145743ad2540ba96cb3458ff542e0,provider_historical,Collingwood Magpies v Gold Coast Suns,h2h,fixed_odds,rejected,False,-46.456000000000074,999.99,-0.04645646456464572,not_a_live_quote_feed; outcome_coverage_unverified; outcome_evidence_missing; operator_not_in_verified_allowlist:unibet; quote_stale:unibet; settlement_unverified:unibet; stake_capacity_unknown:unibet; minimum_stake_unknown:unibet; licence_review_not_valid_at_asof:tab; quote_stale:tab; settlement_unverified:tab; stake_capacity_unknown:tab; minimum_stake_unknown:tab; cross_book_timestamp_skew; no_positive_profit_after_costs,"[681.81, 318.18]"
3fb4b256bce4e7bf557089f14bb80449f5e8c9d36cfee9bdb3c10a39a3849d1d,provider_historical,Collingwood Magpies v Gold Coast Suns,h2h,fixed_odds,rejected,False,-62.178000000000054,999.99,-0.062178621786217914,not_a_live_quote_feed; outcome_coverage_unverified; outcome_evidence_missing; operator_not_in_verified_allowlist:unibet; quote_stale:unibet; settlement_unverified:unibet; stake_capacity_unknown:unibet; minimum_stake_unknown:unibet; licence_review_not_valid_at_asof:ladbrokes; quote_stale:ladbrokes; settlement_unverified:ladbrokes; stake_capacity_unknown:ladbrokes; minimum_stake_unknown:ladbrokes; no_positive_profit_after_costs,"[670.58, 329.41]"
c831e6602d3340401a2eb8f46ee46ec217f92fbb31f624b1e2d395bb64ecba5e,provider_historical,Collingwood Magpies v Gold Coast Suns,h2h,fixed_odds,rejected,False,-62.178000000000054,999.99,-0.062178621786217914,not_a_live_quote_feed; outcome_coverage_unverified; outcome_evidence_missing; operator_not_in_verified_allowlist:unibet; quote_stale:unibet; settlement_unverified:unibet; stake_capacity_unknown:unibet; minimum_stake_unknown:unibet; licence_review_not_valid_at_asof:neds; quote_stale:neds; settlement_unverified:neds; stake_capacity_unknown:neds; minimum_stake_unknown:neds; no_positive_profit_after_costs,"[670.58, 329.41]"
51528b3c873c7eabfc2e1e0041c34076f6f0ee55d1e2ec041748bb44a774eab9,provider_historical,Collingwood Magpies v Gold Coast Suns,h2h,fixed_odds,rejected,False,-46.456000000000074,999.99,-0.04645646456464572,not_a_live_quote_feed; outcome_coverage_unverified; outcome_evidence_missing; licence_review_not_valid_at_asof:tab; quote_stale:tab; settlement_unverified:tab; stake_capacity_unknown:tab; minimum_stake_unknown:tab; operator_not_in_verified_allowlist:unibet; quote_stale:unibet; settlement_unverified:unibet; stake_capacity_unknown:unibet; minimum_stake_unknown:unibet; cross_book_timestamp_skew; no_positive_profit_after_costs,"[681.81, 318.18]"
f78849465d618bc32cf64fb3bddc9db2438bb817ef00ee510558623aa7da7baf,provider_historical,Collingwood Magpies v Gold Coast Suns,h2h,fixed_odds,rejected,False,-62.178000000000054,999.99,-0.062178621786217914,not_a_live_quote_feed; outcome_coverage_unverified; outcome_evidence_missing; licence_review_not_valid_at_asof:tab; quote_stale:tab; settlement_unverified:tab; stake_capacity_unknown:tab; minimum_stake_unknown:tab; licence_review_not_valid_at_asof:ladbrokes; quote_stale:ladbrokes; settlement_unverified:ladbrokes; stake_capacity_unknown:ladbrokes; minimum_stake_unknown:ladbrokes; cross_book_timestamp_skew; no_positive_profit_after_costs,"[670.58, 329.41]"
b250cfcecbb5a82892337a29d295bdb3248e0cba1b3a27bb93951431a82ee3ef,provider_historical,Collingwood Magpies v Gold Coast Suns,h2h,fixed_odds,rejected,False,-62.178000000000054,999.99,-0.062178621786217914,not_a_live_quote_feed; outcome_coverage_unverified; outcome_evidence_missing; licence_review_not_valid_at_asof:tab; quote_stale:tab; settlement_unverified:tab; stake_capacity_unknown:tab; minimum_stake_unknown:tab; licence_review_not_valid_at_asof:neds; quote_stale:neds; settlement_unverified:neds; stake_capacity_unknown:neds; minimum_stake_unknown:neds; cross_book_timestamp_skew; no_positive_profit_after_costs,"[670.58, 329.41]"
458d53f0ba1eb9940eba82fdc7df531e4db2ab23200828674eadd31a2ab2498d,provider_historical,Collingwood Magpies v Gold Coast Suns,h2h,fixed_odds,rejected,False,-37.210000000000036,999.99,-0.03721037210372107,not_a_live_quote_feed; outcome_coverage_unverified; outcome_evidence_missing; licence_review_not_valid_at_asof:ladbrokes; quote_stale:ladbrokes; settlement_unverified:ladbrokes; stake_capacity_unknown:ladbrokes; minimum_stake_unknown:ladbrokes; operator_not_in_verified_allowlist:unibet; quote_stale:unibet; settlement_unverified:unibet; stake_capacity_unknown:unibet; minimum_stake_unknown:unibet; no_positive_profit_after_costs,"[678.73, 321.26]"
06c5e13ffa841407ac247bf968f40137ffd6e57a719cd19fe7809ba066257c03,provider_historical,Collingwood Magpies v Gold Coast Suns,h2h,fixed_odds,rejected,False,-37.210000000000036,999.99,-0.03721037210372107,not_a_live_quote_feed; outcome_coverage_unverified; outcome_evidence_missing; licence_review_not_valid_at_asof:ladbrokes; quote_stale:ladbrokes; settlement_unverified:ladbrokes; stake_capacity_unknown:ladbrokes; minimum_stake_unknown:ladbrokes; licence_review_not_valid_at_asof:tab; quote_stale:tab; settlement_unverified:tab; stake_capacity_unknown:tab; minimum_stake_unknown:tab; cross_book_timestamp_skew; no_positive_profit_after_costs,"[678.73, 321.26]"
17c01f16726cd0a99909c6005433ecb7ccb2db6edea2baad8b4a230bfc983390,provider_historical,Collingwood Magpies v Gold Coast Suns,h2h,fixed_odds,rejected,False,-53.22520000000003,999.99,-0.053225732257322605,not_a_live_quote_feed; outcome_coverage_unverified; outcome_evidence_missing; licence_review_not_valid_at_asof:ladbrokes; quote_stale:ladbrokes; settlement_unverified:ladbrokes; stake_capacity_unknown:ladbrokes; minimum_stake_unknown:ladbrokes; licence_review_not_valid_at_asof:neds; quote_stale:neds; settlement_unverified:neds; stake_capacity_unknown:neds; minimum_stake_unknown:neds; no_positive_profit_after_costs,"[667.44, 332.55]"
3fbafef0556800954ea37f7f494550d93e3c6f0a4b033b3f2c304bc9d666ed45,provider_historical,Collingwood Magpies v Gold Coast Suns,h2h,fixed_odds,rejected,False,-37.210000000000036,999.99,-0.03721037210372107,not_a_live_quote_feed; outcome_coverage_unverified; outcome_evidence_missing; licence_review_not_valid_at_asof:neds; quote_stale:neds; settlement_unverified:neds; stake_capacity_unknown:neds; minimum_stake_unknown:neds; operator_not_in_verified_allowlist:unibet; quote_stale:unibet; settlement_unverified:unibet; stake_capacity_unknown:unibet; minimum_stake_unknown:unibet; no_positive_profit_after_costs,"[678.73, 321.26]"
3e8530d021a15da798b84727fb2358574790a328c460f0d194466f16ad51a009,provider_historical,Collingwood Magpies v Gold Coast Suns,h2h,fixed_odds,rejected,False,-37.210000000000036,999.99,-0.03721037210372107,not_a_live_quote_feed; outcome_coverage_unverified; outcome_evidence_missing; licence_review_not_valid_at_asof:neds; quote_stale:neds; settlement_unverified:neds; stake_capacity_unknown:neds; minimum_stake_unknown:neds; licence_review_not_valid_at_asof:tab; quote_stale:tab; settlement_unverified:tab; stake_capacity_unknown:tab; minimum_stake_unknown:tab; cross_book_timestamp_skew; no_positive_profit_after_costs,"[678.73, 321.26]"
7adbefc66666fff5cdba46dda2e994a066b74007fb41a6e9059c1735084908fe,provider_historical,Collingwood Magpies v Gold Coast Suns,h2h,fixed_odds,rejected,False,-53.22520000000003,999.99,-0.053225732257322605,not_a_live_quote_feed; outcome_coverage_unverified; outcome_evidence_missing; licence_review_not_valid_at_asof:neds; quote_stale:neds; settlement_unverified:neds; stake_capacity_unknown:neds; minimum_stake_unknown:neds; licence_review_not_valid_at_asof:ladbrokes; quote_stale:ladbrokes; settlement_unverified:ladbrokes; stake_capacity_unknown:ladbrokes; minimum_stake_unknown:ladbrokes; no_positive_profit_after_costs,"[667.44, 332.55]"
00a29f8bc20aca1227b9715f7ae3140a6d9cb0e2a74fccc0078e697323c45e81,provider_historical,Collingwood Magpies v Gold Coast Suns,h2h,back_lay,rejected,False,-66.81400000000008,999.992,-0.06681453451627621,not_a_live_quote_feed; outcome_coverage_unverified; outcome_evidence_missing; operator_not_in_verified_allowlist:unibet; quote_stale:unibet; settlement_unverified:unibet; stake_capacity_unknown:unibet; minimum_stake_unknown:unibet; licence_review_not_valid_at_asof:betfair_ex_au; quote_stale:betfair_ex_au; settlement_unverified:betfair_ex_au; stake_capacity_unknown:betfair_ex_au; minimum_stake_unknown:betfair_ex_au; commission_unverified:betfair_ex_au; cross_book_timestamp_skew; no_positive_profit_after_costs,"[667.27, 639.85]"
2d130be12dfc28bded06a204733e930736c8dec7ca966b750e62a8537e55fb49,provider_historical,Collingwood Magpies v Gold Coast Suns,h2h,back_lay,rejected,False,-76.78659999999999,999.9780000000001,-0.07678828934236552,not_a_live_quote_feed; outcome_coverage_unverified; outcome_evidence_missing; operator_not_in_verified_allowlist:unibet; quote_stale:unibet; settlement_unverified:unibet; stake_capacity_unknown:unibet; minimum_stake_unknown:unibet; licence_review_not_valid_at_asof:betfair_ex_au; quote_stale:betfair_ex_au; settlement_unverified:betfair_ex_au; stake_capacity_unknown:betfair_ex_au; minimum_stake_unknown:betfair_ex_au; commission_unverified:betfair_ex_au; cross_book_timestamp_skew; no_positive_profit_after_costs,"[308.07, 247.11]"
678fb78ec3542d7d8379f512f9c0eb053bdec29c23e4ef28bfe58744c8fc04c1,provider_historical,Collingwood Magpies v Gold Coast Suns,h2h,back_lay,rejected,False,-66.81400000000008,999.992,-0.06681453451627621,not_a_live_quote_feed; outcome_coverage_unverified; outcome_evidence_missing; licence_review_not_valid_at_asof:tab; quote_stale:tab; settlement_unverified:tab; stake_capacity_unknown:tab; minimum_stake_unknown:tab; licence_review_not_valid_at_asof:betfair_ex_au; quote_stale:betfair_ex_au; settlement_unverified:betfair_ex_au; stake_capacity_unknown:betfair_ex_au; minimum_stake_unknown:betfair_ex_au; commission_unverified:betfair_ex_au; no_positive_profit_after_costs,"[667.27, 639.85]"
c7ccbeee341537f0d7bb19bdd881d2f8da23b642f15df4b70e51d1bc1a6bd1eb,provider_historical,Collingwood Magpies v Gold Coast Suns,h2h,back_lay,rejected,False,-76.78659999999999,999.9780000000001,-0.07678828934236552,not_a_live_quote_feed; outcome_coverage_unverified; outcome_evidence_missing; licence_review_not_valid_at_asof:tab; quote_stale:tab; settlement_unverified:tab; stake_capacity_unknown:tab; minimum_stake_unknown:tab; licence_review_not_valid_at_asof:betfair_ex_au; quote_stale:betfair_ex_au; settlement_unverified:betfair_ex_au; stake_capacity_unknown:betfair_ex_au; minimum_stake_unknown:betfair_ex_au; commission_unverified:betfair_ex_au; no_positive_profit_after_costs,"[308.07, 247.11]"
aa7cf3347c94fa11e70d6ef012a52b63d23b5abac1a9c7b1ea6ee9d4e9f18dcd,provider_historical,Collingwood Magpies v Gold Coast Suns,h2h,back_lay,rejected,False,-57.95220000000006,999.9884,-0.0579528722533182,not_a_live_quote_feed; outcome_coverage_unverified; outcome_evidence_missing; licence_review_not_valid_at_asof:ladbrokes; quote_stale:ladbrokes; settlement_unverified:ladbrokes; stake_capacity_unknown:ladbrokes; minimum_stake_unknown:ladbrokes; licence_review_not_valid_at_asof:betfair_ex_au; quote_stale:betfair_ex_au; settlement_unverified:betfair_ex_au; stake_capacity_unknown:betfair_ex_au; minimum_stake_unknown:betfair_ex_au; commission_unverified:betfair_ex_au; cross_book_timestamp_skew; no_positive_profit_after_costs,"[664.11, 645.92]"
dad420b41336be1fdcb5c31f4194b4024590a53d5c931fea2a5bda8c0ed96559,provider_historical,Collingwood Magpies v Gold Coast Suns,h2h,back_lay,rejected,False,-91.53020000000004,999.986,-0.0915314814407402,not_a_live_quote_feed; outcome_coverage_unverified; outcome_evidence_missing; licence_review_not_valid_at_asof:ladbrokes; quote_stale:ladbrokes; settlement_unverified:ladbrokes; stake_capacity_unknown:ladbrokes; minimum_stake_unknown:ladbrokes; licence_review_not_valid_at_asof:betfair_ex_au; quote_stale:betfair_ex_au; settlement_unverified:betfair_ex_au; stake_capacity_unknown:betfair_ex_au; minimum_stake_unknown:betfair_ex_au; commission_unverified:betfair_ex_au; cross_book_timestamp_skew; no_positive_profit_after_costs,"[319.11, 243.17]"
5505e76b43f507de2459c4798c4e3954a650bb78a82ed61a3b0cee79b781b0fa,provider_historical,Collingwood Magpies v Gold Coast Suns,h2h,back_lay,rejected,False,-57.95220000000006,999.9884,-0.0579528722533182,not_a_live_quote_feed; outcome_coverage_unverified; outcome_evidence_missing; licence_review_not_valid_at_asof:neds; quote_stale:neds; settlement_unverified:neds; stake_capacity_unknown:neds; minimum_stake_unknown:neds; licence_review_not_valid_at_asof:betfair_ex_au; quote_stale:betfair_ex_au; settlement_unverified:betfair_ex_au; stake_capacity_unknown:betfair_ex_au; minimum_stake_unknown:betfair_ex_au; commission_unverified:betfair_ex_au; cross_book_timestamp_skew; no_positive_profit_after_costs,"[664.11, 645.92]"
d9d0c2ad3975d61838750b4af2de3924fb10670906d51fe8f5eef187fcf4b4dc,provider_historical,Collingwood Magpies v Gold Coast Suns,h2h,back_lay,rejected,False,-91.53020000000004,999.986,-0.0915314814407402,not_a_live_quote_feed; outcome_coverage_unverified; outcome_evidence_missing; licence_review_not_valid_at_asof:neds; quote_stale:neds; settlement_unverified:neds; stake_capacity_unknown:neds; minimum_stake_unknown:neds; licence_review_not_valid_at_asof:betfair_ex_au; quote_stale:betfair_ex_au; settlement_unverified:betfair_ex_au; stake_capacity_unknown:betfair_ex_au; minimum_stake_unknown:betfair_ex_au; commission_unverified:betfair_ex_au; cross_book_timestamp_skew; no_positive_profit_after_costs,"[319.11, 243.17]"
2f35183ccf480d24e9ea7bc4a17f857a79666389537e3096eb8227ac8a6e7582,provider_historical,Carlton Blues v North Melbourne Kangaroos,h2h,fixed_odds,rejected,False,-28.899999999999977,999.99,-0.028900289002890007,not_a_live_quote_feed; outcome_coverage_unverified; outcome_evidence_missing; operator_not_in_verified_allowlist:unibet; quote_stale:unibet; settlement_unverified:unibet; stake_capacity_unknown:unibet; minimum_stake_unknown:unibet; licence_review_not_valid_at_asof:tab; quote_stale:tab; settlement_unverified:tab; stake_capacity_unknown:tab; minimum_stake_unknown:tab; cross_book_timestamp_skew; no_positive_profit_after_costs,"[783.97, 216.02]"
b9354b58a9d870216af040ee29dfc9214068564a4e1a63b77a44529d03a539a2,provider_historical,Carlton Blues v North Melbourne Kangaroos,h2h,fixed_odds,rejected,False,-66.0796,999.99,-0.06608026080260802,not_a_live_quote_feed; outcome_coverage_unverified; outcome_evidence_missing; operator_not_in_verified_allowlist:unibet; quote_stale:unibet; settlement_unverified:unibet; stake_capacity_unknown:unibet; minimum_stake_unknown:unibet; licence_review_not_valid_at_asof:ladbrokes; quote_stale:ladbrokes; settlement_unverified:ladbrokes; stake_capacity_unknown:ladbrokes; minimum_stake_unknown:ladbrokes; no_positive_profit_after_costs,"[753.96, 246.03]"
12cd3fd4334736d7833d0fe869ea66af809d4097b35d6757af001ad762ff6d3f,provider_historical,Carlton Blues v North Melbourne Kangaroos,h2h,fixed_odds,rejected,False,-66.0796,999.99,-0.06608026080260802,not_a_live_quote_feed; outcome_coverage_unverified; outcome_evidence_missing; operator_not_in_verified_allowlist:unibet; quote_stale:unibet; settlement_unverified:unibet; stake_capacity_unknown:unibet; minimum_stake_unknown:unibet; licence_review_not_valid_at_asof:neds; quote_stale:neds; settlement_unverified:neds; stake_capacity_unknown:neds; minimum_stake_unknown:neds; no_positive_profit_after_costs,"[753.96, 246.03]"
ff32af102e9ef858adb0a503af0aaa00deec4d3591dac2a2725835887244d330,provider_historical,Carlton Blues v North Melbourne Kangaroos,h2h,fixed_odds,rejected,False,-72.70900000000017,999.99,-0.07270972709727115,not_a_live_quote_feed; outcome_coverage_unverified; outcome_evidence_missing; licence_review_not_valid_at_asof:tab; quote_stale:tab; settlement_unverified:tab; stake_capacity_unknown:tab; minimum_stake_unknown:tab; operator_not_in_verified_allowlist:unibet; quote_stale:unibet; settlement_unverified:unibet; stake_capacity_unknown:unibet; minimum_stake_unknown:unibet; cross_book_timestamp_skew; no_positive_profit_after_costs,"[773.58, 226.41]"
28f29bfd99cb1ebe6e5b9123d727681b0a30977c0a8366f1012211dc271eaf63,provider_historical,Carlton Blues v North Melbourne Kangaroos,h2h,fixed_odds,rejected,False,-89.01800000000003,999.98,-0.08901978039560794,not_a_live_quote_feed; outcome_coverage_unverified; outcome_evidence_missing; licence_review_not_valid_at_asof:tab; quote_stale:tab; settlement_unverified:tab; stake_capacity_unknown:tab; minimum_stake_unknown:tab; licence_review_not_valid_at_asof:ladbrokes; quote_stale:ladbrokes; settlement_unverified:ladbrokes; stake_capacity_unknown:ladbrokes; minimum_stake_unknown:ladbrokes; cross_book_timestamp_skew; no_positive_profit_after_costs,"[759.99, 239.99]"
55ba6b83162b4acd0c3e42da42c835a0de878888c38817e86ffc2f618ab7c5f0,provider_historical,Carlton Blues v North Melbourne Kangaroos,h2h,fixed_odds,rejected,False,-89.01800000000003,999.98,-0.08901978039560794,not_a_live_quote_feed; outcome_coverage_unverified; outcome_evidence_missing; licence_review_not_valid_at_asof:tab; quote_stale:tab; settlement_unverified:tab; stake_capacity_unknown:tab; minimum_stake_unknown:tab; licence_review_not_valid_at_asof:neds; quote_stale:neds; settlement_unverified:neds; stake_capacity_unknown:neds; minimum_stake_unknown:neds; cross_book_timestamp_skew; no_positive_profit_after_costs,"[759.99, 239.99]"
190159ac2249214db75fe243c6badd4931a11d6fbe137e5e41524b8e685da48c,provider_historical,Carlton Blues v North Melbourne Kangaroos,h2h,fixed_odds,rejected,False,-43.066000000000145,999.99,-0.043066430664306786,not_a_live_quote_feed; outcome_coverage_unverified; outcome_evidence_missing; licence_review_not_valid_at_asof:ladbrokes; quote_stale:ladbrokes; settlement_unverified:ladbrokes; stake_capacity_unknown:ladbrokes; minimum_stake_unknown:ladbrokes; operator_not_in_verified_allowlist:unibet; quote_stale:unibet; settlement_unverified:unibet; stake_capacity_unknown:unibet; minimum_stake_unknown:unibet; no_positive_profit_after_costs,"[766.35, 233.64]"
c49990d1cb69cd43d1bdbb9c3317b7734dd14a046e625965fc2533284f6b7e71,provider_historical,Carlton Blues v North Melbourne Kangaroos,h2h,fixed_odds,rejected,False,-22.73999999999998,999.99,-0.022740227402274004,not_a_live_quote_feed; outcome_coverage_unverified; outcome_evidence_missing; licence_review_not_valid_at_asof:ladbrokes; quote_stale:ladbrokes; settlement_unverified:ladbrokes; stake_capacity_unknown:ladbrokes; minimum_stake_unknown:ladbrokes; licence_review_not_valid_at_asof:tab; quote_stale:tab; settlement_unverified:tab; stake_capacity_unknown:tab; minimum_stake_unknown:tab; cross_book_timestamp_skew; no_positive_profit_after_costs,"[782.6, 217.39]"
38c216d17cfa7495a37ade8de875af4c01f54b218c7f7c0d0a78f21dad99d19c,provider_historical,Carlton Blues v North Melbourne Kangaroos,h2h,fixed_odds,rejected,False,-60.41399999999999,999.99,-0.060414604146041447,not_a_live_quote_feed; outcome_coverage_unverified; outcome_evidence_missing; licence_review_not_valid_at_asof:ladbrokes; quote_stale:ladbrokes; settlement_unverified:ladbrokes; stake_capacity_unknown:ladbrokes; minimum_stake_unknown:ladbrokes; licence_review_not_valid_at_asof:neds; quote_stale:neds; settlement_unverified:neds; stake_capacity_unknown:neds; minimum_stake_unknown:neds; no_positive_profit_after_costs,"[752.47, 247.52]"
e37bb63cb690c2275ead215ad0a407c709eed5a9117af5b2aebd9ff54f061d73,provider_historical,Carlton Blues v North Melbourne Kangaroos,h2h,fixed_odds,rejected,False,-43.066000000000145,999.99,-0.043066430664306786,not_a_live_quote_feed; outcome_coverage_unverified; outcome_evidence_missing; licence_review_not_valid_at_asof:neds; quote_stale:neds; settlement_unverified:neds; stake_capacity_unknown:neds; minimum_stake_unknown:neds; operator_not_in_verified_allowlist:unibet; quote_stale:unibet; settlement_unverified:unibet; stake_capacity_unknown:unibet; minimum_stake_unknown:unibet; no_positive_profit_after_costs,"[766.35, 233.64]"
c2d9b4c18fe6e567004743d4dc489425065368da3f7b18cff8d7b127972e590d,provider_historical,Carlton Blues v North Melbourne Kangaroos,h2h,fixed_odds,rejected,False,-22.73999999999998,999.99,-0.022740227402274004,not_a_live_quote_feed; outcome_coverage_unverified; outcome_evidence_missing; licence_review_not_valid_at_asof:neds; quote_stale:neds; settlement_unverified:neds; stake_capacity_unknown:neds; minimum_stake_unknown:neds; licence_review_not_valid_at_asof:tab; quote_stale:tab; settlement_unverified:tab; stake_capacity_unknown:tab; minimum_stake_unknown:tab; cross_book_timestamp_skew; no_positive_profit_after_costs,"[782.6, 217.39]"
bad8ed2249a31496e44db7b0dae0c23336e00dc0f7e66749c6e2ec5d27de63b6,provider_historical,Carlton Blues v North Melbourne Kangaroos,h2h,fixed_odds,rejected,False,-60.41399999999999,999.99,-0.060414604146041447,not_a_live_quote_feed; outcome_coverage_unverified; outcome_evidence_missing; licence_review_not_valid_at_asof:neds; quote_stale:neds; settlement_unverified:neds; stake_capacity_unknown:neds; minimum_stake_unknown:neds; licence_review_not_valid_at_asof:ladbrokes; quote_stale:ladbrokes; settlement_unverified:ladbrokes; stake_capacity_unknown:ladbrokes; minimum_stake_unknown:ladbrokes; no_positive_profit_after_costs,"[752.47, 247.52]"
5d232981f85d2e3bdc18bb684594d081ecd61730e035ca7ac5dc3ed30a566ffc,provider_historical,Carlton Blues v North Melbourne Kangaroos,h2h,back_lay,rejected,False,-77.95960000000008,999.9908,-0.07796031723491864,not_a_live_quote_feed; outcome_coverage_unverified; outcome_evidence_missing; operator_not_in_verified_allowlist:unibet; quote_stale:unibet; settlement_unverified:unibet; stake_capacity_unknown:unibet; minimum_stake_unknown:unibet; licence_review_not_valid_at_asof:betfair_ex_au; quote_stale:betfair_ex_au; settlement_unverified:betfair_ex_au; stake_capacity_unknown:betfair_ex_au; minimum_stake_unknown:betfair_ex_au; commission_unverified:betfair_ex_au; cross_book_timestamp_skew; no_positive_profit_after_costs,"[744.38, 710.03]"
1255e214fe394ef7f966a26ca7e94efd5f713c4234de7e494b2d068a128a4449,provider_historical,Carlton Blues v North Melbourne Kangaroos,h2h,back_lay,rejected,False,-75.1968,999.944,-0.07520101125663037,not_a_live_quote_feed; outcome_coverage_unverified; outcome_evidence_missing; operator_not_in_verified_allowlist:unibet; quote_stale:unibet; settlement_unverified:unibet; stake_capacity_unknown:unibet; minimum_stake_unknown:unibet; licence_review_not_valid_at_asof:betfair_ex_au; quote_stale:betfair_ex_au; settlement_unverified:betfair_ex_au; stake_capacity_unknown:betfair_ex_au; minimum_stake_unknown:betfair_ex_au; commission_unverified:betfair_ex_au; cross_book_timestamp_skew; no_positive_profit_after_costs,"[225.8, 161.28]"
cbadc20ed39087167983714695fc47775975e5156abc27d6e7b74e895b35c424,provider_historical,Carlton Blues v North Melbourne Kangaroos,h2h,back_lay,rejected,False,-100.30840000000009,999.9924000000001,-0.10030916234963394,not_a_live_quote_feed; outcome_coverage_unverified; outcome_evidence_missing; licence_review_not_valid_at_asof:tab; quote_stale:tab; settlement_unverified:tab; stake_capacity_unknown:tab; minimum_stake_unknown:tab; licence_review_not_valid_at_asof:betfair_ex_au; quote_stale:betfair_ex_au; settlement_unverified:betfair_ex_au; stake_capacity_unknown:betfair_ex_au; minimum_stake_unknown:betfair_ex_au; commission_unverified:betfair_ex_au; no_positive_profit_after_costs,"[750.57, 692.84]"
4854073ee8e40ff65db5c711b0e40a6763d87fab52cce2e58ba81609c2408466,provider_historical,Carlton Blues v North Melbourne Kangaroos,h2h,back_lay,rejected,False,-56.23479999999998,999.924,-0.056239074169636874,not_a_live_quote_feed; outcome_coverage_unverified; outcome_evidence_missing; licence_review_not_valid_at_asof:tab; quote_stale:tab; settlement_unverified:tab; stake_capacity_unknown:tab; minimum_stake_unknown:tab; licence_review_not_valid_at_asof:betfair_ex_au; quote_stale:betfair_ex_au; settlement_unverified:betfair_ex_au; stake_capacity_unknown:betfair_ex_au; minimum_stake_unknown:betfair_ex_au; commission_unverified:betfair_ex_au; no_positive_profit_after_costs,"[209.94, 164.58]"
ad856a515745aba3b8b917165358108d0edf46054fd459f2e3f0c00f4fcee164,provider_historical,Carlton Blues v North Melbourne Kangaroos,h2h,back_lay,rejected,False,-72.42830000000006,999.9908,-0.07242896634649044,not_a_live_quote_feed; outcome_coverage_unverified; outcome_evidence_missing; licence_review_not_valid_at_asof:ladbrokes; quote_stale:ladbrokes; settlement_unverified:ladbrokes; stake_capacity_unknown:ladbrokes; minimum_stake_unknown:ladbrokes; licence_review_not_valid_at_asof:betfair_ex_au; quote_stale:betfair_ex_au; settlement_unverified:betfair_ex_au; stake_capacity_unknown:betfair_ex_au; minimum_stake_unknown:betfair_ex_au; commission_unverified:betfair_ex_au; cross_book_timestamp_skew; no_positive_profit_after_costs,"[742.85, 714.28]"
5c0a32f74f87faee5ec97047ba628e1b7eee3182960837c7f4de3229daa3ac5a,provider_historical,Carlton Blues v North Melbourne Kangaroos,h2h,back_lay,rejected,False,-91.4076,999.9680000000001,-0.09141052513680438,not_a_live_quote_feed; outcome_coverage_unverified; outcome_evidence_missing; licence_review_not_valid_at_asof:ladbrokes; quote_stale:ladbrokes; settlement_unverified:ladbrokes; stake_capacity_unknown:ladbrokes; minimum_stake_unknown:ladbrokes; licence_review_not_valid_at_asof:betfair_ex_au; quote_stale:betfair_ex_au; settlement_unverified:betfair_ex_au; stake_capacity_unknown:betfair_ex_au; minimum_stake_unknown:betfair_ex_au; commission_unverified:betfair_ex_au; cross_book_timestamp_skew; no_positive_profit_after_costs,"[239.36, 158.46]"
d33fb4eff7ba3717765fbd936019068b7ae1c7cf69be706f8311d1f578b3f2d4,provider_historical,Carlton Blues v North Melbourne Kangaroos,h2h,back_lay,rejected,False,-72.42830000000006,999.9908,-0.07242896634649044,not_a_live_quote_feed; outcome_coverage_unverified; outcome_evidence_missing; licence_review_not_valid_at_asof:neds; quote_stale:neds; settlement_unverified:neds; stake_capacity_unknown:neds; minimum_stake_unknown:neds; licence_review_not_valid_at_asof:betfair_ex_au; quote_stale:betfair_ex_au; settlement_unverified:betfair_ex_au; stake_capacity_unknown:betfair_ex_au; minimum_stake_unknown:betfair_ex_au; commission_unverified:betfair_ex_au; cross_book_timestamp_skew; no_positive_profit_after_costs,"[742.85, 714.28]"
63db34500e6ca22433cbe8c534ea9644e9fdf45395d5aef7b5258288f6500e3f,provider_historical,Carlton Blues v North Melbourne Kangaroos,h2h,back_lay,rejected,False,-91.4076,999.9680000000001,-0.09141052513680438,not_a_live_quote_feed; outcome_coverage_unverified; outcome_evidence_missing; licence_review_not_valid_at_asof:neds; quote_stale:neds; settlement_unverified:neds; stake_capacity_unknown:neds; minimum_stake_unknown:neds; licence_review_not_valid_at_asof:betfair_ex_au; quote_stale:betfair_ex_au; settlement_unverified:betfair_ex_au; stake_capacity_unknown:betfair_ex_au; minimum_stake_unknown:betfair_ex_au; commission_unverified:betfair_ex_au; cross_book_timestamp_skew; no_positive_profit_after_costs,"[239.36, 158.46]"
e549f4a6526747f382adcb2e12fc264a0ce70a92e31badb838deb8d0e455d4d0,provider_historical,Western Bulldogs v Essendon Bombers,h2h,fixed_odds,rejected,False,-50.88760000000008,999.99,-0.05088810888108889,not_a_live_quote_feed; outcome_coverage_unverified; outcome_evidence_missing; operator_not_in_verified_allowlist:unibet; quote_stale:unibet; settlement_unverified:unibet; stake_capacity_unknown:unibet; minimum_stake_unknown:unibet; licence_review_not_valid_at_asof:ladbrokes; quote_stale:ladbrokes; settlement_unverified:ladbrokes; stake_capacity_unknown:ladbrokes; minimum_stake_unknown:ladbrokes; no_positive_profit_after_costs,"[688.48, 311.51]"
712e7e6f49ce376798c2f621868303d0cc76120aa62c78d44e5719eaa0509225,provider_historical,Western Bulldogs v Essendon Bombers,h2h,fixed_odds,rejected,False,-55.809999999999945,999.99,-0.055810558105581,not_a_live_quote_feed; outcome_coverage_unverified; outcome_evidence_missing; operator_not_in_verified_allowlist:unibet; quote_stale:unibet; settlement_unverified:unibet; stake_capacity_unknown:unibet; minimum_stake_unknown:unibet; licence_review_not_valid_at_asof:tab; quote_stale:tab; settlement_unverified:tab; stake_capacity_unknown:tab; minimum_stake_unknown:tab; cross_book_timestamp_skew; no_positive_profit_after_costs,"[684.93, 315.06]"
c0f1eb6d2aa9a88d0e9b0fd7f8d1e6f04ffd210a3b101ab99c0789a2fdfdfc74,provider_historical,Western Bulldogs v Essendon Bombers,h2h,fixed_odds,rejected,False,-50.88760000000008,999.99,-0.05088810888108889,not_a_live_quote_feed; outcome_coverage_unverified; outcome_evidence_missing; operator_not_in_verified_allowlist:unibet; quote_stale:unibet; settlement_unverified:unibet; stake_capacity_unknown:unibet; minimum_stake_unknown:unibet; licence_review_not_valid_at_asof:neds; quote_stale:neds; settlement_unverified:neds; stake_capacity_unknown:neds; minimum_stake_unknown:neds; no_positive_profit_after_costs,"[688.48, 311.51]"
498f673425322e0da0d33f8106b4f25449a0d4ee894fc18db6579db0017a7412,provider_historical,Western Bulldogs v Essendon Bombers,h2h,fixed_odds,rejected,False,-55.809999999999945,999.99,-0.055810558105581,not_a_live_quote_feed; outcome_coverage_unverified; outcome_evidence_missing; licence_review_not_valid_at_asof:ladbrokes; quote_stale:ladbrokes; settlement_unverified:ladbrokes; stake_capacity_unknown:ladbrokes; minimum_stake_unknown:ladbrokes; operator_not_in_verified_allowlist:unibet; quote_stale:unibet; settlement_unverified:unibet; stake_capacity_unknown:unibet; minimum_stake_unknown:unibet; no_positive_profit_after_costs,"[684.93, 315.06]"
4768ca9531710e2b2fabf94cc36bbadf0934b67ed011b498c212552c21d11fc0,provider_historical,Western Bulldogs v Essendon Bombers,h2h,fixed_odds,rejected,False,-55.809999999999945,999.99,-0.055810558105581,not_a_live_quote_feed; outcome_coverage_unverified; outcome_evidence_missing; licence_review_not_valid_at_asof:ladbrokes; quote_stale:ladbrokes; settlement_unverified:ladbrokes; stake_capacity_unknown:ladbrokes; minimum_stake_unknown:ladbrokes; licence_review_not_valid_at_asof:tab; quote_stale:tab; settlement_unverified:tab; stake_capacity_unknown:tab; minimum_stake_unknown:tab; cross_book_timestamp_skew; no_positive_profit_after_costs,"[684.93, 315.06]"
be8bee24bee2c8b36d57c2ca150dc69456592c4b34a1fcd6d28811228c1c516b,provider_historical,Western Bulldogs v Essendon Bombers,h2h,fixed_odds,rejected,False,-50.88760000000008,999.99,-0.05088810888108889,not_a_live_quote_feed; outcome_coverage_unverified; outcome_evidence_missing; licence_review_not_valid_at_asof:ladbrokes; quote_stale:ladbrokes; settlement_unverified:ladbrokes; stake_capacity_unknown:ladbrokes; minimum_stake_unknown:ladbrokes; licence_review_not_valid_at_asof:neds; quote_stale:neds; settlement_unverified:neds; stake_capacity_unknown:neds; minimum_stake_unknown:neds; no_positive_profit_after_costs,"[688.48, 311.51]"
089ce1eee48d1710f4e7760aa984f60ee9cd4af5f35dd29f0d5a47cc78820119,provider_historical,Western Bulldogs v Essendon Bombers,h2h,fixed_odds,rejected,False,-46.456000000000074,999.99,-0.04645646456464572,not_a_live_quote_feed; outcome_coverage_unverified; outcome_evidence_missing; licence_review_not_valid_at_asof:tab; quote_stale:tab; settlement_unverified:tab; stake_capacity_unknown:tab; minimum_stake_unknown:tab; operator_not_in_verified_allowlist:unibet; quote_stale:unibet; settlement_unverified:unibet; stake_capacity_unknown:unibet; minimum_stake_unknown:unibet; cross_book_timestamp_skew; no_positive_profit_after_costs,"[681.81, 318.18]"
b6ed7db0491683a5e214daafd2bbaee1f3292819fcb56f16e36d88321ed7236d,provider_historical,Western Bulldogs v Essendon Bombers,h2h,fixed_odds,rejected,False,-41.460000000000036,999.99,-0.041460414604146074,not_a_live_quote_feed; outcome_coverage_unverified; outcome_evidence_missing; licence_review_not_valid_at_asof:tab; quote_stale:tab; settlement_unverified:tab; stake_capacity_unknown:tab; minimum_stake_unknown:tab; licence_review_not_valid_at_asof:ladbrokes; quote_stale:ladbrokes; settlement_unverified:ladbrokes; stake_capacity_unknown:ladbrokes; minimum_stake_unknown:ladbrokes; cross_book_timestamp_skew; no_positive_profit_after_costs,"[685.39, 314.6]"
048f6181aadfc2f10c53fbfccd34a87ea0d47e5fc07d8db274324a286405557e,provider_historical,Western Bulldogs v Essendon Bombers,h2h,fixed_odds,rejected,False,-41.460000000000036,999.99,-0.041460414604146074,not_a_live_quote_feed; outcome_coverage_unverified; outcome_evidence_missing; licence_review_not_valid_at_asof:tab; quote_stale:tab; settlement_unverified:tab; stake_capacity_unknown:tab; minimum_stake_unknown:tab; licence_review_not_valid_at_asof:neds; quote_stale:neds; settlement_unverified:neds; stake_capacity_unknown:neds; minimum_stake_unknown:neds; cross_book_timestamp_skew; no_positive_profit_after_costs,"[685.39, 314.6]"
4b0cb9cbb5323ade2160d59bdba5fabf6340338c0214c19a9732d15fbc1af163,provider_historical,Western Bulldogs v Essendon Bombers,h2h,fixed_odds,rejected,False,-55.809999999999945,999.99,-0.055810558105581,not_a_live_quote_feed; outcome_coverage_unverified; outcome_evidence_missing; licence_review_not_valid_at_asof:neds; quote_stale:neds; settlement_unverified:neds; stake_capacity_unknown:neds; minimum_stake_unknown:neds; operator_not_in_verified_allowlist:unibet; quote_stale:unibet; settlement_unverified:unibet; stake_capacity_unknown:unibet; minimum_stake_unknown:unibet; no_positive_profit_after_costs,"[684.93, 315.06]"
5b666bb96bba9e480cd03cebd15a658eb38bc2c75db16667dae37c39993eb4f0,provider_historical,Western Bulldogs v Essendon Bombers,h2h,fixed_odds,rejected,False,-50.88760000000008,999.99,-0.05088810888108889,not_a_live_quote_feed; outcome_coverage_unverified; outcome_evidence_missing; licence_review_not_valid_at_asof:neds; quote_stale:neds; settlement_unverified:neds; stake_capacity_unknown:neds; minimum_stake_unknown:neds; licence_review_not_valid_at_asof:ladbrokes; quote_stale:ladbrokes; settlement_unverified:ladbrokes; stake_capacity_unknown:ladbrokes; minimum_stake_unknown:ladbrokes; no_positive_profit_after_costs,"[688.48, 311.51]"
eb59b4635a193b8e766cf1779cde16f741defdc65575be20e8dbaf0900da5f95,provider_historical,Western Bulldogs v Essendon Bombers,h2h,fixed_odds,rejected,False,-55.809999999999945,999.99,-0.055810558105581,not_a_live_quote_feed; outcome_coverage_unverified; outcome_evidence_missing; licence_review_not_valid_at_asof:neds; quote_stale:neds; settlement_unverified:neds; stake_capacity_unknown:neds; minimum_stake_unknown:neds; licence_review_not_valid_at_asof:tab; quote_stale:tab; settlement_unverified:tab; stake_capacity_unknown:tab; minimum_stake_unknown:tab; cross_book_timestamp_skew; no_positive_profit_after_costs,"[684.93, 315.06]"
5de63d1afc3818c341faa30bca274f1e82312f640ce39775845b37553e29fb38,provider_historical,Western Bulldogs v Essendon Bombers,h2h,back_lay,rejected,False,-76.78659999999999,999.9780000000001,-0.07678828934236552,not_a_live_quote_feed; outcome_coverage_unverified; outcome_evidence_missing; operator_not_in_verified_allowlist:unibet; quote_stale:unibet; settlement_unverified:unibet; stake_capacity_unknown:unibet; minimum_stake_unknown:unibet; licence_review_not_valid_at_asof:betfair_ex_au; quote_stale:betfair_ex_au; settlement_unverified:betfair_ex_au; stake_capacity_unknown:betfair_ex_au; minimum_stake_unknown:betfair_ex_au; commission_unverified:betfair_ex_au; cross_book_timestamp_skew; no_positive_profit_after_costs,"[308.07, 247.11]"
2bae306a88dd10ce1574641985905eb6dabff47d96b94f909d0ad3cd9e2f3033,provider_historical,Western Bulldogs v Essendon Bombers,h2h,back_lay,rejected,False,-75.76319999999998,999.9944,-0.07576362427629593,not_a_live_quote_feed; outcome_coverage_unverified; outcome_evidence_missing; operator_not_in_verified_allowlist:unibet; quote_stale:unibet; settlement_unverified:unibet; stake_capacity_unknown:unibet; minimum_stake_unknown:unibet; licence_review_not_valid_at_asof:betfair_ex_au; quote_stale:betfair_ex_au; settlement_unverified:betfair_ex_au; stake_capacity_unknown:betfair_ex_au; minimum_stake_unknown:betfair_ex_au; commission_unverified:betfair_ex_au; cross_book_timestamp_skew; no_positive_profit_after_costs,"[670.46, 633.72]"
10b7f545cc00292072fa42ef2ddf02eecbc8822fedfd50a87a6b61ba4131e2ab,provider_historical,Western Bulldogs v Essendon Bombers,h2h,back_lay,rejected,False,-72.09219999999999,999.9959999999999,-0.07209248836995348,not_a_live_quote_feed; outcome_coverage_unverified; outcome_evidence_missing; licence_review_not_valid_at_asof:ladbrokes; quote_stale:ladbrokes; settlement_unverified:ladbrokes; stake_capacity_unknown:ladbrokes; minimum_stake_unknown:ladbrokes; licence_review_not_valid_at_asof:betfair_ex_au; quote_stale:betfair_ex_au; settlement_unverified:betfair_ex_au; stake_capacity_unknown:betfair_ex_au; minimum_stake_unknown:betfair_ex_au; commission_unverified:betfair_ex_au; cross_book_timestamp_skew; no_positive_profit_after_costs,"[304.56, 248.37]"
475012e9367a1a23d2209ebb09039047439f9543c8f02fd4f4857643c5070c54,provider_historical,Western Bulldogs v Essendon Bombers,h2h,back_lay,rejected,False,-75.76319999999998,999.9944,-0.07576362427629593,not_a_live_quote_feed; outcome_coverage_unverified; outcome_evidence_missing; licence_review_not_valid_at_asof:ladbrokes; quote_stale:ladbrokes; settlement_unverified:ladbrokes; stake_capacity_unknown:ladbrokes; minimum_stake_unknown:ladbrokes; licence_review_not_valid_at_asof:betfair_ex_au; quote_stale:betfair_ex_au; settlement_unverified:betfair_ex_au; stake_capacity_unknown:betfair_ex_au; minimum_stake_unknown:betfair_ex_au; commission_unverified:betfair_ex_au; cross_book_timestamp_skew; no_positive_profit_after_costs,"[670.46, 633.72]"
e5bf40798a1e3acae99d8e791259c21d7a5d0dc2b53b0453cc4b761db19d4d51,provider_historical,Western Bulldogs v Essendon Bombers,h2h,back_lay,rejected,False,-76.78659999999999,999.9780000000001,-0.07678828934236552,not_a_live_quote_feed; outcome_coverage_unverified; outcome_evidence_missing; licence_review_not_valid_at_asof:tab; quote_stale:tab; settlement_unverified:tab; stake_capacity_unknown:tab; minimum_stake_unknown:tab; licence_review_not_valid_at_asof:betfair_ex_au; quote_stale:betfair_ex_au; settlement_unverified:betfair_ex_au; stake_capacity_unknown:betfair_ex_au; minimum_stake_unknown:betfair_ex_au; commission_unverified:betfair_ex_au; no_positive_profit_after_costs,"[308.07, 247.11]"
d383e74bfd9a3354e3b225e5f0f066809fd7fffbf38b66a916dcdf49d6944de7,provider_historical,Western Bulldogs v Essendon Bombers,h2h,back_lay,rejected,False,-66.81400000000008,999.992,-0.06681453451627621,not_a_live_quote_feed; outcome_coverage_unverified; outcome_evidence_missing; licence_review_not_valid_at_asof:tab; quote_stale:tab; settlement_unverified:tab; stake_capacity_unknown:tab; minimum_stake_unknown:tab; licence_review_not_valid_at_asof:betfair_ex_au; quote_stale:betfair_ex_au; settlement_unverified:betfair_ex_au; stake_capacity_unknown:betfair_ex_au; minimum_stake_unknown:betfair_ex_au; commission_unverified:betfair_ex_au; no_positive_profit_after_costs,"[667.27, 639.85]"
58f2fe52d6f9b669697f6c090c678fe6de631db44b1545a42fada585b9e27ebf,provider_historical,Western Bulldogs v Essendon Bombers,h2h,back_lay,rejected,False,-72.09219999999999,999.9959999999999,-0.07209248836995348,not_a_live_quote_feed; outcome_coverage_unverified; outcome_evidence_missing; licence_review_not_valid_at_asof:neds; quote_stale:neds; settlement_unverified:neds; stake_capacity_unknown:neds; minimum_stake_unknown:neds; licence_review_not_valid_at_asof:betfair_ex_au; quote_stale:betfair_ex_au; settlement_unverified:betfair_ex_au; stake_capacity_unknown:betfair_ex_au; minimum_stake_unknown:betfair_ex_au; commission_unverified:betfair_ex_au; cross_book_timestamp_skew; no_positive_profit_after_costs,"[304.56, 248.37]"
8d30386efb5cbebfe46f94ff3022612af644a007ad6fa1447b2de99895f1c008,provider_historical,Western Bulldogs v Essendon Bombers,h2h,back_lay,rejected,False,-75.76319999999998,999.9944,-0.07576362427629593,not_a_live_quote_feed; outcome_coverage_unverified; outcome_evidence_missing; licence_review_not_valid_at_asof:neds; quote_stale:neds; settlement_unverified:neds; stake_capacity_unknown:neds; minimum_stake_unknown:neds; licence_review_not_valid_at_asof:betfair_ex_au; quote_stale:betfair_ex_au; settlement_unverified:betfair_ex_au; stake_capacity_unknown:betfair_ex_au; minimum_stake_unknown:betfair_ex_au; commission_unverified:betfair_ex_au; cross_book_timestamp_skew; no_positive_profit_after_costs,"[670.46, 633.72]"
02dc49a57a2cd632c3d06d6f1c9ad74665ab6a5e8396015946dfbecdaeac176e,provider_historical,Sydney Swans v Brisbane Lions,h2h,fixed_odds,rejected,False,-43.49499999999995,999.99,-0.04349543495434949,not_a_live_quote_feed; outcome_coverage_unverified; outcome_evidence_missing; operator_not_in_verified_allowlist:unibet; quote_stale:unibet; settlement_unverified:unibet; stake_capacity_unknown:unibet; minimum_stake_unknown:unibet; licence_review_not_valid_at_asof:tab; quote_stale:tab; settlement_unverified:tab; stake_capacity_unknown:tab; minimum_stake_unknown:tab; cross_book_timestamp_skew; no_positive_profit_after_costs,"[544.04, 455.95]"
90544c7ce96b129caace744decef9ee8402e2439627034c532c4d74f5cd80920,provider_historical,Sydney Swans v Brisbane Lions,h2h,fixed_odds,rejected,False,-54.02200000000005,999.99,-0.0540225402254023,not_a_live_quote_feed; outcome_coverage_unverified; outcome_evidence_missing; operator_not_in_verified_allowlist:unibet; quote_stale:unibet; settlement_unverified:unibet; stake_capacity_unknown:unibet; minimum_stake_unknown:unibet; licence_review_not_valid_at_asof:ladbrokes; quote_stale:ladbrokes; settlement_unverified:ladbrokes; stake_capacity_unknown:ladbrokes; minimum_stake_unknown:ladbrokes; no_positive_profit_after_costs,"[538.05, 461.94]"
0ea41f5619bb699142a38a7636370598b193555b7dea2e3355cc46fc1569755e,provider_historical,Sydney Swans v Brisbane Lions,h2h,fixed_odds,rejected,False,-54.02200000000005,999.99,-0.0540225402254023,not_a_live_quote_feed; outcome_coverage_unverified; outcome_evidence_missing; operator_not_in_verified_allowlist:unibet; quote_stale:unibet; settlement_unverified:unibet; stake_capacity_unknown:unibet; minimum_stake_unknown:unibet; licence_review_not_valid_at_asof:neds; quote_stale:neds; settlement_unverified:neds; stake_capacity_unknown:neds; minimum_stake_unknown:neds; no_positive_profit_after_costs,"[538.05, 461.94]"
f23d55f4fe7db61cacc81a0d287a5eb9770c5f316685348c7336ef9887f5e6ee,provider_historical,Sydney Swans v Brisbane Lions,h2h,fixed_odds,rejected,False,-50.61719999999997,999.99,-0.05061770617706174,not_a_live_quote_feed; outcome_coverage_unverified; outcome_evidence_missing; licence_review_not_valid_at_asof:tab; quote_stale:tab; settlement_unverified:tab; stake_capacity_unknown:tab; minimum_stake_unknown:tab; operator_not_in_verified_allowlist:unibet; quote_stale:unibet; settlement_unverified:unibet; stake_capacity_unknown:unibet; minimum_stake_unknown:unibet; cross_book_timestamp_skew; no_positive_profit_after_costs,"[543.08, 456.91]"
56ef8cea14209b03090b68f706a5d0f474059a0102209a7c7465f6f5fb88138d,provider_historical,Sydney Swans v Brisbane Lions,h2h,fixed_odds,rejected,False,-56.92400000000015,999.99,-0.056924569245692606,not_a_live_quote_feed; outcome_coverage_unverified; outcome_evidence_missing; licence_review_not_valid_at_asof:tab; quote_stale:tab; settlement_unverified:tab; stake_capacity_unknown:tab; minimum_stake_unknown:tab; licence_review_not_valid_at_asof:ladbrokes; quote_stale:ladbrokes; settlement_unverified:ladbrokes; stake_capacity_unknown:ladbrokes; minimum_stake_unknown:ladbrokes; cross_book_timestamp_skew; no_positive_profit_after_costs,"[539.47, 460.52]"
99ce0d2202f842a71ba334ef867663b9b483564b34e993867bffd6ccad08b4be,provider_historical,Sydney Swans v Brisbane Lions,h2h,fixed_odds,rejected,False,-56.92400000000015,999.99,-0.056924569245692606,not_a_live_quote_feed; outcome_coverage_unverified; outcome_evidence_missing; licence_review_not_valid_at_asof:tab; quote_stale:tab; settlement_unverified:tab; stake_capacity_unknown:tab; minimum_stake_unknown:tab; licence_review_not_valid_at_asof:neds; quote_stale:neds; settlement_unverified:neds; stake_capacity_unknown:neds; minimum_stake_unknown:neds; cross_book_timestamp_skew; no_positive_profit_after_costs,"[539.47, 460.52]"
81777ecca9bba2af817a1363e7230c32a54816c3266139b06a30545aad7dc341,provider_historical,Sydney Swans v Brisbane Lions,h2h,fixed_odds,rejected,False,-50.61719999999997,999.99,-0.05061770617706174,not_a_live_quote_feed; outcome_coverage_unverified; outcome_evidence_missing; licence_review_not_valid_at_asof:ladbrokes; quote_stale:ladbrokes; settlement_unverified:ladbrokes; stake_capacity_unknown:ladbrokes; minimum_stake_unknown:ladbrokes; operator_not_in_verified_allowlist:unibet; quote_stale:unibet; settlement_unverified:unibet; stake_capacity_unknown:unibet; minimum_stake_unknown:unibet; no_positive_profit_after_costs,"[543.08, 456.91]"
393e14a78fc1ab36018f99a92bcc0863dc371541497cc62f8ea4454b182fcb57,provider_historical,Sydney Swans v Brisbane Lions,h2h,fixed_odds,rejected,False,-46.45599999999996,999.99,-0.046456464564645604,not_a_live_quote_feed; outcome_coverage_unverified; outcome_evidence_missing; licence_review_not_valid_at_asof:ladbrokes; quote_stale:ladbrokes; settlement_unverified:ladbrokes; stake_capacity_unknown:ladbrokes; minimum_stake_unknown:ladbrokes; licence_review_not_valid_at_asof:tab; quote_stale:tab; settlement_unverified:tab; stake_capacity_unknown:tab; minimum_stake_unknown:tab; cross_book_timestamp_skew; no_positive_profit_after_costs,"[545.45, 454.54]"
da31008b3d3f5278fe96a6ddac59f02a8bc90d53413e3a4c84214cc3c54d62b3,provider_historical,Sydney Swans v Brisbane Lions,h2h,fixed_odds,rejected,False,-56.92400000000015,999.99,-0.056924569245692606,not_a_live_quote_feed; outcome_coverage_unverified; outcome_evidence_missing; licence_review_not_valid_at_asof:ladbrokes; quote_stale:ladbrokes; settlement_unverified:ladbrokes; stake_capacity_unknown:ladbrokes; minimum_stake_unknown:ladbrokes; licence_review_not_valid_at_asof:neds; quote_stale:neds; settlement_unverified:neds; stake_capacity_unknown:neds; minimum_stake_unknown:neds; no_positive_profit_after_costs,"[539.47, 460.52]"
aac3dfcaa8ed5cf836193d7d5da72320a029e7e126f80531fc40c504f644fcc1,provider_historical,Sydney Swans v Brisbane Lions,h2h,fixed_odds,rejected,False,-50.61719999999997,999.99,-0.05061770617706174,not_a_live_quote_feed; outcome_coverage_unverified; outcome_evidence_missing; licence_review_not_valid_at_asof:neds; quote_stale:neds; settlement_unverified:neds; stake_capacity_unknown:neds; minimum_stake_unknown:neds; operator_not_in_verified_allowlist:unibet; quote_stale:unibet; settlement_unverified:unibet; stake_capacity_unknown:unibet; minimum_stake_unknown:unibet; no_positive_profit_after_costs,"[543.08, 456.91]"
504d75623abb2989c0c2356dbe55d50d4f1965d9f439977fc25720de3af080b2,provider_historical,Sydney Swans v Brisbane Lions,h2h,fixed_odds,rejected,False,-46.45599999999996,999.99,-0.046456464564645604,not_a_live_quote_feed; outcome_coverage_unverified; outcome_evidence_missing; licence_review_not_valid_at_asof:neds; quote_stale:neds; settlement_unverified:neds; stake_capacity_unknown:neds; minimum_stake_unknown:neds; licence_review_not_valid_at_asof:tab; quote_stale:tab; settlement_unverified:tab; stake_capacity_unknown:tab; minimum_stake_unknown:tab; cross_book_timestamp_skew; no_positive_profit_after_costs,"[545.45, 454.54]"
0fc7061ecd31701c6020a0a350d9ca451a27150e34e33e490f4765c46bf554bd,provider_historical,Sydney Swans v Brisbane Lions,h2h,fixed_odds,rejected,False,-56.92400000000015,999.99,-0.056924569245692606,not_a_live_quote_feed; outcome_coverage_unverified; outcome_evidence_missing; licence_review_not_valid_at_asof:neds; quote_stale:neds; settlement_unverified:neds; stake_capacity_unknown:neds; minimum_stake_unknown:neds; licence_review_not_valid_at_asof:ladbrokes; quote_stale:ladbrokes; settlement_unverified:ladbrokes; stake_capacity_unknown:ladbrokes; minimum_stake_unknown:ladbrokes; no_positive_profit_after_costs,"[539.47, 460.52]"
c41127d3b1b3314d62c1711596adf94b686f6224898bd53a126e16d1a179263e,provider_historical,Sydney Swans v Brisbane Lions,h2h,back_lay,rejected,False,-71.28379999999999,999.9774,-0.07128541105028972,not_a_live_quote_feed; outcome_coverage_unverified; outcome_evidence_missing; operator_not_in_verified_allowlist:unibet; quote_stale:unibet; settlement_unverified:unibet; stake_capacity_unknown:unibet; minimum_stake_unknown:unibet; licence_review_not_valid_at_asof:betfair_ex_au; quote_stale:betfair_ex_au; settlement_unverified:betfair_ex_au; stake_capacity_unknown:betfair_ex_au; minimum_stake_unknown:betfair_ex_au; commission_unverified:betfair_ex_au; cross_book_timestamp_skew; no_positive_profit_after_costs,"[446.97, 400.73]"
5160a2e29701bc22d8301586bd5e342a6a81230909675a8a51d00fc236a89e3f,provider_historical,Sydney Swans v Brisbane Lions,h2h,back_lay,rejected,False,-62.48219999999998,999.9791,-0.0624835059052734,not_a_live_quote_feed; outcome_coverage_unverified; outcome_evidence_missing; operator_not_in_verified_allowlist:unibet; quote_stale:unibet; settlement_unverified:unibet; stake_capacity_unknown:unibet; minimum_stake_unknown:unibet; licence_review_not_valid_at_asof:betfair_ex_au; quote_stale:betfair_ex_au; settlement_unverified:betfair_ex_au; stake_capacity_unknown:betfair_ex_au; minimum_stake_unknown:betfair_ex_au; commission_unverified:betfair_ex_au; cross_book_timestamp_skew; no_positive_profit_after_costs,"[533.24, 501.87]"
fa456d274a77ecd208f4fd1438f3ffa26cb71292f17037a45b82e672149d1340,provider_historical,Sydney Swans v Brisbane Lions,h2h,back_lay,rejected,False,-67.30999999999995,999.991,-0.0673106057954521,not_a_live_quote_feed; outcome_coverage_unverified; outcome_evidence_missing; licence_review_not_valid_at_asof:tab; quote_stale:tab; settlement_unverified:tab; stake_capacity_unknown:tab; minimum_stake_unknown:tab; licence_review_not_valid_at_asof:betfair_ex_au; quote_stale:betfair_ex_au; settlement_unverified:betfair_ex_au; stake_capacity_unknown:betfair_ex_au; minimum_stake_unknown:betfair_ex_au; commission_unverified:betfair_ex_au; no_positive_profit_after_costs,"[444.61, 402.45]"
a45805960b90ad5429a6e6ee5564e37c766a8c6c5d8faa382c8eb8a361c9d977,provider_historical,Sydney Swans v Brisbane Lions,h2h,back_lay,rejected,False,-65.33099999999996,999.9855,-0.06533194731323601,not_a_live_quote_feed; outcome_coverage_unverified; outcome_evidence_missing; licence_review_not_valid_at_asof:tab; quote_stale:tab; settlement_unverified:tab; stake_capacity_unknown:tab; minimum_stake_unknown:tab; licence_review_not_valid_at_asof:betfair_ex_au; quote_stale:betfair_ex_au; settlement_unverified:betfair_ex_au; stake_capacity_unknown:betfair_ex_au; minimum_stake_unknown:betfair_ex_au; commission_unverified:betfair_ex_au; no_positive_profit_after_costs,"[534.66, 500.35]"
2a1abbc48defa531ecb8f698f0d1e427132ee9c4ef3f18a7644de3514632e013,provider_historical,Sydney Swans v Brisbane Lions,h2h,back_lay,rejected,False,-77.32779999999997,999.9893999999999,-0.07732861968336861,not_a_live_quote_feed; outcome_coverage_unverified; outcome_evidence_missing; licence_review_not_valid_at_asof:ladbrokes; quote_stale:ladbrokes; settlement_unverified:ladbrokes; stake_capacity_unknown:ladbrokes; minimum_stake_unknown:ladbrokes; licence_review_not_valid_at_asof:betfair_ex_au; quote_stale:betfair_ex_au; settlement_unverified:betfair_ex_au; stake_capacity_unknown:betfair_ex_au; minimum_stake_unknown:betfair_ex_au; commission_unverified:betfair_ex_au; cross_book_timestamp_skew; no_positive_profit_after_costs,"[450.57, 398.13]"
42e18a9a295acbfcf68a98b60b1d32ef9cc7e4c5d2f2e83fef8a713bcab95333,provider_historical,Sydney Swans v Brisbane Lions,h2h,back_lay,rejected,False,-65.33099999999996,999.9855,-0.06533194731323601,not_a_live_quote_feed; outcome_coverage_unverified; outcome_evidence_missing; licence_review_not_valid_at_asof:ladbrokes; quote_stale:ladbrokes; settlement_unverified:ladbrokes; stake_capacity_unknown:ladbrokes; minimum_stake_unknown:ladbrokes; licence_review_not_valid_at_asof:betfair_ex_au; quote_stale:betfair_ex_au; settlement_unverified:betfair_ex_au; stake_capacity_unknown:betfair_ex_au; minimum_stake_unknown:betfair_ex_au; commission_unverified:betfair_ex_au; cross_book_timestamp_skew; no_positive_profit_after_costs,"[534.66, 500.35]"
237e557cf9a9d79f4e87c9d1703520ab8fa3e892dc8a64108d4e8ed07be3c7ae,provider_historical,Sydney Swans v Brisbane Lions,h2h,back_lay,rejected,False,-77.32779999999997,999.9893999999999,-0.07732861968336861,not_a_live_quote_feed; outcome_coverage_unverified; outcome_evidence_missing; licence_review_not_valid_at_asof:neds; quote_stale:neds; settlement_unverified:neds; stake_capacity_unknown:neds; minimum_stake_unknown:neds; licence_review_not_valid_at_asof:betfair_ex_au; quote_stale:betfair_ex_au; settlement_unverified:betfair_ex_au; stake_capacity_unknown:betfair_ex_au; minimum_stake_unknown:betfair_ex_au; commission_unverified:betfair_ex_au; cross_book_timestamp_skew; no_positive_profit_after_costs,"[450.57, 398.13]"
10af76b4f20ace2de9bc67cbe47e639b8168402ab761de7d1cc2154796a6f47b,provider_historical,Sydney Swans v Brisbane Lions,h2h,back_lay,rejected,False,-65.33099999999996,999.9855,-0.06533194731323601,not_a_live_quote_feed; outcome_coverage_unverified; outcome_evidence_missing; licence_review_not_valid_at_asof:neds; quote_stale:neds; settlement_unverified:neds; stake_capacity_unknown:neds; minimum_stake_unknown:neds; licence_review_not_valid_at_asof:betfair_ex_au; quote_stale:betfair_ex_au; settlement_unverified:betfair_ex_au; stake_capacity_unknown:betfair_ex_au; minimum_stake_unknown:betfair_ex_au; commission_unverified:betfair_ex_au; cross_book_timestamp_skew; no_positive_profit_after_costs,"[534.66, 500.35]"
