service_key,name,domain,urls,trading_names,license_holders,licensing_authorities,source_status,operational_status,product_category,feed_coverage_status,evidence_status,acma_rows,directory_evidence,verification_note,scanner_key,runtime_enabled,source_url,retrieved_at_utc
123bet.com.au,123bet,123bet.com.au,"[""https://www.123bet.com.au""]","[""123bet""]","[""Winners Bookmaking Pty Ltd""]","[""Liquor & Gaming NSW""]",acma_registered_url,unverified,not_individually_classified,not_verified_by_inventory,official_register_listed,"[{""license_holder"": ""Winners Bookmaking Pty Ltd"", ""licensing_authority"": ""Liquor & Gaming NSW"", ""source_row"": 1, ""trading_name_raw"": ""123bet"", ""url_text"": ""https://www.123bet.com.au"", ""urls"": [""https://www.123bet.com.au""]}]","[{""acma_rows"": [1], ""claimed_status"": ""active"", ""match_method"": ""normalized_brand"", ""name"": ""123bet"", ""reconciliation"": ""matched_register"", ""retrieved_at_utc"": ""2026-09-29T10:09:49.579715+00:00"", ""service_keys"": [""123bet.com.au""], ""source"": ""mybettingsites"", ""source_row"": 91, ""source_url"": ""https://mybettingsites.com/au/articles/list-of-all-online-betting-sites-australia"", ""url"": """"}, {""acma_rows"": [1], ""alias_evidence"": {""note"": ""2026-09-29-operator-verification.md"", ""observation"": {""checked_at_utc"": ""2026-09-29T10:13:26.350176+00:00"", ""final_url"": ""https://www.123bet.com.au:443/"", ""http_status"": 200, ""url"": ""https://betshop.com.au""}}, ""claimed_status"": ""active"", ""match_method"": ""observed_redirect_alias"", ""name"": ""BetShop"", ""reconciliation"": ""matched_register"", ""retrieved_at_utc"": ""2026-09-29T10:09:50.242051+00:00"", ""service_keys"": [""123bet.com.au""], ""source"": ""puntguide"", ""source_row"": 92, ""source_url"": ""https://puntguide.com.au/all-betting-sites"", ""url"": ""https://www.betshop.com.au""}, {""acma_rows"": [1], ""claimed_status"": ""active"", ""match_method"": ""normalized_brand"", ""name"": ""123bet"", ""reconciliation"": ""matched_register"", ""retrieved_at_utc"": ""2026-09-29T10:09:50.242051+00:00"", ""service_keys"": [""123bet.com.au""], ""source"": ""puntguide"", ""source_row"": 124, ""source_url"": ""https://puntguide.com.au/all-betting-sites"", ""url"": ""https://www.123bet.com.au""}]",,,False,https://www.acma.gov.au/check-if-gambling-operator-legal,2026-09-29T10:09:45.223763+00:00
allbets.com.au,Allbets,allbets.com.au,"[""https://allbets.com.au""]","[""Allbets""]","[""Allbets.com.au Pty Ltd""]","[""Liquor & Gaming NSW""]",acma_registered_url,unverified,not_individually_classified,not_verified_by_inventory,official_register_listed,"[{""license_holder"": ""Allbets.com.au Pty Ltd"", ""licensing_authority"": ""Liquor & Gaming NSW"", ""source_row"": 2, ""trading_name_raw"": ""Allbets"", ""url_text"": ""https://allbets.com.au"", ""urls"": [""https://allbets.com.au""]}]","[{""acma_rows"": [2], ""claimed_status"": ""active"", ""match_method"": ""normalized_brand"", ""name"": ""Allbets"", ""reconciliation"": ""matched_register"", ""retrieved_at_utc"": ""2026-09-29T10:09:49.579715+00:00"", ""service_keys"": [""allbets.com.au""], ""source"": ""mybettingsites"", ""source_row"": 119, ""source_url"": ""https://mybettingsites.com/au/articles/list-of-all-online-betting-sites-australia"", ""url"": """"}, {""acma_rows"": [2], ""claimed_status"": ""active"", ""match_method"": ""normalized_brand"", ""name"": ""Allbets"", ""reconciliation"": ""matched_register"", ""retrieved_at_utc"": ""2026-09-29T10:09:50.242051+00:00"", ""service_keys"": [""allbets.com.au""], ""source"": ""puntguide"", ""source_row"": 88, ""source_url"": ""https://puntguide.com.au/all-betting-sites"", ""url"": ""https://www.allbets.com.au""}]",,,False,https://www.acma.gov.au/check-if-gambling-operator-legal,2026-09-29T10:09:45.223763+00:00
baggybet.com,BaggyBet,baggybet.com,"[""https://baggybet.com""]","[""BaggyBet""]","[""BaggyBet Pty Ltd""]","[""Liquor & Gaming NSW""]",acma_registered_url,unverified,not_individually_classified,not_verified_by_inventory,official_register_listed,"[{""license_holder"": ""BaggyBet Pty Ltd"", ""licensing_authority"": ""Liquor & Gaming NSW"", ""source_row"": 6, ""trading_name_raw"": ""BaggyBet"", ""url_text"": ""https://baggybet.com"", ""urls"": [""https://baggybet.com""]}]","[{""acma_rows"": [6], ""claimed_status"": ""active"", ""match_method"": ""normalized_brand"", ""name"": ""BaggyBet"", ""reconciliation"": ""matched_register"", ""retrieved_at_utc"": ""2026-09-29T10:09:49.579715+00:00"", ""service_keys"": [""baggybet.com""], ""source"": ""mybettingsites"", ""source_row"": 49, ""source_url"": ""https://mybettingsites.com/au/articles/list-of-all-online-betting-sites-australia"", ""url"": """"}, {""acma_rows"": [6], ""claimed_status"": ""active"", ""match_method"": ""normalized_brand"", ""name"": ""BaggyBet"", ""reconciliation"": ""matched_register"", ""retrieved_at_utc"": ""2026-09-29T10:09:50.242051+00:00"", ""service_keys"": [""baggybet.com""], ""source"": ""puntguide"", ""source_row"": 58, ""source_url"": ""https://puntguide.com.au/all-betting-sites"", ""url"": ""https://www.baggybet.com.au""}]",,,False,https://www.acma.gov.au/check-if-gambling-operator-legal,2026-09-29T10:09:45.223763+00:00
ballrbet.com,Ballr Bet,ballrbet.com,"[""https://www.ballrbet.com""]","[""Ballr Bet""]","[""Ballr Pty Ltd""]","[""Victorian Gambling and Casino Control Commission""]",acma_registered_url,unverified,not_individually_classified,not_verified_by_inventory,official_register_listed,"[{""license_holder"": ""Ballr Pty Ltd"", ""licensing_authority"": ""Victorian Gambling and Casino Control Commission"", ""source_row"": 7, ""trading_name_raw"": ""Ballr Bet"", ""url_text"": ""https://www.ballrbet.com"", ""urls"": [""https://www.ballrbet.com""]}]","[{""acma_rows"": [7], ""claimed_status"": ""active"", ""match_method"": ""normalized_brand"", ""name"": ""BallrBet"", ""reconciliation"": ""matched_register"", ""retrieved_at_utc"": ""2026-09-29T10:09:49.579715+00:00"", ""service_keys"": [""ballrbet.com""], ""source"": ""mybettingsites"", ""source_row"": 130, ""source_url"": ""https://mybettingsites.com/au/articles/list-of-all-online-betting-sites-australia"", ""url"": """"}, {""acma_rows"": [7], ""claimed_status"": ""active"", ""match_method"": ""normalized_brand"", ""name"": ""BallrBet"", ""reconciliation"": ""matched_register"", ""retrieved_at_utc"": ""2026-09-29T10:09:50.242051+00:00"", ""service_keys"": [""ballrbet.com""], ""source"": ""puntguide"", ""source_row"": 22, ""source_url"": ""https://puntguide.com.au/all-betting-sites"", ""url"": ""https://www.ballrbet.com.au""}]",,,False,https://www.acma.gov.au/check-if-gambling-operator-legal,2026-09-29T10:09:45.223763+00:00
bearbet.com.au,BearBet,bearbet.com.au,"[""https://www.bearbet.com.au""]","[""BearBet""]","[""Bet Holdings Pty Ltd""]","[""Liquor & Gaming NSW""]",acma_registered_url,unverified,not_individually_classified,not_verified_by_inventory,official_register_listed,"[{""license_holder"": ""Bet Holdings Pty Ltd"", ""licensing_authority"": ""Liquor & Gaming NSW"", ""source_row"": 9, ""trading_name_raw"": ""BearBet"", ""url_text"": ""https://www.bearbet.com.au"", ""urls"": [""https://www.bearbet.com.au""]}]","[{""acma_rows"": [9], ""claimed_status"": ""active"", ""match_method"": ""normalized_brand"", ""name"": ""BearBet"", ""reconciliation"": ""matched_register"", ""retrieved_at_utc"": ""2026-09-29T10:09:49.579715+00:00"", ""service_keys"": [""bearbet.com.au""], ""source"": ""mybettingsites"", ""source_row"": 14, ""source_url"": ""https://mybettingsites.com/au/articles/list-of-all-online-betting-sites-australia"", ""url"": """"}, {""acma_rows"": [9], ""claimed_status"": ""active"", ""match_method"": ""normalized_brand"", ""name"": ""BearBet"", ""reconciliation"": ""matched_register"", ""retrieved_at_utc"": ""2026-09-29T10:09:50.242051+00:00"", ""service_keys"": [""bearbet.com.au""], ""source"": ""puntguide"", ""source_row"": 133, ""source_url"": ""https://puntguide.com.au/all-betting-sites"", ""url"": ""https://www.bearbet.com.au""}]",,,False,https://www.acma.gov.au/check-if-gambling-operator-legal,2026-09-29T10:09:45.223763+00:00
beastbet.com.au,BeastBet,beastbet.com.au,"[""https://beastbet.com.au""]","[""BeastBet""]","[""Betting Services Australia Pty Ltd""]","[""Liquor & Gaming NSW""]",acma_registered_url,unverified,not_individually_classified,not_verified_by_inventory,official_register_listed,"[{""license_holder"": ""Betting Services Australia Pty Ltd"", ""licensing_authority"": ""Liquor & Gaming NSW"", ""source_row"": 10, ""trading_name_raw"": ""BeastBet"", ""url_text"": ""https://beastbet.com.au"", ""urls"": [""https://beastbet.com.au""]}]",[],,,False,https://www.acma.gov.au/check-if-gambling-operator-legal,2026-09-29T10:09:45.223763+00:00
betalpha.au,Bet Alpha,betalpha.au,"[""https://www.betalpha.au""]","[""Bet Alpha""]","[""Mintsports Pty Ltd""]","[""Northern Territory Racing and Wagering Commission""]",acma_registered_url,unverified,not_individually_classified,not_verified_by_inventory,official_register_listed,"[{""license_holder"": ""Mintsports Pty Ltd"", ""licensing_authority"": ""Northern Territory Racing and Wagering Commission"", ""source_row"": 12, ""trading_name_raw"": ""Bet Alpha"", ""url_text"": ""https://www.betalpha.au"", ""urls"": [""https://www.betalpha.au""]}]","[{""acma_rows"": [12], ""claimed_status"": ""active"", ""match_method"": ""normalized_brand"", ""name"": ""Bet Alpha"", ""reconciliation"": ""matched_register"", ""retrieved_at_utc"": ""2026-09-29T10:09:49.579715+00:00"", ""service_keys"": [""betalpha.au""], ""source"": ""mybettingsites"", ""source_row"": 31, ""source_url"": ""https://mybettingsites.com/au/articles/list-of-all-online-betting-sites-australia"", ""url"": """"}, {""acma_rows"": [12], ""claimed_status"": ""active"", ""match_method"": ""normalized_brand"", ""name"": ""Bet Alpha"", ""reconciliation"": ""matched_register"", ""retrieved_at_utc"": ""2026-09-29T10:09:50.242051+00:00"", ""service_keys"": [""betalpha.au""], ""source"": ""puntguide"", ""source_row"": 53, ""source_url"": ""https://puntguide.com.au/all-betting-sites"", ""url"": ""https://betalpha.au""}]",,,False,https://www.acma.gov.au/check-if-gambling-operator-legal,2026-09-29T10:09:45.223763+00:00
betbunker.com.au,Bet Bunker,betbunker.com.au,"[""https://www.betbunker.com.au""]","[""Bet Bunker""]","[""W Woodcock and V Moriarty Partnership""]","[""Victorian Gambling and Casino Control Commission""]",acma_registered_url,unverified,not_individually_classified,not_verified_by_inventory,official_register_listed,"[{""license_holder"": ""W Woodcock and V Moriarty Partnership"", ""licensing_authority"": ""Victorian Gambling and Casino Control Commission"", ""source_row"": 13, ""trading_name_raw"": ""Bet Bunker"", ""url_text"": ""https://www.betbunker.com.au"", ""urls"": [""https://www.betbunker.com.au""]}]","[{""acma_rows"": [13], ""claimed_status"": ""active"", ""match_method"": ""normalized_brand"", ""name"": ""BetBunker"", ""reconciliation"": ""matched_register"", ""retrieved_at_utc"": ""2026-09-29T10:09:49.579715+00:00"", ""service_keys"": [""betbunker.com.au""], ""source"": ""mybettingsites"", ""source_row"": 93, ""source_url"": ""https://mybettingsites.com/au/articles/list-of-all-online-betting-sites-australia"", ""url"": """"}, {""acma_rows"": [13], ""claimed_status"": ""active"", ""match_method"": ""normalized_brand"", ""name"": ""BetBunker"", ""reconciliation"": ""matched_register"", ""retrieved_at_utc"": ""2026-09-29T10:09:50.242051+00:00"", ""service_keys"": [""betbunker.com.au""], ""source"": ""puntguide"", ""source_row"": 106, ""source_url"": ""https://puntguide.com.au/all-betting-sites"", ""url"": ""https://www.betbunker.com.au""}]",,,False,https://www.acma.gov.au/check-if-gambling-operator-legal,2026-09-29T10:09:45.223763+00:00
betbuzz.au,Bet Buzz,betbuzz.au,"[""https://www.betbuzz.au""]","[""Bet Buzz""]","[""Mintsports Pty Ltd""]","[""Northern Territory Racing and Wagering Commission""]",acma_registered_url,unverified,not_individually_classified,not_verified_by_inventory,official_register_listed,"[{""license_holder"": ""Mintsports Pty Ltd"", ""licensing_authority"": ""Northern Territory Racing and Wagering Commission"", ""source_row"": 14, ""trading_name_raw"": ""Bet Buzz"", ""url_text"": ""https://www.betbuzz.au"", ""urls"": [""https://www.betbuzz.au""]}]","[{""acma_rows"": [14], ""claimed_status"": ""active"", ""match_method"": ""normalized_brand"", ""name"": ""BetBuzz"", ""reconciliation"": ""matched_register"", ""retrieved_at_utc"": ""2026-09-29T10:09:49.579715+00:00"", ""service_keys"": [""betbuzz.au""], ""source"": ""mybettingsites"", ""source_row"": 30, ""source_url"": ""https://mybettingsites.com/au/articles/list-of-all-online-betting-sites-australia"", ""url"": """"}, {""acma_rows"": [14], ""claimed_status"": ""active"", ""match_method"": ""normalized_brand"", ""name"": ""BetBuzz"", ""reconciliation"": ""matched_register"", ""retrieved_at_utc"": ""2026-09-29T10:09:50.242051+00:00"", ""service_keys"": [""betbuzz.au""], ""source"": ""puntguide"", ""source_row"": 52, ""source_url"": ""https://puntguide.com.au/all-betting-sites"", ""url"": ""https://betbuzz.au""}]",,,False,https://www.acma.gov.au/check-if-gambling-operator-legal,2026-09-29T10:09:45.223763+00:00
betdash.com.au,Bet Dash,betdash.com.au,"[""https://betdash.com.au""]","[""Bet Dash""]","[""Oke, Norman""]","[""Victorian Gambling and Casino Control Commission""]",acma_registered_url,unverified,not_individually_classified,not_verified_by_inventory,official_register_listed,"[{""license_holder"": ""Oke, Norman"", ""licensing_authority"": ""Victorian Gambling and Casino Control Commission"", ""source_row"": 15, ""trading_name_raw"": ""Bet Dash"", ""url_text"": ""https://betdash.com.au"", ""urls"": [""https://betdash.com.au""]}]","[{""acma_rows"": [15], ""claimed_status"": ""active"", ""match_method"": ""normalized_brand"", ""name"": ""BetDash"", ""reconciliation"": ""matched_register"", ""retrieved_at_utc"": ""2026-09-29T10:09:49.579715+00:00"", ""service_keys"": [""betdash.com.au""], ""source"": ""mybettingsites"", ""source_row"": 123, ""source_url"": ""https://mybettingsites.com/au/articles/list-of-all-online-betting-sites-australia"", ""url"": """"}, {""acma_rows"": [15], ""claimed_status"": ""active"", ""match_method"": ""normalized_brand"", ""name"": ""BetDash"", ""reconciliation"": ""matched_register"", ""retrieved_at_utc"": ""2026-09-29T10:09:50.242051+00:00"", ""service_keys"": [""betdash.com.au""], ""source"": ""puntguide"", ""source_row"": 21, ""source_url"": ""https://puntguide.com.au/all-betting-sites"", ""url"": ""https://www.betdash.com.au""}]",,,False,https://www.acma.gov.au/check-if-gambling-operator-legal,2026-09-29T10:09:45.223763+00:00
betdragon.au,Bet Dragon,betdragon.au,"[""https://www.betdragon.au""]","[""Bet Dragon""]","[""Mintsports Pty Ltd""]","[""Northern Territory Racing and Wagering Commission""]",acma_registered_url,unverified,not_individually_classified,not_verified_by_inventory,official_register_listed,"[{""license_holder"": ""Mintsports Pty Ltd"", ""licensing_authority"": ""Northern Territory Racing and Wagering Commission"", ""source_row"": 16, ""trading_name_raw"": ""Bet Dragon"", ""url_text"": ""https://www.betdragon.au"", ""urls"": [""https://www.betdragon.au""]}]","[{""acma_rows"": [16], ""claimed_status"": ""active"", ""match_method"": ""normalized_brand"", ""name"": ""Bet Dragon"", ""reconciliation"": ""matched_register"", ""retrieved_at_utc"": ""2026-09-29T10:09:49.579715+00:00"", ""service_keys"": [""betdragon.au""], ""source"": ""mybettingsites"", ""source_row"": 17, ""source_url"": ""https://mybettingsites.com/au/articles/list-of-all-online-betting-sites-australia"", ""url"": """"}, {""acma_rows"": [16], ""claimed_status"": ""active"", ""match_method"": ""normalized_brand"", ""name"": ""Bet Dragon"", ""reconciliation"": ""matched_register"", ""retrieved_at_utc"": ""2026-09-29T10:09:50.242051+00:00"", ""service_keys"": [""betdragon.au""], ""source"": ""puntguide"", ""source_row"": 14, ""source_url"": ""https://puntguide.com.au/all-betting-sites"", ""url"": ""https://betdragon.au""}]",,,False,https://www.acma.gov.au/check-if-gambling-operator-legal,2026-09-29T10:09:45.223763+00:00
betlegends.com.au,Bet Legends,betlegends.com.au,"[""https://betlegends.com.au""]","[""Bet Legends""]","[""Beirne Racing Pty Ltd""]","[""Victorian Gambling and Casino Control Commission""]",acma_registered_url,unverified,not_individually_classified,not_verified_by_inventory,official_register_listed,"[{""license_holder"": ""Beirne Racing Pty Ltd"", ""licensing_authority"": ""Victorian Gambling and Casino Control Commission"", ""source_row"": 17, ""trading_name_raw"": ""Bet Legends"", ""url_text"": ""https://betlegends.com.au"", ""urls"": [""https://betlegends.com.au""]}]","[{""acma_rows"": [17], ""claimed_status"": ""active"", ""match_method"": ""normalized_brand"", ""name"": ""BetLegends"", ""reconciliation"": ""matched_register"", ""retrieved_at_utc"": ""2026-09-29T10:09:49.579715+00:00"", ""service_keys"": [""betlegends.com.au""], ""source"": ""mybettingsites"", ""source_row"": 19, ""source_url"": ""https://mybettingsites.com/au/articles/list-of-all-online-betting-sites-australia"", ""url"": """"}, {""acma_rows"": [17], ""claimed_status"": ""active"", ""match_method"": ""normalized_brand"", ""name"": ""BetLegends"", ""reconciliation"": ""matched_register"", ""retrieved_at_utc"": ""2026-09-29T10:09:50.242051+00:00"", ""service_keys"": [""betlegends.com.au""], ""source"": ""puntguide"", ""source_row"": 89, ""source_url"": ""https://puntguide.com.au/all-betting-sites"", ""url"": ""https://www.betlegends.com.au""}]",,,False,https://www.acma.gov.au/check-if-gambling-operator-legal,2026-09-29T10:09:45.223763+00:00
betnation.com.au,Bet Nation,betnation.com.au,"[""https://www.betnation.com.au""]","[""Bet Nation""]","[""Amused Australia Pty Ltd""]","[""Northern Territory Racing and Wagering Commission""]",acma_registered_url,unverified,not_individually_classified,not_verified_by_inventory,official_register_listed,"[{""license_holder"": ""Amused Australia Pty Ltd"", ""licensing_authority"": ""Northern Territory Racing and Wagering Commission"", ""source_row"": 18, ""trading_name_raw"": ""Bet Nation"", ""url_text"": ""https://www.betnation.com.au"", ""urls"": [""https://www.betnation.com.au""]}]","[{""acma_rows"": [18], ""claimed_status"": ""active"", ""match_method"": ""normalized_brand"", ""name"": ""Bet Nation"", ""reconciliation"": ""matched_register"", ""retrieved_at_utc"": ""2026-09-29T10:09:49.579715+00:00"", ""service_keys"": [""betnation.com.au""], ""source"": ""mybettingsites"", ""source_row"": 106, ""source_url"": ""https://mybettingsites.com/au/articles/list-of-all-online-betting-sites-australia"", ""url"": """"}, {""acma_rows"": [18], ""claimed_status"": ""active"", ""match_method"": ""normalized_brand"", ""name"": ""Bet Nation"", ""reconciliation"": ""matched_register"", ""retrieved_at_utc"": ""2026-09-29T10:09:50.242051+00:00"", ""service_keys"": [""betnation.com.au""], ""source"": ""puntguide"", ""source_row"": 23, ""source_url"": ""https://puntguide.com.au/all-betting-sites"", ""url"": ""https://www.betnation.com.au""}]",,,False,https://www.acma.gov.au/check-if-gambling-operator-legal,2026-09-29T10:09:45.223763+00:00
betright.com.au,Bet Right,betright.com.au,"[""https://www.betright.com.au""]","[""Bet Right""]","[""IRPSX Pty Ltd""]","[""Northern Territory Racing and Wagering Commission""]",acma_registered_url,unverified,not_individually_classified,not_verified_by_inventory,official_register_listed,"[{""license_holder"": ""IRPSX Pty Ltd"", ""licensing_authority"": ""Northern Territory Racing and Wagering Commission"", ""source_row"": 19, ""trading_name_raw"": ""Bet Right"", ""url_text"": ""https://www.betright.com.au"", ""urls"": [""https://www.betright.com.au""]}]","[{""acma_rows"": [19], ""claimed_status"": ""active"", ""match_method"": ""normalized_brand"", ""name"": ""Bet Right"", ""reconciliation"": ""matched_register"", ""retrieved_at_utc"": ""2026-09-29T10:09:49.579715+00:00"", ""service_keys"": [""betright.com.au""], ""source"": ""mybettingsites"", ""source_row"": 51, ""source_url"": ""https://mybettingsites.com/au/articles/list-of-all-online-betting-sites-australia"", ""url"": """"}, {""acma_rows"": [19], ""claimed_status"": ""active"", ""match_method"": ""normalized_brand"", ""name"": ""Bet Right"", ""reconciliation"": ""matched_register"", ""retrieved_at_utc"": ""2026-09-29T10:09:50.242051+00:00"", ""service_keys"": [""betright.com.au""], ""source"": ""puntguide"", ""source_row"": 4, ""source_url"": ""https://puntguide.com.au/all-betting-sites"", ""url"": ""https://www.betright.com.au""}]",,betright,True,https://www.acma.gov.au/check-if-gambling-operator-legal,2026-09-29T10:09:45.223763+00:00
betrush.com.au,Bet Rush,betrush.com.au,"[""https://www.betrush.com.au""]","[""Bet Rush""]","[""Bet Rush Pty Ltd""]","[""Victorian Gambling and Casino Control Commission""]",acma_registered_url,unverified,not_individually_classified,not_verified_by_inventory,official_register_listed,"[{""license_holder"": ""Bet Rush Pty Ltd"", ""licensing_authority"": ""Victorian Gambling and Casino Control Commission"", ""source_row"": 20, ""trading_name_raw"": ""Bet Rush"", ""url_text"": ""https://www.betrush.com.au"", ""urls"": [""https://www.betrush.com.au""]}]",[],,,False,https://www.acma.gov.au/check-if-gambling-operator-legal,2026-09-29T10:09:45.223763+00:00
betsupreme.com.au,Bet Supreme,betsupreme.com.au,"[""https://betsupreme.com.au""]","[""Bet Supreme""]","[""Bet Supreme Pty Ltd""]","[""Victorian Gambling and Casino Control Commission""]",acma_registered_url,unverified,not_individually_classified,not_verified_by_inventory,official_register_listed,"[{""license_holder"": ""Bet Supreme Pty Ltd"", ""licensing_authority"": ""Victorian Gambling and Casino Control Commission"", ""source_row"": 21, ""trading_name_raw"": ""Bet Supreme"", ""url_text"": ""https://betsupreme.com.au"", ""urls"": [""https://betsupreme.com.au""]}]","[{""acma_rows"": [21], ""claimed_status"": ""active"", ""match_method"": ""normalized_brand"", ""name"": ""BetSupreme"", ""reconciliation"": ""matched_register"", ""retrieved_at_utc"": ""2026-09-29T10:09:49.579715+00:00"", ""service_keys"": [""betsupreme.com.au""], ""source"": ""mybettingsites"", ""source_row"": 34, ""source_url"": ""https://mybettingsites.com/au/articles/list-of-all-online-betting-sites-australia"", ""url"": """"}, {""acma_rows"": [21], ""claimed_status"": ""active"", ""match_method"": ""normalized_brand"", ""name"": ""BetSupreme"", ""reconciliation"": ""matched_register"", ""retrieved_at_utc"": ""2026-09-29T10:09:50.242051+00:00"", ""service_keys"": [""betsupreme.com.au""], ""source"": ""puntguide"", ""source_row"": 42, ""source_url"": ""https://puntguide.com.au/all-betting-sites"", ""url"": ""https://www.betsupreme.com.au""}]",,,False,https://www.acma.gov.au/check-if-gambling-operator-legal,2026-09-29T10:09:45.223763+00:00
betyoucan.au,Bet You Can,betyoucan.au,"[""https://betyoucan.au""]","[""Bet You Can""]","[""Bet You Can Pty Ltd""]","[""Victorian Gambling and Casino Control Commission""]",acma_registered_url,unverified,not_individually_classified,not_verified_by_inventory,official_register_listed,"[{""license_holder"": ""Bet You Can Pty Ltd"", ""licensing_authority"": ""Victorian Gambling and Casino Control Commission"", ""source_row"": 22, ""trading_name_raw"": ""Bet You Can"", ""url_text"": ""https://betyoucan.au"", ""urls"": [""https://betyoucan.au""]}]","[{""acma_rows"": [22], ""claimed_status"": ""active"", ""match_method"": ""normalized_brand"", ""name"": ""BetYouCan"", ""reconciliation"": ""matched_register"", ""retrieved_at_utc"": ""2026-09-29T10:09:49.579715+00:00"", ""service_keys"": [""betyoucan.au""], ""source"": ""mybettingsites"", ""source_row"": 40, ""source_url"": ""https://mybettingsites.com/au/articles/list-of-all-online-betting-sites-australia"", ""url"": """"}, {""acma_rows"": [22], ""claimed_status"": ""active"", ""match_method"": ""normalized_brand"", ""name"": ""BetYouCan"", ""reconciliation"": ""matched_register"", ""retrieved_at_utc"": ""2026-09-29T10:09:50.242051+00:00"", ""service_keys"": [""betyoucan.au""], ""source"": ""puntguide"", ""source_row"": 48, ""source_url"": ""https://puntguide.com.au/all-betting-sites"", ""url"": ""https://betyoucan.au""}]",,,False,https://www.acma.gov.au/check-if-gambling-operator-legal,2026-09-29T10:09:45.223763+00:00
bet365.com.au,bet365,bet365.com.au,"[""https://www.bet365.com.au""]","[""bet365""]","[""Hillside (Australia New Media) Pty Ltd""]","[""Northern Territory Racing and Wagering Commission""]",acma_registered_url,unverified,not_individually_classified,not_verified_by_inventory,official_register_listed,"[{""license_holder"": ""Hillside (Australia New Media) Pty Ltd"", ""licensing_authority"": ""Northern Territory Racing and Wagering Commission"", ""source_row"": 23, ""trading_name_raw"": ""bet365"", ""url_text"": ""https://www.bet365.com.au"", ""urls"": [""https://www.bet365.com.au""]}]","[{""acma_rows"": [23], ""claimed_status"": ""active"", ""match_method"": ""normalized_brand"", ""name"": ""Bet365"", ""reconciliation"": ""matched_register"", ""retrieved_at_utc"": ""2026-09-29T10:09:49.579715+00:00"", ""service_keys"": [""bet365.com.au""], ""source"": ""mybettingsites"", ""source_row"": 9, ""source_url"": ""https://mybettingsites.com/au/articles/list-of-all-online-betting-sites-australia"", ""url"": """"}, {""acma_rows"": [23], ""claimed_status"": ""active"", ""match_method"": ""normalized_brand"", ""name"": ""Bet365"", ""reconciliation"": ""matched_register"", ""retrieved_at_utc"": ""2026-09-29T10:09:50.242051+00:00"", ""service_keys"": [""bet365.com.au""], ""source"": ""puntguide"", ""source_row"": 10, ""source_url"": ""https://puntguide.com.au/all-betting-sites"", ""url"": ""https://www.bet365.com.au""}]",,,False,https://www.acma.gov.au/check-if-gambling-operator-legal,2026-09-29T10:09:45.223763+00:00
bet777.com.au,Bet777,bet777.com.au,"[""https://bet777.com.au""]","[""Bet777""]","[""Bet777 Pty Ltd""]","[""Victorian Gambling and Casino Control Commission""]",acma_registered_url,unverified,not_individually_classified,not_verified_by_inventory,official_register_listed,"[{""license_holder"": ""Bet777 Pty Ltd"", ""licensing_authority"": ""Victorian Gambling and Casino Control Commission"", ""source_row"": 24, ""trading_name_raw"": ""Bet777"", ""url_text"": ""https://bet777.com.au"", ""urls"": [""https://bet777.com.au""]}]","[{""acma_rows"": [24], ""claimed_status"": ""active"", ""match_method"": ""normalized_brand"", ""name"": ""Bet777"", ""reconciliation"": ""matched_register"", ""retrieved_at_utc"": ""2026-09-29T10:09:49.579715+00:00"", ""service_keys"": [""bet777.com.au""], ""source"": ""mybettingsites"", ""source_row"": 56, ""source_url"": ""https://mybettingsites.com/au/articles/list-of-all-online-betting-sites-australia"", ""url"": """"}, {""acma_rows"": [24], ""claimed_status"": ""active"", ""match_method"": ""normalized_brand"", ""name"": ""Bet777"", ""reconciliation"": ""matched_register"", ""retrieved_at_utc"": ""2026-09-29T10:09:50.242051+00:00"", ""service_keys"": [""bet777.com.au""], ""source"": ""puntguide"", ""source_row"": 113, ""source_url"": ""https://puntguide.com.au/all-betting-sites"", ""url"": ""https://www.bet777.com.au""}]",,,False,https://www.acma.gov.au/check-if-gambling-operator-legal,2026-09-29T10:09:45.223763+00:00
betabets.com.au,Betabets,betabets.com.au,"[""https://www.betabets.com.au""]","[""Betabets""]","[""Graham, William""]","[""Victorian Gambling and Casino Control Commission""]",acma_registered_url,unverified,not_individually_classified,not_verified_by_inventory,official_register_listed,"[{""license_holder"": ""Graham, William"", ""licensing_authority"": ""Victorian Gambling and Casino Control Commission"", ""source_row"": 25, ""trading_name_raw"": ""Betabets"", ""url_text"": ""https://www.betabets.com.au"", ""urls"": [""https://www.betabets.com.au""]}]","[{""acma_rows"": [25], ""claimed_status"": ""active"", ""match_method"": ""normalized_brand"", ""name"": ""BetaBets"", ""reconciliation"": ""matched_register"", ""retrieved_at_utc"": ""2026-09-29T10:09:49.579715+00:00"", ""service_keys"": [""betabets.com.au""], ""source"": ""mybettingsites"", ""source_row"": 12, ""source_url"": ""https://mybettingsites.com/au/articles/list-of-all-online-betting-sites-australia"", ""url"": """"}, {""acma_rows"": [25], ""claimed_status"": ""active"", ""match_method"": ""normalized_brand"", ""name"": ""BetaBets"", ""reconciliation"": ""matched_register"", ""retrieved_at_utc"": ""2026-09-29T10:09:50.242051+00:00"", ""service_keys"": [""betabets.com.au""], ""source"": ""puntguide"", ""source_row"": 100, ""source_url"": ""https://puntguide.com.au/all-betting-sites"", ""url"": ""https://betabets.com.au""}]",,,False,https://www.acma.gov.au/check-if-gambling-operator-legal,2026-09-29T10:09:45.223763+00:00
betaces.com.au,BetAces,betaces.com.au,"[""https://www.betaces.com.au""]","[""BetAces""]","[""Millet, Carl""]","[""Liquor & Gaming NSW""]",acma_registered_url,unverified,not_individually_classified,not_verified_by_inventory,official_register_listed,"[{""license_holder"": ""Millet, Carl"", ""licensing_authority"": ""Liquor & Gaming NSW"", ""source_row"": 26, ""trading_name_raw"": ""BetAces"", ""url_text"": ""https://www.betaces.com.au"", ""urls"": [""https://www.betaces.com.au""]}]","[{""acma_rows"": [26], ""claimed_status"": ""active"", ""match_method"": ""normalized_brand"", ""name"": ""BetAces"", ""reconciliation"": ""matched_register"", ""retrieved_at_utc"": ""2026-09-29T10:09:49.579715+00:00"", ""service_keys"": [""betaces.com.au""], ""source"": ""mybettingsites"", ""source_row"": 26, ""source_url"": ""https://mybettingsites.com/au/articles/list-of-all-online-betting-sites-australia"", ""url"": """"}, {""acma_rows"": [26], ""claimed_status"": ""active"", ""match_method"": ""normalized_brand"", ""name"": ""BetAces"", ""reconciliation"": ""matched_register"", ""retrieved_at_utc"": ""2026-09-29T10:09:50.242051+00:00"", ""service_keys"": [""betaces.com.au""], ""source"": ""puntguide"", ""source_row"": 105, ""source_url"": ""https://puntguide.com.au/all-betting-sites"", ""url"": ""https://www.betaces.com.au""}]",,,False,https://www.acma.gov.au/check-if-gambling-operator-legal,2026-09-29T10:09:45.223763+00:00
betaroo.com.au,Betaroo,betaroo.com.au,"[""https://www.betaroo.com.au""]","[""Betaroo""]","[""Betaroo Pty Ltd""]","[""Victorian Gambling and Casino Control Commission""]",acma_registered_url,unverified,not_individually_classified,not_verified_by_inventory,official_register_listed,"[{""license_holder"": ""Betaroo Pty Ltd"", ""licensing_authority"": ""Victorian Gambling and Casino Control Commission"", ""source_row"": 27, ""trading_name_raw"": ""Betaroo"", ""url_text"": ""https://www.betaroo.com.au"", ""urls"": [""https://www.betaroo.com.au""]}]",[],,,False,https://www.acma.gov.au/check-if-gambling-operator-legal,2026-09-29T10:09:45.223763+00:00
betaus.com.au,BetAus Pty Ltd,betaus.com.au,"[""https://betaus.com.au""]","[""BetAus Pty Ltd""]","[""BetAus Pty Ltd""]","[""Victorian Gambling and Casino Control Commission""]",acma_registered_url,unverified,not_individually_classified,not_verified_by_inventory,official_register_listed,"[{""license_holder"": ""BetAus Pty Ltd"", ""licensing_authority"": ""Victorian Gambling and Casino Control Commission"", ""source_row"": 28, ""trading_name_raw"": ""BetAus Pty Ltd"", ""url_text"": ""https://betaus.com.au"", ""urls"": [""https://betaus.com.au""]}]","[{""acma_rows"": [28], ""claimed_status"": ""active"", ""match_method"": ""curated_brand_alias"", ""name"": ""BetAus"", ""reconciliation"": ""matched_register"", ""retrieved_at_utc"": ""2026-09-29T10:09:49.579715+00:00"", ""service_keys"": [""betaus.com.au""], ""source"": ""mybettingsites"", ""source_row"": 35, ""source_url"": ""https://mybettingsites.com/au/articles/list-of-all-online-betting-sites-australia"", ""url"": """"}, {""acma_rows"": [28], ""claimed_status"": ""active"", ""match_method"": ""curated_brand_alias"", ""name"": ""BetAus"", ""reconciliation"": ""matched_register"", ""retrieved_at_utc"": ""2026-09-29T10:09:50.242051+00:00"", ""service_keys"": [""betaus.com.au""], ""source"": ""puntguide"", ""source_row"": 43, ""source_url"": ""https://puntguide.com.au/all-betting-sites"", ""url"": ""https://www.betaus.com.au""}]",,,False,https://www.acma.gov.au/check-if-gambling-operator-legal,2026-09-29T10:09:45.223763+00:00
betbetbet.net.au,BetBetBet,betbetbet.net.au,"[""https://www.betbetbet.net.au""]","[""BetBetBet""]","[""Betbetbet Partnership""]","[""Victorian Gambling and Casino Control Commission""]",acma_registered_url,unverified,not_individually_classified,not_verified_by_inventory,official_register_listed,"[{""license_holder"": ""Betbetbet Partnership"", ""licensing_authority"": ""Victorian Gambling and Casino Control Commission"", ""source_row"": 29, ""trading_name_raw"": ""BetBetBet"", ""url_text"": ""https://www.betbetbet.net.au"", ""urls"": [""https://www.betbetbet.net.au""]}]","[{""acma_rows"": [29], ""claimed_status"": ""active"", ""match_method"": ""normalized_brand"", ""name"": ""BetBetBet"", ""reconciliation"": ""matched_register"", ""retrieved_at_utc"": ""2026-09-29T10:09:49.579715+00:00"", ""service_keys"": [""betbetbet.net.au""], ""source"": ""mybettingsites"", ""source_row"": 65, ""source_url"": ""https://mybettingsites.com/au/articles/list-of-all-online-betting-sites-australia"", ""url"": """"}, {""acma_rows"": [29], ""claimed_status"": ""active"", ""match_method"": ""normalized_brand"", ""name"": ""BetBetBet"", ""reconciliation"": ""matched_register"", ""retrieved_at_utc"": ""2026-09-29T10:09:50.242051+00:00"", ""service_keys"": [""betbetbet.net.au""], ""source"": ""puntguide"", ""source_row"": 120, ""source_url"": ""https://puntguide.com.au/all-betting-sites"", ""url"": ""https://www.betbetbet.net.au""}]",,,False,https://www.acma.gov.au/check-if-gambling-operator-legal,2026-09-29T10:09:45.223763+00:00
betblitz.com.au,BetBlitz,betblitz.com.au,"[""https://www.betblitz.com.au""]","[""BetBlitz""]","[""Frank Hudson Partnership""]","[""Victorian Gambling and Casino Control Commission""]",acma_registered_url,unverified,not_individually_classified,not_verified_by_inventory,official_register_listed,"[{""license_holder"": ""Frank Hudson Partnership"", ""licensing_authority"": ""Victorian Gambling and Casino Control Commission"", ""source_row"": 30, ""trading_name_raw"": ""BetBlitz"", ""url_text"": ""https://www.betblitz.com.au"", ""urls"": [""https://www.betblitz.com.au""]}]","[{""acma_rows"": [30], ""claimed_status"": ""active"", ""match_method"": ""normalized_brand"", ""name"": ""Betblitz"", ""reconciliation"": ""matched_register"", ""retrieved_at_utc"": ""2026-09-29T10:09:49.579715+00:00"", ""service_keys"": [""betblitz.com.au""], ""source"": ""mybettingsites"", ""source_row"": 23, ""source_url"": ""https://mybettingsites.com/au/articles/list-of-all-online-betting-sites-australia"", ""url"": """"}, {""acma_rows"": [30], ""claimed_status"": ""active"", ""match_method"": ""normalized_brand"", ""name"": ""Betblitz"", ""reconciliation"": ""matched_register"", ""retrieved_at_utc"": ""2026-09-29T10:09:50.242051+00:00"", ""service_keys"": [""betblitz.com.au""], ""source"": ""puntguide"", ""source_row"": 39, ""source_url"": ""https://puntguide.com.au/all-betting-sites"", ""url"": ""https://www.betblitz.com.au""}]",,,False,https://www.acma.gov.au/check-if-gambling-operator-legal,2026-09-29T10:09:45.223763+00:00
betbull.com.au,BetBull,betbull.com.au,"[""https://betbull.com.au""]","[""BetBull""]","[""Betting Services Australia Pty Ltd""]","[""Liquor & Gaming NSW""]",acma_registered_url,unverified,not_individually_classified,not_verified_by_inventory,official_register_listed,"[{""license_holder"": ""Betting Services Australia Pty Ltd"", ""licensing_authority"": ""Liquor & Gaming NSW"", ""source_row"": 32, ""trading_name_raw"": ""BetBull"", ""url_text"": ""https://betbull.com.au"", ""urls"": [""https://betbull.com.au""]}]",[],,,False,https://www.acma.gov.au/check-if-gambling-operator-legal,2026-09-29T10:09:45.223763+00:00
betchamps.com.au,Betchamps,betchamps.com.au,"[""https://www.betchamps.com.au""]","[""Betchamps""]","[""Millett, Carl""]","[""Liquor & Gaming NSW""]",acma_registered_url,unverified,not_individually_classified,not_verified_by_inventory,official_register_listed,"[{""license_holder"": ""Millett, Carl"", ""licensing_authority"": ""Liquor & Gaming NSW"", ""source_row"": 33, ""trading_name_raw"": ""Betchamps"", ""url_text"": ""https://www.betchamps.com.au"", ""urls"": [""https://www.betchamps.com.au""]}]","[{""acma_rows"": [33], ""claimed_status"": ""active"", ""match_method"": ""normalized_brand"", ""name"": ""BetChamps"", ""reconciliation"": ""matched_register"", ""retrieved_at_utc"": ""2026-09-29T10:09:49.579715+00:00"", ""service_keys"": [""betchamps.com.au""], ""source"": ""mybettingsites"", ""source_row"": 42, ""source_url"": ""https://mybettingsites.com/au/articles/list-of-all-online-betting-sites-australia"", ""url"": """"}, {""acma_rows"": [33], ""claimed_status"": ""active"", ""match_method"": ""normalized_brand"", ""name"": ""BetChamps"", ""reconciliation"": ""matched_register"", ""retrieved_at_utc"": ""2026-09-29T10:09:50.242051+00:00"", ""service_keys"": [""betchamps.com.au""], ""source"": ""puntguide"", ""source_row"": 49, ""source_url"": ""https://puntguide.com.au/all-betting-sites"", ""url"": ""https://www.betchamps.com.au""}]",,,False,https://www.acma.gov.au/check-if-gambling-operator-legal,2026-09-29T10:09:45.223763+00:00
betcoin.com.au,Betcoin,betcoin.com.au,"[""https://betcoin.com.au""]","[""Betcoin""]","[""Betting Services Australia Pty Ltd""]","[""Liquor & Gaming NSW""]",acma_registered_url,unverified,not_individually_classified,not_verified_by_inventory,official_register_listed,"[{""license_holder"": ""Betting Services Australia Pty Ltd"", ""licensing_authority"": ""Liquor & Gaming NSW"", ""source_row"": 34, ""trading_name_raw"": ""Betcoin"", ""url_text"": ""https://betcoin.com.au"", ""urls"": [""https://betcoin.com.au""]}]",[],,,False,https://www.acma.gov.au/check-if-gambling-operator-legal,2026-09-29T10:09:45.223763+00:00
betdeluxe.com.au,BetDeluxe,betdeluxe.com.au,"[""https://www.betdeluxe.com.au""]","[""BetDeluxe""]","[""Amused Australia Pty Ltd""]","[""Northern Territory Racing and Wagering Commission""]",acma_registered_url,unverified,not_individually_classified,not_verified_by_inventory,official_register_listed,"[{""license_holder"": ""Amused Australia Pty Ltd"", ""licensing_authority"": ""Northern Territory Racing and Wagering Commission"", ""source_row"": 35, ""trading_name_raw"": ""BetDeluxe"", ""url_text"": ""https://www.betdeluxe.com.au"", ""urls"": [""https://www.betdeluxe.com.au""]}]","[{""acma_rows"": [35], ""claimed_status"": ""active"", ""match_method"": ""normalized_brand"", ""name"": ""BetDeluxe"", ""reconciliation"": ""matched_register"", ""retrieved_at_utc"": ""2026-09-29T10:09:49.579715+00:00"", ""service_keys"": [""betdeluxe.com.au""], ""source"": ""mybettingsites"", ""source_row"": 105, ""source_url"": ""https://mybettingsites.com/au/articles/list-of-all-online-betting-sites-australia"", ""url"": """"}, {""acma_rows"": [35], ""claimed_status"": ""active"", ""match_method"": ""normalized_brand"", ""name"": ""BetDeluxe"", ""reconciliation"": ""matched_register"", ""retrieved_at_utc"": ""2026-09-29T10:09:50.242051+00:00"", ""service_keys"": [""betdeluxe.com.au""], ""source"": ""puntguide"", ""source_row"": 98, ""source_url"": ""https://puntguide.com.au/all-betting-sites"", ""url"": ""https://www.betdeluxe.com.au""}]",,,False,https://www.acma.gov.au/check-if-gambling-operator-legal,2026-09-29T10:09:45.223763+00:00
betestate.com.au,BetEstate,betestate.com.au,"[""https://betestate.com.au""]","[""BetEstate""]","[""Betestate Pty Ltd""]","[""Victorian Gambling and Casino Control Commission""]",acma_registered_url,unverified,not_individually_classified,not_verified_by_inventory,official_register_listed,"[{""license_holder"": ""Betestate Pty Ltd"", ""licensing_authority"": ""Victorian Gambling and Casino Control Commission"", ""source_row"": 37, ""trading_name_raw"": ""BetEstate"", ""url_text"": ""https://betestate.com.au"", ""urls"": [""https://betestate.com.au""]}]","[{""acma_rows"": [37], ""claimed_status"": ""active"", ""match_method"": ""normalized_brand"", ""name"": ""BetEstate"", ""reconciliation"": ""matched_register"", ""retrieved_at_utc"": ""2026-09-29T10:09:49.579715+00:00"", ""service_keys"": [""betestate.com.au""], ""source"": ""mybettingsites"", ""source_row"": 32, ""source_url"": ""https://mybettingsites.com/au/articles/list-of-all-online-betting-sites-australia"", ""url"": """"}, {""acma_rows"": [37], ""claimed_status"": ""active"", ""match_method"": ""normalized_brand"", ""name"": ""BetEstate"", ""reconciliation"": ""matched_register"", ""retrieved_at_utc"": ""2026-09-29T10:09:50.242051+00:00"", ""service_keys"": [""betestate.com.au""], ""source"": ""puntguide"", ""source_row"": 41, ""source_url"": ""https://puntguide.com.au/all-betting-sites"", ""url"": ""https://www.betestate.com.au""}]",,,False,https://www.acma.gov.au/check-if-gambling-operator-legal,2026-09-29T10:09:45.223763+00:00
betexpress.com.au,BetExpress,betexpress.com.au,"[""https://www.betexpress.com.au""]","[""BetExpress""]","[""Amused Australia Pty Ltd""]","[""Northern Territory Racing and Wagering Commission""]",acma_registered_url,unverified,not_individually_classified,not_verified_by_inventory,official_register_listed,"[{""license_holder"": ""Amused Australia Pty Ltd"", ""licensing_authority"": ""Northern Territory Racing and Wagering Commission"", ""source_row"": 38, ""trading_name_raw"": ""BetExpress"", ""url_text"": ""https://www.betexpress.com.au"", ""urls"": [""https://www.betexpress.com.au""]}]","[{""acma_rows"": [38], ""claimed_status"": ""active"", ""match_method"": ""normalized_brand"", ""name"": ""BetExpress"", ""reconciliation"": ""matched_register"", ""retrieved_at_utc"": ""2026-09-29T10:09:49.579715+00:00"", ""service_keys"": [""betexpress.com.au""], ""source"": ""mybettingsites"", ""source_row"": 120, ""source_url"": ""https://mybettingsites.com/au/articles/list-of-all-online-betting-sites-australia"", ""url"": """"}, {""acma_rows"": [38], ""claimed_status"": ""active"", ""match_method"": ""normalized_brand"", ""name"": ""BetExpress"", ""reconciliation"": ""matched_register"", ""retrieved_at_utc"": ""2026-09-29T10:09:50.242051+00:00"", ""service_keys"": [""betexpress.com.au""], ""source"": ""puntguide"", ""source_row"": 30, ""source_url"": ""https://puntguide.com.au/all-betting-sites"", ""url"": ""https://www.betexpress.com.au""}]",,,False,https://www.acma.gov.au/check-if-gambling-operator-legal,2026-09-29T10:09:45.223763+00:00
betfair.com.au,Betfair,betfair.com.au,"[""https://www.betfair.com.au""]","[""Betfair""]","[""Betfair Pty Ltd""]","[""Northern Territory Racing and Wagering Commission""]",acma_registered_url,unverified,exchange,not_verified_by_inventory,official_register_listed,"[{""license_holder"": ""Betfair Pty Ltd"", ""licensing_authority"": ""Northern Territory Racing and Wagering Commission"", ""source_row"": 39, ""trading_name_raw"": ""Betfair"", ""url_text"": ""https://www.betfair.com.au"", ""urls"": [""https://www.betfair.com.au""]}]","[{""acma_rows"": [39], ""claimed_status"": ""active"", ""match_method"": ""normalized_brand"", ""name"": ""Betfair"", ""reconciliation"": ""matched_register"", ""retrieved_at_utc"": ""2026-09-29T10:09:49.579715+00:00"", ""service_keys"": [""betfair.com.au""], ""source"": ""mybettingsites"", ""source_row"": 44, ""source_url"": ""https://mybettingsites.com/au/articles/list-of-all-online-betting-sites-australia"", ""url"": """"}, {""acma_rows"": [39], ""claimed_status"": ""active"", ""match_method"": ""normalized_brand"", ""name"": ""Betfair"", ""reconciliation"": ""matched_register"", ""retrieved_at_utc"": ""2026-09-29T10:09:50.242051+00:00"", ""service_keys"": [""betfair.com.au""], ""source"": ""puntguide"", ""source_row"": 55, ""source_url"": ""https://puntguide.com.au/all-betting-sites"", ""url"": ""https://www.betfair.com.au""}]",,betfair_ex_au,True,https://www.acma.gov.au/check-if-gambling-operator-legal,2026-09-29T10:09:45.223763+00:00
betfans.com.au,BetFans,betfans.com.au,"[""https://www.betfans.com.au""]","[""BetFans""]","[""BetFans Pty Ltd""]","[""Victorian Gambling and Casino Control Commission""]",acma_registered_url,unverified,not_individually_classified,not_verified_by_inventory,official_register_listed,"[{""license_holder"": ""BetFans Pty Ltd"", ""licensing_authority"": ""Victorian Gambling and Casino Control Commission"", ""source_row"": 40, ""trading_name_raw"": ""BetFans"", ""url_text"": ""https://www.betfans.com.au"", ""urls"": [""https://www.betfans.com.au""]}]",[],,,False,https://www.acma.gov.au/check-if-gambling-operator-legal,2026-09-29T10:09:45.223763+00:00
betfocus.com.au,Betfocus,betfocus.com.au,"[""https://www.betfocus.com.au""]","[""Betfocus""]","[""Betfocus Pty Ltd""]","[""Liquor & Gaming NSW""]",acma_registered_url,unverified,not_individually_classified,not_verified_by_inventory,official_register_listed,"[{""license_holder"": ""Betfocus Pty Ltd"", ""licensing_authority"": ""Liquor & Gaming NSW"", ""source_row"": 41, ""trading_name_raw"": ""Betfocus"", ""url_text"": ""https://www.betfocus.com.au"", ""urls"": [""https://www.betfocus.com.au""]}]","[{""acma_rows"": [41], ""claimed_status"": ""active"", ""match_method"": ""normalized_brand"", ""name"": ""Betfocus"", ""reconciliation"": ""matched_register"", ""retrieved_at_utc"": ""2026-09-29T10:09:49.579715+00:00"", ""service_keys"": [""betfocus.com.au""], ""source"": ""mybettingsites"", ""source_row"": 38, ""source_url"": ""https://mybettingsites.com/au/articles/list-of-all-online-betting-sites-australia"", ""url"": """"}, {""acma_rows"": [41], ""claimed_status"": ""active"", ""match_method"": ""normalized_brand"", ""name"": ""Betfocus"", ""reconciliation"": ""matched_register"", ""retrieved_at_utc"": ""2026-09-29T10:09:50.242051+00:00"", ""service_keys"": [""betfocus.com.au""], ""source"": ""puntguide"", ""source_row"": 107, ""source_url"": ""https://puntguide.com.au/all-betting-sites"", ""url"": ""https://www.betfocus.com.au""}]",,,False,https://www.acma.gov.au/check-if-gambling-operator-legal,2026-09-29T10:09:45.223763+00:00
betgalaxy.com.au,BetGalaxy,betgalaxy.com.au,"[""https://betgalaxy.com.au""]","[""BetGalaxy""]","[""Track Pursuits Pty Ltd""]","[""Victorian Gambling and Casino Control Commission""]",acma_registered_url,unverified,not_individually_classified,not_verified_by_inventory,official_register_listed,"[{""license_holder"": ""Track Pursuits Pty Ltd"", ""licensing_authority"": ""Victorian Gambling and Casino Control Commission"", ""source_row"": 42, ""trading_name_raw"": ""BetGalaxy"", ""url_text"": ""https://betgalaxy.com.au"", ""urls"": [""https://betgalaxy.com.au""]}]","[{""acma_rows"": [42], ""claimed_status"": ""active"", ""match_method"": ""normalized_brand"", ""name"": ""BetGalaxy"", ""reconciliation"": ""matched_register"", ""retrieved_at_utc"": ""2026-09-29T10:09:49.579715+00:00"", ""service_keys"": [""betgalaxy.com.au""], ""source"": ""mybettingsites"", ""source_row"": 62, ""source_url"": ""https://mybettingsites.com/au/articles/list-of-all-online-betting-sites-australia"", ""url"": """"}, {""acma_rows"": [42], ""claimed_status"": ""active"", ""match_method"": ""normalized_brand"", ""name"": ""BetGalaxy"", ""reconciliation"": ""matched_register"", ""retrieved_at_utc"": ""2026-09-29T10:09:50.242051+00:00"", ""service_keys"": [""betgalaxy.com.au""], ""source"": ""puntguide"", ""source_row"": 119, ""source_url"": ""https://puntguide.com.au/all-betting-sites"", ""url"": ""https://www.betgalaxy.com.au""}]",,,False,https://www.acma.gov.au/check-if-gambling-operator-legal,2026-09-29T10:09:45.223763+00:00
betgold.com.au,BetGold,betgold.com.au,"[""https://betgold.com.au""]","[""BetGold""]","[""Betgold Pty Ltd""]","[""Queensland Racing Integrity Commission""]",acma_registered_url,unverified,not_individually_classified,not_verified_by_inventory,official_register_listed,"[{""license_holder"": ""Betgold Pty Ltd"", ""licensing_authority"": ""Queensland Racing Integrity Commission"", ""source_row"": 43, ""trading_name_raw"": ""BetGold"", ""url_text"": ""https://betgold.com.au"", ""urls"": [""https://betgold.com.au""]}]","[{""acma_rows"": [43], ""claimed_status"": ""active"", ""match_method"": ""normalized_brand"", ""name"": ""BetGold"", ""reconciliation"": ""matched_register"", ""retrieved_at_utc"": ""2026-09-29T10:09:49.579715+00:00"", ""service_keys"": [""betgold.com.au""], ""source"": ""mybettingsites"", ""source_row"": 100, ""source_url"": ""https://mybettingsites.com/au/articles/list-of-all-online-betting-sites-australia"", ""url"": """"}, {""acma_rows"": [43], ""claimed_status"": ""active"", ""match_method"": ""normalized_brand"", ""name"": ""BetGold"", ""reconciliation"": ""matched_register"", ""retrieved_at_utc"": ""2026-09-29T10:09:50.242051+00:00"", ""service_keys"": [""betgold.com.au""], ""source"": ""puntguide"", ""source_row"": 80, ""source_url"": ""https://puntguide.com.au/all-betting-sites"", ""url"": ""https://www.betgold.com.au""}]",,,False,https://www.acma.gov.au/check-if-gambling-operator-legal,2026-09-29T10:09:45.223763+00:00
betit.com.au,Betit,betit.com.au,"[""https://betit.com.au""]","[""Betit""]","[""Booki.com.au Pty Ltd""]","[""Northern Territory Racing and Wagering Commission""]",acma_registered_url,unverified,not_individually_classified,not_verified_by_inventory,official_register_listed,"[{""license_holder"": ""Booki.com.au Pty Ltd"", ""licensing_authority"": ""Northern Territory Racing and Wagering Commission"", ""source_row"": 44, ""trading_name_raw"": ""Betit"", ""url_text"": ""https://betit.com.au"", ""urls"": [""https://betit.com.au""]}]","[{""acma_rows"": [44], ""claimed_status"": ""active"", ""match_method"": ""normalized_brand"", ""name"": ""Betit"", ""reconciliation"": ""matched_register"", ""retrieved_at_utc"": ""2026-09-29T10:09:49.579715+00:00"", ""service_keys"": [""betit.com.au""], ""source"": ""mybettingsites"", ""source_row"": 124, ""source_url"": ""https://mybettingsites.com/au/articles/list-of-all-online-betting-sites-australia"", ""url"": """"}, {""acma_rows"": [44], ""claimed_status"": ""active"", ""match_method"": ""normalized_brand"", ""name"": ""Betit"", ""reconciliation"": ""matched_register"", ""retrieved_at_utc"": ""2026-09-29T10:09:50.242051+00:00"", ""service_keys"": [""betit.com.au""], ""source"": ""puntguide"", ""source_row"": 90, ""source_url"": ""https://puntguide.com.au/all-betting-sites"", ""url"": ""https://www.betit.com.au""}]",,,False,https://www.acma.gov.au/check-if-gambling-operator-legal,2026-09-29T10:09:45.223763+00:00
betjet.com.au,BetJet,betjet.com.au,"[""https://www.betjet.com.au""]","[""BetJet""]","[""Amused Australia Pty Ltd""]","[""Northern Territory Racing and Wagering Commission""]",acma_registered_url,unverified,not_individually_classified,not_verified_by_inventory,official_register_listed,"[{""license_holder"": ""Amused Australia Pty Ltd"", ""licensing_authority"": ""Northern Territory Racing and Wagering Commission"", ""source_row"": 45, ""trading_name_raw"": ""BetJet"", ""url_text"": ""https://www.betjet.com.au"", ""urls"": [""https://www.betjet.com.au""]}]","[{""acma_rows"": [45], ""claimed_status"": ""active"", ""match_method"": ""normalized_brand"", ""name"": ""BetJet"", ""reconciliation"": ""matched_register"", ""retrieved_at_utc"": ""2026-09-29T10:09:49.579715+00:00"", ""service_keys"": [""betjet.com.au""], ""source"": ""mybettingsites"", ""source_row"": 121, ""source_url"": ""https://mybettingsites.com/au/articles/list-of-all-online-betting-sites-australia"", ""url"": """"}, {""acma_rows"": [45], ""claimed_status"": ""active"", ""match_method"": ""normalized_brand"", ""name"": ""BetJet"", ""reconciliation"": ""matched_register"", ""retrieved_at_utc"": ""2026-09-29T10:09:50.242051+00:00"", ""service_keys"": [""betjet.com.au""], ""source"": ""puntguide"", ""source_row"": 13, ""source_url"": ""https://puntguide.com.au/all-betting-sites"", ""url"": ""https://www.betjet.com.au""}]",,,False,https://www.acma.gov.au/check-if-gambling-operator-legal,2026-09-29T10:09:45.223763+00:00
betjoey.com.au,BetJoey,betjoey.com.au,"[""https://betjoey.com.au""]","[""BetJoey""]","[""Engellener, Gregory John""]","[""Victorian Gambling and Casino Control Commission""]",acma_registered_url,unverified,not_individually_classified,not_verified_by_inventory,official_register_listed,"[{""license_holder"": ""Engellener, Gregory John"", ""licensing_authority"": ""Victorian Gambling and Casino Control Commission"", ""source_row"": 46, ""trading_name_raw"": ""BetJoey"", ""url_text"": ""https://betjoey.com.au"", ""urls"": [""https://betjoey.com.au""]}]",[],,,False,https://www.acma.gov.au/check-if-gambling-operator-legal,2026-09-29T10:09:45.223763+00:00
betlocal.com.au,BetLocal,betlocal.com.au,"[""https://betlocal.com.au""]","[""BetLocal""]","[""Betlocal Pty Ltd""]","[""Victorian Gambling and Casino Control Commission""]",acma_registered_url,unverified,not_individually_classified,not_verified_by_inventory,official_register_listed,"[{""license_holder"": ""Betlocal Pty Ltd"", ""licensing_authority"": ""Victorian Gambling and Casino Control Commission"", ""source_row"": 48, ""trading_name_raw"": ""BetLocal"", ""url_text"": ""https://betlocal.com.au"", ""urls"": [""https://betlocal.com.au""]}]","[{""acma_rows"": [48], ""claimed_status"": ""active"", ""match_method"": ""normalized_brand"", ""name"": ""BetLocal"", ""reconciliation"": ""matched_register"", ""retrieved_at_utc"": ""2026-09-29T10:09:49.579715+00:00"", ""service_keys"": [""betlocal.com.au""], ""source"": ""mybettingsites"", ""source_row"": 46, ""source_url"": ""https://mybettingsites.com/au/articles/list-of-all-online-betting-sites-australia"", ""url"": """"}, {""acma_rows"": [48], ""claimed_status"": ""active"", ""match_method"": ""normalized_brand"", ""name"": ""BetLocal"", ""reconciliation"": ""matched_register"", ""retrieved_at_utc"": ""2026-09-29T10:09:50.242051+00:00"", ""service_keys"": [""betlocal.com.au""], ""source"": ""puntguide"", ""source_row"": 56, ""source_url"": ""https://puntguide.com.au/all-betting-sites"", ""url"": ""https://www.betlocal.com.au""}]",,,False,https://www.acma.gov.au/check-if-gambling-operator-legal,2026-09-29T10:09:45.223763+00:00
betnova.com.au,Betnova,betnova.com.au,"[""https://www.betnova.com.au""]","[""Betnova""]","[""Betting Services Australia Pty Ltd""]","[""Liquor & Gaming NSW""]",acma_registered_url,unverified,not_individually_classified,not_verified_by_inventory,official_register_listed,"[{""license_holder"": ""Betting Services Australia Pty Ltd"", ""licensing_authority"": ""Liquor & Gaming NSW"", ""source_row"": 51, ""trading_name_raw"": ""Betnova"", ""url_text"": ""https://www.betnova.com.au"", ""urls"": [""https://www.betnova.com.au""]}]","[{""acma_rows"": [51], ""claimed_status"": ""active"", ""match_method"": ""normalized_brand"", ""name"": ""BetNova"", ""reconciliation"": ""matched_register"", ""retrieved_at_utc"": ""2026-09-29T10:09:49.579715+00:00"", ""service_keys"": [""betnova.com.au""], ""source"": ""mybettingsites"", ""source_row"": 73, ""source_url"": ""https://mybettingsites.com/au/articles/list-of-all-online-betting-sites-australia"", ""url"": """"}, {""acma_rows"": [51], ""claimed_status"": ""active"", ""match_method"": ""normalized_brand"", ""name"": ""BetNova"", ""reconciliation"": ""matched_register"", ""retrieved_at_utc"": ""2026-09-29T10:09:50.242051+00:00"", ""service_keys"": [""betnova.com.au""], ""source"": ""puntguide"", ""source_row"": 64, ""source_url"": ""https://puntguide.com.au/all-betting-sites"", ""url"": ""https://www.betnova.com.au""}]",,,False,https://www.acma.gov.au/check-if-gambling-operator-legal,2026-09-29T10:09:45.223763+00:00
betnow.com.au,Betnow,betnow.com.au,"[""https://www.betnow.com.au""]","[""Betnow""]","[""Betting Services Australia Pty Ltd""]","[""Liquor & Gaming NSW""]",acma_registered_url,unverified,not_individually_classified,not_verified_by_inventory,official_register_listed,"[{""license_holder"": ""Betting Services Australia Pty Ltd"", ""licensing_authority"": ""Liquor & Gaming NSW"", ""source_row"": 52, ""trading_name_raw"": ""Betnow"", ""url_text"": ""https://www.betnow.com.au"", ""urls"": [""https://www.betnow.com.au""]}]","[{""acma_rows"": [52], ""claimed_status"": ""active"", ""match_method"": ""normalized_brand"", ""name"": ""BetNow"", ""reconciliation"": ""matched_register"", ""retrieved_at_utc"": ""2026-09-29T10:09:49.579715+00:00"", ""service_keys"": [""betnow.com.au""], ""source"": ""mybettingsites"", ""source_row"": 71, ""source_url"": ""https://mybettingsites.com/au/articles/list-of-all-online-betting-sites-australia"", ""url"": """"}, {""acma_rows"": [52], ""claimed_status"": ""active"", ""match_method"": ""normalized_brand"", ""name"": ""BetNow"", ""reconciliation"": ""matched_register"", ""retrieved_at_utc"": ""2026-09-29T10:09:50.242051+00:00"", ""service_keys"": [""betnow.com.au""], ""source"": ""puntguide"", ""source_row"": 63, ""source_url"": ""https://puntguide.com.au/all-betting-sites"", ""url"": ""https://www.betnow.com.au""}]",,,False,https://www.acma.gov.au/check-if-gambling-operator-legal,2026-09-29T10:09:45.223763+00:00
betpinnacle.com.au,BetPinnacle,betpinnacle.com.au,"[""https://www.betpinnacle.com.au""]","[""BetPinnacle""]","[""Winners Bookmaking Pty Ltd""]","[""Liquor & Gaming NSW""]",acma_registered_url,unverified,not_individually_classified,not_verified_by_inventory,official_register_listed,"[{""license_holder"": ""Winners Bookmaking Pty Ltd"", ""licensing_authority"": ""Liquor & Gaming NSW"", ""source_row"": 53, ""trading_name_raw"": ""BetPinnacle"", ""url_text"": ""https://www.betpinnacle.com.au"", ""urls"": [""https://www.betpinnacle.com.au""]}]","[{""acma_rows"": [53], ""claimed_status"": ""active"", ""match_method"": ""normalized_brand"", ""name"": ""BetPinnacle"", ""reconciliation"": ""matched_register"", ""retrieved_at_utc"": ""2026-09-29T10:09:49.579715+00:00"", ""service_keys"": [""betpinnacle.com.au""], ""source"": ""mybettingsites"", ""source_row"": 134, ""source_url"": ""https://mybettingsites.com/au/articles/list-of-all-online-betting-sites-australia"", ""url"": """"}, {""acma_rows"": [53], ""claimed_status"": ""active"", ""match_method"": ""normalized_brand"", ""name"": ""Bet Pinnacle"", ""reconciliation"": ""matched_register"", ""retrieved_at_utc"": ""2026-09-29T10:09:50.242051+00:00"", ""service_keys"": [""betpinnacle.com.au""], ""source"": ""puntguide"", ""source_row"": 101, ""source_url"": ""https://puntguide.com.au/all-betting-sites"", ""url"": ""https://www.betpinnacle.com.au/""}]",,,False,https://www.acma.gov.au/check-if-gambling-operator-legal,2026-09-29T10:09:45.223763+00:00
betprofessor.com.au,BetProfessor,betprofessor.com.au,"[""https://betprofessor.com.au""]","[""BetProfessor""]","[""Giant Bet Pty Ltd""]","[""Victorian Gambling and Casino Control Commission""]",acma_registered_url,unverified,not_individually_classified,not_verified_by_inventory,official_register_listed,"[{""license_holder"": ""Giant Bet Pty Ltd"", ""licensing_authority"": ""Victorian Gambling and Casino Control Commission"", ""source_row"": 54, ""trading_name_raw"": ""BetProfessor"", ""url_text"": ""https://betprofessor.com.au"", ""urls"": [""https://betprofessor.com.au""]}]","[{""acma_rows"": [54], ""claimed_status"": ""active"", ""match_method"": ""normalized_brand"", ""name"": ""BetProfessor"", ""reconciliation"": ""matched_register"", ""retrieved_at_utc"": ""2026-09-29T10:09:49.579715+00:00"", ""service_keys"": [""betprofessor.com.au""], ""source"": ""mybettingsites"", ""source_row"": 59, ""source_url"": ""https://mybettingsites.com/au/articles/list-of-all-online-betting-sites-australia"", ""url"": """"}, {""acma_rows"": [54], ""claimed_status"": ""active"", ""match_method"": ""normalized_brand"", ""name"": ""BetProfessor"", ""reconciliation"": ""matched_register"", ""retrieved_at_utc"": ""2026-09-29T10:09:50.242051+00:00"", ""service_keys"": [""betprofessor.com.au""], ""source"": ""puntguide"", ""source_row"": 116, ""source_url"": ""https://puntguide.com.au/all-betting-sites"", ""url"": ""https://www.betprofessor.com.au""}]",,,False,https://www.acma.gov.au/check-if-gambling-operator-legal,2026-09-29T10:09:45.223763+00:00
betr.com.au,betr,betr.com.au,"[""https://www.betr.com.au""]","[""betr""]","[""Betr Entertainment Aus Pty Ltd""]","[""Tasmanian Liquor and Gaming Commission""]",acma_registered_url,unverified,not_individually_classified,not_verified_by_inventory,official_register_listed,"[{""license_holder"": ""Betr Entertainment Aus Pty Ltd"", ""licensing_authority"": ""Tasmanian Liquor and Gaming Commission"", ""source_row"": 55, ""trading_name_raw"": ""betr"", ""url_text"": ""https://www.betr.com.au"", ""urls"": [""https://www.betr.com.au""]}]","[{""acma_rows"": [55], ""claimed_status"": ""active"", ""match_method"": ""normalized_brand"", ""name"": ""betr"", ""reconciliation"": ""matched_register"", ""retrieved_at_utc"": ""2026-09-29T10:09:49.579715+00:00"", ""service_keys"": [""betr.com.au""], ""source"": ""mybettingsites"", ""source_row"": 8, ""source_url"": ""https://mybettingsites.com/au/articles/list-of-all-online-betting-sites-australia"", ""url"": """"}, {""acma_rows"": [55], ""claimed_status"": ""active"", ""match_method"": ""normalized_brand"", ""name"": ""betr"", ""reconciliation"": ""matched_register"", ""retrieved_at_utc"": ""2026-09-29T10:09:50.242051+00:00"", ""service_keys"": [""betr.com.au""], ""source"": ""puntguide"", ""source_row"": 2, ""source_url"": ""https://puntguide.com.au/all-betting-sites"", ""url"": """"}]",,,False,https://www.acma.gov.au/check-if-gambling-operator-legal,2026-09-29T10:09:45.223763+00:00
betraven.com.au,BetRaven,betraven.com.au,"[""https://betraven.com.au""]","[""BetRaven""]","[""Betting Services Australia Pty Ltd""]","[""Liquor & Gaming NSW""]",acma_registered_url,unverified,not_individually_classified,not_verified_by_inventory,official_register_listed,"[{""license_holder"": ""Betting Services Australia Pty Ltd"", ""licensing_authority"": ""Liquor & Gaming NSW"", ""source_row"": 56, ""trading_name_raw"": ""BetRaven"", ""url_text"": ""https://betraven.com.au"", ""urls"": [""https://betraven.com.au""]}]","[{""acma_rows"": [56], ""claimed_status"": ""active"", ""match_method"": ""normalized_brand"", ""name"": ""BetRaven"", ""reconciliation"": ""matched_register"", ""retrieved_at_utc"": ""2026-09-29T10:09:49.579715+00:00"", ""service_keys"": [""betraven.com.au""], ""source"": ""mybettingsites"", ""source_row"": 69, ""source_url"": ""https://mybettingsites.com/au/articles/list-of-all-online-betting-sites-australia"", ""url"": """"}, {""acma_rows"": [56], ""claimed_status"": ""active"", ""match_method"": ""normalized_brand"", ""name"": ""BetRaven"", ""reconciliation"": ""matched_register"", ""retrieved_at_utc"": ""2026-09-29T10:09:50.242051+00:00"", ""service_keys"": [""betraven.com.au""], ""source"": ""puntguide"", ""source_row"": 99, ""source_url"": ""https://puntguide.com.au/all-betting-sites"", ""url"": ""https://www.betraven.com.au""}]",,,False,https://www.acma.gov.au/check-if-gambling-operator-legal,2026-09-29T10:09:45.223763+00:00
betreal.com.au,BetReal,betreal.com.au,"[""https://www.betreal.com.au""]","[""BetReal""]","[""Crownsport Aust. Pty Ltd""]","[""Liquor & Gaming NSW""]",acma_registered_url,unverified,not_individually_classified,not_verified_by_inventory,official_register_listed,"[{""license_holder"": ""Crownsport Aust. Pty Ltd"", ""licensing_authority"": ""Liquor & Gaming NSW"", ""source_row"": 57, ""trading_name_raw"": ""BetReal"", ""url_text"": ""https://www.betreal.com.au"", ""urls"": [""https://www.betreal.com.au""]}]","[{""acma_rows"": [57], ""claimed_status"": ""active"", ""match_method"": ""normalized_brand"", ""name"": ""BetReal"", ""reconciliation"": ""matched_register"", ""retrieved_at_utc"": ""2026-09-29T10:09:49.579715+00:00"", ""service_keys"": [""betreal.com.au""], ""source"": ""mybettingsites"", ""source_row"": 4, ""source_url"": ""https://mybettingsites.com/au/articles/list-of-all-online-betting-sites-australia"", ""url"": """"}, {""acma_rows"": [57], ""claimed_status"": ""active"", ""match_method"": ""normalized_brand"", ""name"": ""BetReal"", ""reconciliation"": ""matched_register"", ""retrieved_at_utc"": ""2026-09-29T10:09:50.242051+00:00"", ""service_keys"": [""betreal.com.au""], ""source"": ""puntguide"", ""source_row"": 32, ""source_url"": ""https://puntguide.com.au/all-betting-sites"", ""url"": ""https://www.betreal.com.au""}]",,,False,https://www.acma.gov.au/check-if-gambling-operator-legal,2026-09-29T10:09:45.223763+00:00
betstation.com.au,BetStation,betstation.com.au,"[""https://www.betstation.com.au""]","[""BetStation""]","[""Mansour, Gavin""]","[""Victorian Gambling and Casino Control Commission""]",acma_registered_url,unverified,not_individually_classified,not_verified_by_inventory,official_register_listed,"[{""license_holder"": ""Mansour, Gavin"", ""licensing_authority"": ""Victorian Gambling and Casino Control Commission"", ""source_row"": 58, ""trading_name_raw"": ""BetStation"", ""url_text"": ""https://www.betstation.com.au"", ""urls"": [""https://www.betstation.com.au""]}]",[],,,False,https://www.acma.gov.au/check-if-gambling-operator-legal,2026-09-29T10:09:45.223763+00:00
betstorm.com.au,BetStorm,betstorm.com.au,"[""https://betstorm.com.au""]","[""BetStorm""]","[""Betting Services Australia Pty Ltd""]","[""Liquor & Gaming NSW""]",acma_registered_url,unverified,not_individually_classified,not_verified_by_inventory,official_register_listed,"[{""license_holder"": ""Betting Services Australia Pty Ltd"", ""licensing_authority"": ""Liquor & Gaming NSW"", ""source_row"": 59, ""trading_name_raw"": ""BetStorm"", ""url_text"": ""https://betstorm.com.au"", ""urls"": [""https://betstorm.com.au""]}]",[],,,False,https://www.acma.gov.au/check-if-gambling-operator-legal,2026-09-29T10:09:45.223763+00:00
betzooka.com.au,Betzooka,betzooka.com.au,"[""https://betzooka.com.au""]","[""Betzooka""]","[""Bossbet Pty Ltd""]","[""Liquor & Gaming NSW""]",acma_registered_url,unverified,not_individually_classified,not_verified_by_inventory,official_register_listed,"[{""license_holder"": ""Bossbet Pty Ltd"", ""licensing_authority"": ""Liquor & Gaming NSW"", ""source_row"": 60, ""trading_name_raw"": ""Betzooka"", ""url_text"": ""https://betzooka.com.au"", ""urls"": [""https://betzooka.com.au""]}]","[{""acma_rows"": [60], ""claimed_status"": ""active"", ""match_method"": ""normalized_brand"", ""name"": ""BetZooka"", ""reconciliation"": ""matched_register"", ""retrieved_at_utc"": ""2026-09-29T10:09:49.579715+00:00"", ""service_keys"": [""betzooka.com.au""], ""source"": ""mybettingsites"", ""source_row"": 122, ""source_url"": ""https://mybettingsites.com/au/articles/list-of-all-online-betting-sites-australia"", ""url"": """"}, {""acma_rows"": [60], ""claimed_status"": ""active"", ""match_method"": ""normalized_brand"", ""name"": ""BetZooka"", ""reconciliation"": ""matched_register"", ""retrieved_at_utc"": ""2026-09-29T10:09:50.242051+00:00"", ""service_keys"": [""betzooka.com.au""], ""source"": ""puntguide"", ""source_row"": 31, ""source_url"": ""https://puntguide.com.au/all-betting-sites"", ""url"": ""https://www.betzooka.com.au""}]",,,False,https://www.acma.gov.au/check-if-gambling-operator-legal,2026-09-29T10:09:45.223763+00:00
bigbet.com.au,BigBet,bigbet.com.au,"[""https://www.bigbet.com.au""]","[""BigBet""]","[""Amused Australia Pty Ltd""]","[""Northern Territory Racing and Wagering Commission""]",acma_registered_url,unverified,not_individually_classified,not_verified_by_inventory,official_register_listed,"[{""license_holder"": ""Amused Australia Pty Ltd"", ""licensing_authority"": ""Northern Territory Racing and Wagering Commission"", ""source_row"": 61, ""trading_name_raw"": ""BigBet"", ""url_text"": ""https://www.bigbet.com.au"", ""urls"": [""https://www.bigbet.com.au""]}]","[{""acma_rows"": [61], ""claimed_status"": ""active"", ""match_method"": ""normalized_brand"", ""name"": ""BigBet"", ""reconciliation"": ""matched_register"", ""retrieved_at_utc"": ""2026-09-29T10:09:49.579715+00:00"", ""service_keys"": [""bigbet.com.au""], ""source"": ""mybettingsites"", ""source_row"": 113, ""source_url"": ""https://mybettingsites.com/au/articles/list-of-all-online-betting-sites-australia"", ""url"": """"}, {""acma_rows"": [61], ""claimed_status"": ""active"", ""match_method"": ""normalized_brand"", ""name"": ""BigBet"", ""reconciliation"": ""matched_register"", ""retrieved_at_utc"": ""2026-09-29T10:09:50.242051+00:00"", ""service_keys"": [""bigbet.com.au""], ""source"": ""puntguide"", ""source_row"": 27, ""source_url"": ""https://puntguide.com.au/all-betting-sites"", ""url"": ""https://www.bigbet.com.au""}]",,,False,https://www.acma.gov.au/check-if-gambling-operator-legal,2026-09-29T10:09:45.223763+00:00
blondebet.com.au,BlondeBet,blondebet.com.au,"[""https://www.blondebet.com.au""]","[""BlondeBet""]","[""Pendlebury Bookmaking Pty Limited""]","[""Liquor & Gaming NSW""]",acma_registered_url,unverified,not_individually_classified,not_verified_by_inventory,official_register_listed,"[{""license_holder"": ""Pendlebury Bookmaking Pty Limited"", ""licensing_authority"": ""Liquor & Gaming NSW"", ""source_row"": 62, ""trading_name_raw"": ""BlondeBet"", ""url_text"": ""https://www.blondebet.com.au"", ""urls"": [""https://www.blondebet.com.au""]}]","[{""acma_rows"": [62], ""claimed_status"": ""active"", ""match_method"": ""normalized_brand"", ""name"": ""BlondeBet"", ""reconciliation"": ""matched_register"", ""retrieved_at_utc"": ""2026-09-29T10:09:49.579715+00:00"", ""service_keys"": [""blondebet.com.au""], ""source"": ""mybettingsites"", ""source_row"": 27, ""source_url"": ""https://mybettingsites.com/au/articles/list-of-all-online-betting-sites-australia"", ""url"": """"}, {""acma_rows"": [62], ""claimed_status"": ""active"", ""match_method"": ""normalized_brand"", ""name"": ""BlondeBet"", ""reconciliation"": ""matched_register"", ""retrieved_at_utc"": ""2026-09-29T10:09:50.242051+00:00"", ""service_keys"": [""blondebet.com.au""], ""source"": ""puntguide"", ""source_row"": 40, ""source_url"": ""https://puntguide.com.au/all-betting-sites"", ""url"": ""https://www.blondebet.com.au""}]",,,False,https://www.acma.gov.au/check-if-gambling-operator-legal,2026-09-29T10:09:45.223763+00:00
bookieprice.com,BookiePrice,bookieprice.com,"[""https://www.bookieprice.com""]","[""BookiePrice""]","[""Michener, Steven""]","[""Liquor & Gaming NSW""]",acma_registered_url,unverified,not_individually_classified,not_verified_by_inventory,official_register_listed,"[{""license_holder"": ""Michener, Steven"", ""licensing_authority"": ""Liquor & Gaming NSW"", ""source_row"": 63, ""trading_name_raw"": ""BookiePrice"", ""url_text"": ""https://www.bookieprice.com"", ""urls"": [""https://www.bookieprice.com""]}]",[],,,False,https://www.acma.gov.au/check-if-gambling-operator-legal,2026-09-29T10:09:45.223763+00:00
boostbet.com.au,Boostbet,boostbet.com.au,"[""https://boostbet.com.au""]","[""Boostbet""]","[""Boostbet Pty Ltd""]","[""Liquor & Gaming NSW""]",acma_registered_url,unverified,not_individually_classified,not_verified_by_inventory,official_register_listed,"[{""license_holder"": ""Boostbet Pty Ltd"", ""licensing_authority"": ""Liquor & Gaming NSW"", ""source_row"": 65, ""trading_name_raw"": ""Boostbet"", ""url_text"": ""https://boostbet.com.au"", ""urls"": [""https://boostbet.com.au""]}]","[{""acma_rows"": [65], ""claimed_status"": ""active"", ""match_method"": ""normalized_brand"", ""name"": ""BoostBet"", ""reconciliation"": ""matched_register"", ""retrieved_at_utc"": ""2026-09-29T10:09:49.579715+00:00"", ""service_keys"": [""boostbet.com.au""], ""source"": ""mybettingsites"", ""source_row"": 115, ""source_url"": ""https://mybettingsites.com/au/articles/list-of-all-online-betting-sites-australia"", ""url"": """"}, {""acma_rows"": [65], ""claimed_status"": ""active"", ""match_method"": ""normalized_brand"", ""name"": ""BoostBet"", ""reconciliation"": ""matched_register"", ""retrieved_at_utc"": ""2026-09-29T10:09:50.242051+00:00"", ""service_keys"": [""boostbet.com.au""], ""source"": ""puntguide"", ""source_row"": 130, ""source_url"": ""https://puntguide.com.au/all-betting-sites"", ""url"": ""https://www.boostbet.com.au""}]",,,False,https://www.acma.gov.au/check-if-gambling-operator-legal,2026-09-29T10:09:45.223763+00:00
bossbet.com.au,BossBet,bossbet.com.au,"[""https://bossbet.com.au""]","[""BossBet""]","[""Bossbet Pty Ltd""]","[""Liquor & Gaming NSW""]",acma_registered_url,unverified,not_individually_classified,not_verified_by_inventory,official_register_listed,"[{""license_holder"": ""Bossbet Pty Ltd"", ""licensing_authority"": ""Liquor & Gaming NSW"", ""source_row"": 66, ""trading_name_raw"": ""BossBet"", ""url_text"": ""https://bossbet.com.au"", ""urls"": [""https://bossbet.com.au""]}]","[{""acma_rows"": [66], ""claimed_status"": ""active"", ""match_method"": ""normalized_brand"", ""name"": ""BossBet"", ""reconciliation"": ""matched_register"", ""retrieved_at_utc"": ""2026-09-29T10:09:49.579715+00:00"", ""service_keys"": [""bossbet.com.au""], ""source"": ""mybettingsites"", ""source_row"": 101, ""source_url"": ""https://mybettingsites.com/au/articles/list-of-all-online-betting-sites-australia"", ""url"": """"}, {""acma_rows"": [66], ""claimed_status"": ""active"", ""match_method"": ""normalized_brand"", ""name"": ""BossBet"", ""reconciliation"": ""matched_register"", ""retrieved_at_utc"": ""2026-09-29T10:09:50.242051+00:00"", ""service_keys"": [""bossbet.com.au""], ""source"": ""puntguide"", ""source_row"": 81, ""source_url"": ""https://puntguide.com.au/all-betting-sites"", ""url"": ""https://www.bossbet.com.au""}]",,,False,https://www.acma.gov.au/check-if-gambling-operator-legal,2026-09-29T10:09:45.223763+00:00
businessbet.com.au,Business-Bet,businessbet.com.au,"[""https://businessbet.com.au""]","[""Business-Bet""]","[""Doughty, Anthony""]","[""Victorian Gambling and Casino Control Commission""]",acma_registered_url,unverified,not_individually_classified,not_verified_by_inventory,official_register_listed,"[{""license_holder"": ""Doughty, Anthony"", ""licensing_authority"": ""Victorian Gambling and Casino Control Commission"", ""source_row"": 68, ""trading_name_raw"": ""Business-Bet"", ""url_text"": ""https://businessbet.com.au"", ""urls"": [""https://businessbet.com.au""]}]","[{""acma_rows"": [68], ""claimed_status"": ""active"", ""match_method"": ""normalized_brand"", ""name"": ""BusinessBet"", ""reconciliation"": ""matched_register"", ""retrieved_at_utc"": ""2026-09-29T10:09:49.579715+00:00"", ""service_keys"": [""businessbet.com.au""], ""source"": ""mybettingsites"", ""source_row"": 138, ""source_url"": ""https://mybettingsites.com/au/articles/list-of-all-online-betting-sites-australia"", ""url"": """"}]",,,False,https://www.acma.gov.au/check-if-gambling-operator-legal,2026-09-29T10:09:45.223763+00:00
capitalbet.com.au,CapitalBet,capitalbet.com.au,"[""https://capitalbet.com.au""]","[""CapitalBet""]","[""Capital Bet Pty Ltd""]","[""Liquor & Gaming NSW""]",acma_registered_url,unverified,not_individually_classified,not_verified_by_inventory,official_register_listed,"[{""license_holder"": ""Capital Bet Pty Ltd"", ""licensing_authority"": ""Liquor & Gaming NSW"", ""source_row"": 69, ""trading_name_raw"": ""CapitalBet"", ""url_text"": ""https://capitalbet.com.au"", ""urls"": [""https://capitalbet.com.au""]}]",[],,,False,https://www.acma.gov.au/check-if-gambling-operator-legal,2026-09-29T10:09:45.223763+00:00
cashcage.com.au,Cash Cage,cashcage.com.au,"[""https://www.cashcage.com.au""]","[""Cash Cage""]","[""Cash Cage Pty Ltd""]","[""Liquor & Gaming NSW""]",acma_registered_url,unverified,not_individually_classified,not_verified_by_inventory,official_register_listed,"[{""license_holder"": ""Cash Cage Pty Ltd"", ""licensing_authority"": ""Liquor & Gaming NSW"", ""source_row"": 70, ""trading_name_raw"": ""Cash Cage"", ""url_text"": ""https://www.cashcage.com.au"", ""urls"": [""https://www.cashcage.com.au""]}]","[{""acma_rows"": [70], ""claimed_status"": ""active"", ""match_method"": ""normalized_brand"", ""name"": ""Cash Cage"", ""reconciliation"": ""matched_register"", ""retrieved_at_utc"": ""2026-09-29T10:09:49.579715+00:00"", ""service_keys"": [""cashcage.com.au""], ""source"": ""mybettingsites"", ""source_row"": 13, ""source_url"": ""https://mybettingsites.com/au/articles/list-of-all-online-betting-sites-australia"", ""url"": """"}, {""acma_rows"": [70], ""claimed_status"": ""active"", ""match_method"": ""normalized_brand"", ""name"": ""CashCage"", ""reconciliation"": ""matched_register"", ""retrieved_at_utc"": ""2026-09-29T10:09:50.242051+00:00"", ""service_keys"": [""cashcage.com.au""], ""source"": ""puntguide"", ""source_row"": 134, ""source_url"": ""https://puntguide.com.au/all-betting-sites"", ""url"": ""https://www.cashcage.com.au""}]",,,False,https://www.acma.gov.au/check-if-gambling-operator-legal,2026-09-29T10:09:45.223763+00:00
chasebet.com.au,Chasebet,chasebet.com.au,"[""https://www.chasebet.com.au""]","[""Chasebet""]","[""Harris Bookmaking Pty Ltd""]","[""Liquor & Gaming NSW""]",acma_registered_url,unverified,not_individually_classified,not_verified_by_inventory,official_register_listed,"[{""license_holder"": ""Harris Bookmaking Pty Ltd"", ""licensing_authority"": ""Liquor & Gaming NSW"", ""source_row"": 71, ""trading_name_raw"": ""Chasebet"", ""url_text"": ""https://www.chasebet.com.au"", ""urls"": [""https://www.chasebet.com.au""]}]","[{""acma_rows"": [71], ""claimed_status"": ""active"", ""match_method"": ""normalized_brand"", ""name"": ""Chasebet"", ""reconciliation"": ""matched_register"", ""retrieved_at_utc"": ""2026-09-29T10:09:49.579715+00:00"", ""service_keys"": [""chasebet.com.au""], ""source"": ""mybettingsites"", ""source_row"": 86, ""source_url"": ""https://mybettingsites.com/au/articles/list-of-all-online-betting-sites-australia"", ""url"": """"}, {""acma_rows"": [71], ""claimed_status"": ""active"", ""match_method"": ""normalized_brand"", ""name"": ""Chasebet"", ""reconciliation"": ""matched_register"", ""retrieved_at_utc"": ""2026-09-29T10:09:50.242051+00:00"", ""service_keys"": [""chasebet.com.au""], ""source"": ""puntguide"", ""source_row"": 72, ""source_url"": ""https://puntguide.com.au/all-betting-sites"", ""url"": ""https://www.chasebet.com.au""}]",,,False,https://www.acma.gov.au/check-if-gambling-operator-legal,2026-09-29T10:09:45.223763+00:00
chromabet.com.au,ChromaBet,chromabet.com.au,"[""https://chromabet.com.au""]","[""ChromaBet""]","[""G & T Mansour""]","[""Victorian Gambling and Casino Control Commission""]",acma_registered_url,unverified,not_individually_classified,not_verified_by_inventory,official_register_listed,"[{""license_holder"": ""G & T Mansour"", ""licensing_authority"": ""Victorian Gambling and Casino Control Commission"", ""source_row"": 72, ""trading_name_raw"": ""ChromaBet"", ""url_text"": ""https://chromabet.com.au"", ""urls"": [""https://chromabet.com.au""]}]","[{""acma_rows"": [72], ""claimed_status"": ""active"", ""match_method"": ""normalized_brand"", ""name"": ""ChromaBet"", ""reconciliation"": ""matched_register"", ""retrieved_at_utc"": ""2026-09-29T10:09:49.579715+00:00"", ""service_keys"": [""chromabet.com.au""], ""source"": ""mybettingsites"", ""source_row"": 55, ""source_url"": ""https://mybettingsites.com/au/articles/list-of-all-online-betting-sites-australia"", ""url"": """"}, {""acma_rows"": [72], ""claimed_status"": ""active"", ""match_method"": ""normalized_brand"", ""name"": ""ChromaBet"", ""reconciliation"": ""matched_register"", ""retrieved_at_utc"": ""2026-09-29T10:09:50.242051+00:00"", ""service_keys"": [""chromabet.com.au""], ""source"": ""puntguide"", ""source_row"": 112, ""source_url"": ""https://puntguide.com.au/all-betting-sites"", ""url"": ""https://www.chromabet.com.au""}]",,,False,https://www.acma.gov.au/check-if-gambling-operator-legal,2026-09-29T10:09:45.223763+00:00
clubbet.au,ClubBet,clubbet.au,"[""https://clubbet.au""]","[""ClubBet""]","[""ClubBet Pty Ltd""]","[""Victorian Gambling and Casino Control Commission""]",acma_registered_url,unverified,not_individually_classified,not_verified_by_inventory,official_register_listed,"[{""license_holder"": ""ClubBet Pty Ltd"", ""licensing_authority"": ""Victorian Gambling and Casino Control Commission"", ""source_row"": 74, ""trading_name_raw"": ""ClubBet"", ""url_text"": ""https://clubbet.au"", ""urls"": [""https://clubbet.au""]}]","[{""acma_rows"": [74], ""claimed_status"": ""active"", ""match_method"": ""normalized_brand"", ""name"": ""ClubBet"", ""reconciliation"": ""matched_register"", ""retrieved_at_utc"": ""2026-09-29T10:09:49.579715+00:00"", ""service_keys"": [""clubbet.au""], ""source"": ""mybettingsites"", ""source_row"": 20, ""source_url"": ""https://mybettingsites.com/au/articles/list-of-all-online-betting-sites-australia"", ""url"": """"}, {""acma_rows"": [74], ""claimed_status"": ""active"", ""match_method"": ""normalized_brand"", ""name"": ""ClubBET"", ""reconciliation"": ""matched_register"", ""retrieved_at_utc"": ""2026-09-29T10:09:50.242051+00:00"", ""service_keys"": [""clubbet.au""], ""source"": ""puntguide"", ""source_row"": 103, ""source_url"": ""https://puntguide.com.au/all-betting-sites"", ""url"": ""https://clubbet.au""}]",,,False,https://www.acma.gov.au/check-if-gambling-operator-legal,2026-09-29T10:09:45.223763+00:00
colossalbet.com.au,Colossalbet,colossalbet.com.au,"[""https://www.colossalbet.com.au""]","[""Colossalbet""]","[""Ryman, Mark""]","[""Liquor & Gaming NSW""]",acma_registered_url,unverified,not_individually_classified,not_verified_by_inventory,official_register_listed,"[{""license_holder"": ""Ryman, Mark"", ""licensing_authority"": ""Liquor & Gaming NSW"", ""source_row"": 75, ""trading_name_raw"": ""Colossalbet"", ""url_text"": ""https://www.colossalbet.com.au"", ""urls"": [""https://www.colossalbet.com.au""]}]","[{""acma_rows"": [75], ""claimed_status"": ""active"", ""match_method"": ""normalized_brand"", ""name"": ""Colossalbet"", ""reconciliation"": ""matched_register"", ""retrieved_at_utc"": ""2026-09-29T10:09:49.579715+00:00"", ""service_keys"": [""colossalbet.com.au""], ""source"": ""mybettingsites"", ""source_row"": 90, ""source_url"": ""https://mybettingsites.com/au/articles/list-of-all-online-betting-sites-australia"", ""url"": """"}, {""acma_rows"": [75], ""claimed_status"": ""active"", ""match_method"": ""normalized_brand"", ""name"": ""Colossalbet"", ""reconciliation"": ""matched_register"", ""retrieved_at_utc"": ""2026-09-29T10:09:50.242051+00:00"", ""service_keys"": [""colossalbet.com.au""], ""source"": ""puntguide"", ""source_row"": 123, ""source_url"": ""https://puntguide.com.au/all-betting-sites"", ""url"": ""https://www.colossalbet.com.au""}]",,,False,https://www.acma.gov.au/check-if-gambling-operator-legal,2026-09-29T10:09:45.223763+00:00
unverified:cricketbet,Cricketbet,,[],"[""Cricketbet""]",[],[],directory_candidate,unverified,not_individually_classified,not_verified_by_inventory,discovered_unverified,[],"[{""acma_rows"": [], ""claimed_status"": ""active"", ""match_method"": ""unmatched"", ""name"": ""Cricketbet"", ""reconciliation"": ""discovered_unverified"", ""retrieved_at_utc"": ""2026-09-29T10:09:49.579715+00:00"", ""service_keys"": [], ""source"": ""mybettingsites"", ""source_row"": 104, ""source_url"": ""https://mybettingsites.com/au/articles/list-of-all-online-betting-sites-australia"", ""url"": """"}]",VIP first-party service found at https://vip.cricketbet.com.au/; current regulator brand/domain match is unresolved. See 2026-09-29-operator-verification.md.,,False,https://mybettingsites.com/au/articles/list-of-all-online-betting-sites-australia,2026-09-29T10:09:49.579715+00:00
crownbet.com.au,CrownBet,crownbet.com.au,"[""https://crownbet.com.au""]","[""CrownBet""]","[""Betfair Pty Ltd""]","[""Northern Territory Racing and Wagering Commission""]",acma_registered_url,unverified,not_individually_classified,not_verified_by_inventory,official_register_listed,"[{""license_holder"": ""Betfair Pty Ltd"", ""licensing_authority"": ""Northern Territory Racing and Wagering Commission"", ""source_row"": 76, ""trading_name_raw"": ""CrownBet"", ""url_text"": ""https://crownbet.com.au"", ""urls"": [""https://crownbet.com.au""]}]","[{""acma_rows"": [76], ""claimed_status"": ""active"", ""match_method"": ""normalized_brand"", ""name"": ""CrownBet"", ""reconciliation"": ""matched_register"", ""retrieved_at_utc"": ""2026-09-29T10:09:49.579715+00:00"", ""service_keys"": [""crownbet.com.au""], ""source"": ""mybettingsites"", ""source_row"": 1, ""source_url"": ""https://mybettingsites.com/au/articles/list-of-all-online-betting-sites-australia"", ""url"": """"}, {""acma_rows"": [76], ""claimed_status"": ""active"", ""match_method"": ""normalized_brand"", ""name"": ""CrownBet"", ""reconciliation"": ""matched_register"", ""retrieved_at_utc"": ""2026-09-29T10:09:50.242051+00:00"", ""service_keys"": [""crownbet.com.au""], ""source"": ""puntguide"", ""source_row"": 95, ""source_url"": ""https://puntguide.com.au/all-betting-sites"", ""url"": ""https://www.crownbet.com.au""}]",,,False,https://www.acma.gov.au/check-if-gambling-operator-legal,2026-09-29T10:09:45.223763+00:00
dabble.com.au,Dabble,dabble.com.au,"[""https://www.dabble.com.au""]","[""Dabble""]","[""Dabble Sports Pty Ltd""]","[""Northern Territory Racing and Wagering Commission""]",acma_registered_url,unverified,not_individually_classified,not_verified_by_inventory,official_register_listed,"[{""license_holder"": ""Dabble Sports Pty Ltd"", ""licensing_authority"": ""Northern Territory Racing and Wagering Commission"", ""source_row"": 77, ""trading_name_raw"": ""Dabble"", ""url_text"": ""https://www.dabble.com.au"", ""urls"": [""https://www.dabble.com.au""]}]","[{""acma_rows"": [77], ""claimed_status"": ""active"", ""match_method"": ""normalized_brand"", ""name"": ""Dabble"", ""reconciliation"": ""matched_register"", ""retrieved_at_utc"": ""2026-09-29T10:09:49.579715+00:00"", ""service_keys"": [""dabble.com.au""], ""source"": ""mybettingsites"", ""source_row"": 11, ""source_url"": ""https://mybettingsites.com/au/articles/list-of-all-online-betting-sites-australia"", ""url"": """"}, {""acma_rows"": [77], ""claimed_status"": ""active"", ""match_method"": ""normalized_brand"", ""name"": ""Dabble"", ""reconciliation"": ""matched_register"", ""retrieved_at_utc"": ""2026-09-29T10:09:50.242051+00:00"", ""service_keys"": [""dabble.com.au""], ""source"": ""puntguide"", ""source_row"": 3, ""source_url"": ""https://puntguide.com.au/all-betting-sites"", ""url"": ""https://www.dabble.com.au""}]",,,False,https://www.acma.gov.au/check-if-gambling-operator-legal,2026-09-29T10:09:45.223763+00:00
dafabet.com.au,Dafabet,dafabet.com.au,"[""https://www.dafabet.com.au""]","[""Dafabet""]","[""BaggyBet Pty Ltd""]","[""Liquor & Gaming NSW""]",acma_registered_url,unverified,not_individually_classified,not_verified_by_inventory,official_register_listed,"[{""license_holder"": ""BaggyBet Pty Ltd"", ""licensing_authority"": ""Liquor & Gaming NSW"", ""source_row"": 78, ""trading_name_raw"": ""Dafabet"", ""url_text"": ""https://www.dafabet.com.au"", ""urls"": [""https://www.dafabet.com.au""]}]","[{""acma_rows"": [78], ""claimed_status"": ""active"", ""match_method"": ""normalized_brand"", ""name"": ""Dafabet"", ""reconciliation"": ""matched_register"", ""retrieved_at_utc"": ""2026-09-29T10:09:49.579715+00:00"", ""service_keys"": [""dafabet.com.au""], ""source"": ""mybettingsites"", ""source_row"": 132, ""source_url"": ""https://mybettingsites.com/au/articles/list-of-all-online-betting-sites-australia"", ""url"": """"}, {""acma_rows"": [78], ""claimed_status"": ""active"", ""match_method"": ""normalized_brand"", ""name"": ""Dafabet"", ""reconciliation"": ""matched_register"", ""retrieved_at_utc"": ""2026-09-29T10:09:50.242051+00:00"", ""service_keys"": [""dafabet.com.au""], ""source"": ""puntguide"", ""source_row"": 16, ""source_url"": ""https://puntguide.com.au/all-betting-sites"", ""url"": """"}]",,,False,https://www.acma.gov.au/check-if-gambling-operator-legal,2026-09-29T10:09:45.223763+00:00
dashbet.com.au,DashBet,dashbet.com.au,"[""https://www.dashbet.com.au""]","[""DashBet""]","[""Betting Services Australia Pty Ltd""]","[""Liquor & Gaming NSW""]",acma_registered_url,unverified,not_individually_classified,not_verified_by_inventory,official_register_listed,"[{""license_holder"": ""Betting Services Australia Pty Ltd"", ""licensing_authority"": ""Liquor & Gaming NSW"", ""source_row"": 80, ""trading_name_raw"": ""DashBet"", ""url_text"": ""https://www.dashbet.com.au"", ""urls"": [""https://www.dashbet.com.au""]}]","[{""acma_rows"": [80], ""claimed_status"": ""active"", ""match_method"": ""normalized_brand"", ""name"": ""DashBet"", ""reconciliation"": ""matched_register"", ""retrieved_at_utc"": ""2026-09-29T10:09:49.579715+00:00"", ""service_keys"": [""dashbet.com.au""], ""source"": ""mybettingsites"", ""source_row"": 75, ""source_url"": ""https://mybettingsites.com/au/articles/list-of-all-online-betting-sites-australia"", ""url"": """"}, {""acma_rows"": [80], ""claimed_status"": ""active"", ""match_method"": ""normalized_brand"", ""name"": ""DashBet"", ""reconciliation"": ""matched_register"", ""retrieved_at_utc"": ""2026-09-29T10:09:50.242051+00:00"", ""service_keys"": [""dashbet.com.au""], ""source"": ""puntguide"", ""source_row"": 66, ""source_url"": ""https://puntguide.com.au/all-betting-sites"", ""url"": ""https://www.dashbet.com.au""}]",,,False,https://www.acma.gov.au/check-if-gambling-operator-legal,2026-09-29T10:09:45.223763+00:00
dependabet.com.au,DependaBet,dependabet.com.au,"[""https://www.dependabet.com.au""]","[""DependaBet""]","[""Pendlebury Bookmaking Pty Limited""]","[""Liquor & Gaming NSW""]",acma_registered_url,unverified,not_individually_classified,not_verified_by_inventory,official_register_listed,"[{""license_holder"": ""Pendlebury Bookmaking Pty Limited"", ""licensing_authority"": ""Liquor & Gaming NSW"", ""source_row"": 81, ""trading_name_raw"": ""DependaBet"", ""url_text"": ""https://www.dependabet.com.au"", ""urls"": [""https://www.dependabet.com.au""]}]",[],,,False,https://www.acma.gov.au/check-if-gambling-operator-legal,2026-09-29T10:09:45.223763+00:00
donniebet.com.au,Donnie Bet,donniebet.com.au,"[""https://donniebet.com.au""]","[""Donnie Bet""]","[""Mcgrath & Mcgrath""]","[""Victorian Gambling and Casino Control Commission""]",acma_registered_url,unverified,not_individually_classified,not_verified_by_inventory,official_register_listed,"[{""license_holder"": ""Mcgrath & Mcgrath"", ""licensing_authority"": ""Victorian Gambling and Casino Control Commission"", ""source_row"": 82, ""trading_name_raw"": ""Donnie Bet"", ""url_text"": ""https://donniebet.com.au"", ""urls"": [""https://donniebet.com.au""]}]","[{""acma_rows"": [82], ""claimed_status"": ""active"", ""match_method"": ""normalized_brand"", ""name"": ""DonnieBet"", ""reconciliation"": ""matched_register"", ""retrieved_at_utc"": ""2026-09-29T10:09:49.579715+00:00"", ""service_keys"": [""donniebet.com.au""], ""source"": ""mybettingsites"", ""source_row"": 136, ""source_url"": ""https://mybettingsites.com/au/articles/list-of-all-online-betting-sites-australia"", ""url"": """"}, {""acma_rows"": [82], ""claimed_status"": ""active"", ""match_method"": ""normalized_brand"", ""name"": ""Donnie Bet"", ""reconciliation"": ""matched_register"", ""retrieved_at_utc"": ""2026-09-29T10:09:50.242051+00:00"", ""service_keys"": [""donniebet.com.au""], ""source"": ""puntguide"", ""source_row"": 104, ""source_url"": ""https://puntguide.com.au/all-betting-sites"", ""url"": ""https://donniebet.com.au""}]",,,False,https://www.acma.gov.au/check-if-gambling-operator-legal,2026-09-29T10:09:45.223763+00:00
playup.com.au/fantasy,Draftstars,playup.com.au,"[""https://www.playup.com.au/fantasy""]","[""Draftstars""]","[""Nextbet Pty Ltd""]","[""Northern Territory Racing and Wagering Commission""]",acma_registered_url,unverified,fantasy,not_verified_by_inventory,official_register_listed,"[{""license_holder"": ""Nextbet Pty Ltd"", ""licensing_authority"": ""Northern Territory Racing and Wagering Commission"", ""source_row"": 83, ""trading_name_raw"": ""Draftstars"", ""url_text"": ""https://www.playup.com.au/fantasy"", ""urls"": [""https://www.playup.com.au/fantasy""]}]","[{""acma_rows"": [83], ""claimed_status"": ""active"", ""match_method"": ""normalized_brand"", ""name"": ""Draftstars"", ""reconciliation"": ""matched_register"", ""retrieved_at_utc"": ""2026-09-29T10:09:49.579715+00:00"", ""service_keys"": [""playup.com.au/fantasy""], ""source"": ""mybettingsites"", ""source_row"": 81, ""source_url"": ""https://mybettingsites.com/au/articles/list-of-all-online-betting-sites-australia"", ""url"": """"}, {""acma_rows"": [83], ""claimed_status"": ""active"", ""match_method"": ""normalized_brand"", ""name"": ""Draftstars"", ""reconciliation"": ""matched_register"", ""retrieved_at_utc"": ""2026-09-29T10:09:50.242051+00:00"", ""service_keys"": [""playup.com.au/fantasy""], ""source"": ""puntguide"", ""source_row"": 8, ""source_url"": ""https://puntguide.com.au/all-betting-sites"", ""url"": ""https://www.draftstars.com.au""}]",,,False,https://www.acma.gov.au/check-if-gambling-operator-legal,2026-09-29T10:09:45.223763+00:00
earlycrow.bet,EarlyCrow,earlycrow.bet,"[""https://earlycrow.bet""]","[""EarlyCrow""]","[""Booki.com.au Pty Ltd""]","[""Northern Territory Racing and Wagering Commission""]",acma_registered_url,unverified,not_individually_classified,not_verified_by_inventory,official_register_listed,"[{""license_holder"": ""Booki.com.au Pty Ltd"", ""licensing_authority"": ""Northern Territory Racing and Wagering Commission"", ""source_row"": 84, ""trading_name_raw"": ""EarlyCrow"", ""url_text"": ""https://earlycrow.bet"", ""urls"": [""https://earlycrow.bet""]}]","[{""acma_rows"": [84], ""claimed_status"": ""active"", ""match_method"": ""normalized_brand"", ""name"": ""EarlyCrow"", ""reconciliation"": ""matched_register"", ""retrieved_at_utc"": ""2026-09-29T10:09:49.579715+00:00"", ""service_keys"": [""earlycrow.bet""], ""source"": ""mybettingsites"", ""source_row"": 127, ""source_url"": ""https://mybettingsites.com/au/articles/list-of-all-online-betting-sites-australia"", ""url"": """"}, {""acma_rows"": [84], ""claimed_status"": ""active"", ""match_method"": ""normalized_brand"", ""name"": ""EarlyCrow"", ""reconciliation"": ""matched_register"", ""retrieved_at_utc"": ""2026-09-29T10:09:50.242051+00:00"", ""service_keys"": [""earlycrow.bet""], ""source"": ""puntguide"", ""source_row"": 94, ""source_url"": ""https://puntguide.com.au/all-betting-sites"", ""url"": ""https://earlycrow.bet""}]",,,False,https://www.acma.gov.au/check-if-gambling-operator-legal,2026-09-29T10:09:45.223763+00:00
elitebet.com.au,EliteBet,elitebet.com.au,"[""https://www.elitebet.com.au""]","[""EliteBet""]","[""Paolini, Daniel""]","[""Liquor & Gaming NSW""]",acma_registered_url,unverified,not_individually_classified,not_verified_by_inventory,official_register_listed,"[{""license_holder"": ""Paolini, Daniel"", ""licensing_authority"": ""Liquor & Gaming NSW"", ""source_row"": 85, ""trading_name_raw"": ""EliteBet"", ""url_text"": ""https://www.elitebet.com.au"", ""urls"": [""https://www.elitebet.com.au""]}]","[{""acma_rows"": [85], ""claimed_status"": ""active"", ""match_method"": ""normalized_brand"", ""name"": ""EliteBet"", ""reconciliation"": ""matched_register"", ""retrieved_at_utc"": ""2026-09-29T10:09:49.579715+00:00"", ""service_keys"": [""elitebet.com.au""], ""source"": ""mybettingsites"", ""source_row"": 88, ""source_url"": ""https://mybettingsites.com/au/articles/list-of-all-online-betting-sites-australia"", ""url"": """"}, {""acma_rows"": [85], ""claimed_status"": ""active"", ""match_method"": ""normalized_brand"", ""name"": ""EliteBet"", ""reconciliation"": ""matched_register"", ""retrieved_at_utc"": ""2026-09-29T10:09:50.242051+00:00"", ""service_keys"": [""elitebet.com.au""], ""source"": ""puntguide"", ""source_row"": 73, ""source_url"": ""https://puntguide.com.au/all-betting-sites"", ""url"": ""https://www.elitebet.com.au""}]",,,False,https://www.acma.gov.au/check-if-gambling-operator-legal,2026-09-29T10:09:45.223763+00:00
epicodds.com.au,EpicOdds,epicodds.com.au,"[""http://epicodds.com.au""]","[""EpicOdds""]","[""Vuka Global Pty Ltd""]","[""Northern Territory Racing and Wagering Commission""]",acma_registered_url,unverified,not_individually_classified,not_verified_by_inventory,official_register_listed,"[{""license_holder"": ""Vuka Global Pty Ltd"", ""licensing_authority"": ""Northern Territory Racing and Wagering Commission"", ""source_row"": 87, ""trading_name_raw"": ""EpicOdds"", ""url_text"": ""http://epicodds.com.au"", ""urls"": [""http://epicodds.com.au""]}]","[{""acma_rows"": [87], ""claimed_status"": ""active"", ""match_method"": ""normalized_brand"", ""name"": ""EpicOdds"", ""reconciliation"": ""matched_register"", ""retrieved_at_utc"": ""2026-09-29T10:09:49.579715+00:00"", ""service_keys"": [""epicodds.com.au""], ""source"": ""mybettingsites"", ""source_row"": 52, ""source_url"": ""https://mybettingsites.com/au/articles/list-of-all-online-betting-sites-australia"", ""url"": """"}, {""acma_rows"": [87], ""claimed_status"": ""active"", ""match_method"": ""normalized_brand"", ""name"": ""EpicOdds"", ""reconciliation"": ""matched_register"", ""retrieved_at_utc"": ""2026-09-29T10:09:50.242051+00:00"", ""service_keys"": [""epicodds.com.au""], ""source"": ""puntguide"", ""source_row"": 60, ""source_url"": ""https://puntguide.com.au/all-betting-sites"", ""url"": ""https://www.epicodds.com.au""}]",,,False,https://www.acma.gov.au/check-if-gambling-operator-legal,2026-09-29T10:09:45.223763+00:00
falconbet.com.au,FalconBet,falconbet.com.au,"[""https://falconbet.com.au""]","[""FalconBet""]","[""Betting Services Australia Pty Ltd""]","[""Liquor & Gaming NSW""]",acma_registered_url,unverified,not_individually_classified,not_verified_by_inventory,official_register_listed,"[{""license_holder"": ""Betting Services Australia Pty Ltd"", ""licensing_authority"": ""Liquor & Gaming NSW"", ""source_row"": 88, ""trading_name_raw"": ""FalconBet"", ""url_text"": ""https://falconbet.com.au"", ""urls"": [""https://falconbet.com.au""]}]",[],,,False,https://www.acma.gov.au/check-if-gambling-operator-legal,2026-09-29T10:09:45.223763+00:00
fatbet.com.au,FatBet,fatbet.com.au,"[""https://www.fatbet.com.au""]","[""FatBet""]","[""FatBet Pty Ltd""]","[""Liquor & Gaming NSW""]",acma_registered_url,unverified,not_individually_classified,not_verified_by_inventory,official_register_listed,"[{""license_holder"": ""FatBet Pty Ltd"", ""licensing_authority"": ""Liquor & Gaming NSW"", ""source_row"": 89, ""trading_name_raw"": ""FatBet"", ""url_text"": ""https://www.fatbet.com.au"", ""urls"": [""https://www.fatbet.com.au""]}]","[{""acma_rows"": [89], ""claimed_status"": ""active"", ""match_method"": ""normalized_brand"", ""name"": ""FatBet"", ""reconciliation"": ""matched_register"", ""retrieved_at_utc"": ""2026-09-29T10:09:49.579715+00:00"", ""service_keys"": [""fatbet.com.au""], ""source"": ""mybettingsites"", ""source_row"": 129, ""source_url"": ""https://mybettingsites.com/au/articles/list-of-all-online-betting-sites-australia"", ""url"": """"}, {""acma_rows"": [89], ""claimed_status"": ""active"", ""match_method"": ""normalized_brand"", ""name"": ""FatBet"", ""reconciliation"": ""matched_register"", ""retrieved_at_utc"": ""2026-09-29T10:09:50.242051+00:00"", ""service_keys"": [""fatbet.com.au""], ""source"": ""puntguide"", ""source_row"": 97, ""source_url"": ""https://puntguide.com.au/all-betting-sites"", ""url"": ""https://www.fatbet.com.au""}]",,,False,https://www.acma.gov.au/check-if-gambling-operator-legal,2026-09-29T10:09:45.223763+00:00
unverified:favbet,Favbet,,[],"[""Favbet""]",[],[],directory_candidate,unverified,not_individually_classified,not_verified_by_inventory,discovered_unverified,[],"[{""acma_rows"": [], ""claimed_status"": ""active"", ""match_method"": ""unmatched"", ""name"": ""Favbet"", ""reconciliation"": ""discovered_unverified"", ""retrieved_at_utc"": ""2026-09-29T10:09:50.242051+00:00"", ""service_keys"": [], ""source"": ""puntguide"", ""source_row"": 132, ""source_url"": ""https://puntguide.com.au/all-betting-sites"", ""url"": ""https://www.favbet.com.au""}]","Favbet is an ABR business name of Winners Bookmaking Pty Ltd, but business registration is not wagering authorisation. ACMA brand/domain match unresolved; direct domain check failed TLS validation. See 2026-09-29-operator-verification.md and sources/domain_observations.json.",,False,https://puntguide.com.au/all-betting-sites,2026-09-29T10:09:50.242051+00:00
firebet.com.au,FireBet,firebet.com.au,"[""https://firebet.com.au""]","[""FireBet""]","[""Betting Services Australia Pty Ltd""]","[""Liquor & Gaming NSW""]",acma_registered_url,unverified,not_individually_classified,not_verified_by_inventory,official_register_listed,"[{""license_holder"": ""Betting Services Australia Pty Ltd"", ""licensing_authority"": ""Liquor & Gaming NSW"", ""source_row"": 90, ""trading_name_raw"": ""FireBet"", ""url_text"": ""https://firebet.com.au"", ""urls"": [""https://firebet.com.au""]}]",[],,,False,https://www.acma.gov.au/check-if-gambling-operator-legal,2026-09-29T10:09:45.223763+00:00
gembet.com.au,GemBet,gembet.com.au,"[""https://gembet.com.au""]","[""GemBet""]","[""GemBet Pty Ltd""]","[""Victorian Gambling and Casino Control Commission""]",acma_registered_url,unverified,not_individually_classified,not_verified_by_inventory,official_register_listed,"[{""license_holder"": ""GemBet Pty Ltd"", ""licensing_authority"": ""Victorian Gambling and Casino Control Commission"", ""source_row"": 93, ""trading_name_raw"": ""GemBet"", ""url_text"": ""https://gembet.com.au"", ""urls"": [""https://gembet.com.au""]}]","[{""acma_rows"": [93], ""claimed_status"": ""active"", ""match_method"": ""normalized_brand"", ""name"": ""GemBet"", ""reconciliation"": ""matched_register"", ""retrieved_at_utc"": ""2026-09-29T10:09:49.579715+00:00"", ""service_keys"": [""gembet.com.au""], ""source"": ""mybettingsites"", ""source_row"": 135, ""source_url"": ""https://mybettingsites.com/au/articles/list-of-all-online-betting-sites-australia"", ""url"": """"}, {""acma_rows"": [93], ""claimed_status"": ""active"", ""match_method"": ""normalized_brand"", ""name"": ""GemBet"", ""reconciliation"": ""matched_register"", ""retrieved_at_utc"": ""2026-09-29T10:09:50.242051+00:00"", ""service_keys"": [""gembet.com.au""], ""source"": ""puntguide"", ""source_row"": 18, ""source_url"": ""https://puntguide.com.au/all-betting-sites"", ""url"": ""https://www.gembet.com.au""}]",,,False,https://www.acma.gov.au/check-if-gambling-operator-legal,2026-09-29T10:09:45.223763+00:00
goldbet.com.au,GoldBet,goldbet.com.au,"[""https://www.goldbet.com.au""]","[""GoldBet""]","[""Goldbet Pty Ltd""]","[""Liquor & Gaming NSW""]",acma_registered_url,unverified,not_individually_classified,not_verified_by_inventory,official_register_listed,"[{""license_holder"": ""Goldbet Pty Ltd"", ""licensing_authority"": ""Liquor & Gaming NSW"", ""source_row"": 95, ""trading_name_raw"": ""GoldBet"", ""url_text"": ""https://www.goldbet.com.au"", ""urls"": [""https://www.goldbet.com.au""]}]","[{""acma_rows"": [95], ""claimed_status"": ""active"", ""match_method"": ""normalized_brand"", ""name"": ""GoldBet"", ""reconciliation"": ""matched_register"", ""retrieved_at_utc"": ""2026-09-29T10:09:49.579715+00:00"", ""service_keys"": [""goldbet.com.au""], ""source"": ""mybettingsites"", ""source_row"": 97, ""source_url"": ""https://mybettingsites.com/au/articles/list-of-all-online-betting-sites-australia"", ""url"": """"}, {""acma_rows"": [95], ""claimed_status"": ""active"", ""match_method"": ""normalized_brand"", ""name"": ""GoldBet"", ""reconciliation"": ""matched_register"", ""retrieved_at_utc"": ""2026-09-29T10:09:50.242051+00:00"", ""service_keys"": [""goldbet.com.au""], ""source"": ""puntguide"", ""source_row"": 126, ""source_url"": ""https://puntguide.com.au/all-betting-sites"", ""url"": ""https://www.goldbet.com.au""}]",,,False,https://www.acma.gov.au/check-if-gambling-operator-legal,2026-09-29T10:09:45.223763+00:00
goldenbet888.com.au,GoldenBet888,goldenbet888.com.au,"[""https://goldenbet888.com.au""]","[""GoldenBet888""]","[""Fortuna Felicitas Pty Ltd""]","[""Northern Territory Racing and Wagering Commission""]",acma_registered_url,unverified,not_individually_classified,not_verified_by_inventory,official_register_listed,"[{""license_holder"": ""Fortuna Felicitas Pty Ltd"", ""licensing_authority"": ""Northern Territory Racing and Wagering Commission"", ""source_row"": 96, ""trading_name_raw"": ""GoldenBet888"", ""url_text"": ""https://goldenbet888.com.au"", ""urls"": [""https://goldenbet888.com.au""]}]","[{""acma_rows"": [96], ""claimed_status"": ""active"", ""match_method"": ""normalized_brand"", ""name"": ""GoldenBet888"", ""reconciliation"": ""matched_register"", ""retrieved_at_utc"": ""2026-09-29T10:09:49.579715+00:00"", ""service_keys"": [""goldenbet888.com.au""], ""source"": ""mybettingsites"", ""source_row"": 53, ""source_url"": ""https://mybettingsites.com/au/articles/list-of-all-online-betting-sites-australia"", ""url"": """"}, {""acma_rows"": [96], ""claimed_status"": ""active"", ""match_method"": ""normalized_brand"", ""name"": ""GoldenBet888"", ""reconciliation"": ""matched_register"", ""retrieved_at_utc"": ""2026-09-29T10:09:50.242051+00:00"", ""service_keys"": [""goldenbet888.com.au""], ""source"": ""puntguide"", ""source_row"": 110, ""source_url"": ""https://puntguide.com.au/all-betting-sites"", ""url"": ""https://www.goldenbet888.com.au""}]",,,False,https://www.acma.gov.au/check-if-gambling-operator-legal,2026-09-29T10:09:45.223763+00:00
grsbet.com.au,GRSBet,grsbet.com.au,"[""https://www.grsbet.com.au""]","[""GRSBet""]","[""Crispe, Stephen""]","[""Liquor & Gaming NSW""]",acma_registered_url,unverified,not_individually_classified,not_verified_by_inventory,official_register_listed,"[{""license_holder"": ""Crispe, Stephen"", ""licensing_authority"": ""Liquor & Gaming NSW"", ""source_row"": 97, ""trading_name_raw"": ""GRSBet"", ""url_text"": ""https://www.grsbet.com.au"", ""urls"": [""https://www.grsbet.com.au""]}]","[{""acma_rows"": [97], ""claimed_status"": ""active"", ""match_method"": ""normalized_brand"", ""name"": ""GRSBet"", ""reconciliation"": ""matched_register"", ""retrieved_at_utc"": ""2026-09-29T10:09:49.579715+00:00"", ""service_keys"": [""grsbet.com.au""], ""source"": ""mybettingsites"", ""source_row"": 116, ""source_url"": ""https://mybettingsites.com/au/articles/list-of-all-online-betting-sites-australia"", ""url"": """"}, {""acma_rows"": [97], ""claimed_status"": ""active"", ""match_method"": ""normalized_brand"", ""name"": ""GRSBet"", ""reconciliation"": ""matched_register"", ""retrieved_at_utc"": ""2026-09-29T10:09:50.242051+00:00"", ""service_keys"": [""grsbet.com.au""], ""source"": ""puntguide"", ""source_row"": 131, ""source_url"": ""https://puntguide.com.au/all-betting-sites"", ""url"": ""https://www.grsbet.com.au""}]",,,False,https://www.acma.gov.au/check-if-gambling-operator-legal,2026-09-29T10:09:45.223763+00:00
havabet.com.au,HAVABET,havabet.com.au,"[""https://www.havabet.com.au""]","[""HAVABET""]","[""Havabet Pty Ltd""]","[""Victorian Gambling and Casino Control Commission""]",acma_registered_url,unverified,not_individually_classified,not_verified_by_inventory,official_register_listed,"[{""license_holder"": ""Havabet Pty Ltd"", ""licensing_authority"": ""Victorian Gambling and Casino Control Commission"", ""source_row"": 98, ""trading_name_raw"": ""HAVABET"", ""url_text"": ""https://www.havabet.com.au"", ""urls"": [""https://www.havabet.com.au""]}]","[{""acma_rows"": [98], ""claimed_status"": ""active"", ""match_method"": ""normalized_brand"", ""name"": ""HavaBet"", ""reconciliation"": ""matched_register"", ""retrieved_at_utc"": ""2026-09-29T10:09:49.579715+00:00"", ""service_keys"": [""havabet.com.au""], ""source"": ""mybettingsites"", ""source_row"": 67, ""source_url"": ""https://mybettingsites.com/au/articles/list-of-all-online-betting-sites-australia"", ""url"": """"}, {""acma_rows"": [98], ""claimed_status"": ""active"", ""match_method"": ""normalized_brand"", ""name"": ""HavaBet"", ""reconciliation"": ""matched_register"", ""retrieved_at_utc"": ""2026-09-29T10:09:50.242051+00:00"", ""service_keys"": [""havabet.com.au""], ""source"": ""puntguide"", ""source_row"": 122, ""source_url"": ""https://puntguide.com.au/all-betting-sites"", ""url"": ""https://www.havabet.com.au""}]",,,False,https://www.acma.gov.au/check-if-gambling-operator-legal,2026-09-29T10:09:45.223763+00:00
hotbet.com.au,HOT Bet,hotbet.com.au,"[""https://www.hotbet.com.au""]","[""HOT Bet""]","[""Deguara Bookmaking Pty Ltd""]","[""Liquor & Gaming NSW""]",acma_registered_url,unverified,not_individually_classified,not_verified_by_inventory,official_register_listed,"[{""license_holder"": ""Deguara Bookmaking Pty Ltd"", ""licensing_authority"": ""Liquor & Gaming NSW"", ""source_row"": 99, ""trading_name_raw"": ""HOT Bet"", ""url_text"": ""https://www.hotbet.com.au"", ""urls"": [""https://www.hotbet.com.au""]}]","[{""acma_rows"": [99], ""claimed_status"": ""active"", ""match_method"": ""normalized_brand"", ""name"": ""HOT Bet"", ""reconciliation"": ""matched_register"", ""retrieved_at_utc"": ""2026-09-29T10:09:49.579715+00:00"", ""service_keys"": [""hotbet.com.au""], ""source"": ""mybettingsites"", ""source_row"": 111, ""source_url"": ""https://mybettingsites.com/au/articles/list-of-all-online-betting-sites-australia"", ""url"": """"}, {""acma_rows"": [99], ""claimed_status"": ""active"", ""match_method"": ""normalized_brand"", ""name"": ""HOT Bet"", ""reconciliation"": ""matched_register"", ""retrieved_at_utc"": ""2026-09-29T10:09:50.242051+00:00"", ""service_keys"": [""hotbet.com.au""], ""source"": ""puntguide"", ""source_row"": 129, ""source_url"": ""https://puntguide.com.au/all-betting-sites"", ""url"": ""https://www.hotbet.com.au""}]",,,False,https://www.acma.gov.au/check-if-gambling-operator-legal,2026-09-29T10:09:45.223763+00:00
unverified:hueybet,HueyBet,,[],"[""HueyBet""]",[],[],directory_candidate,unverified,not_individually_classified,not_verified_by_inventory,discovered_unverified,[],"[{""acma_rows"": [], ""claimed_status"": ""coming_soon"", ""match_method"": ""unmatched"", ""name"": ""HueyBet"", ""reconciliation"": ""discovered_unverified"", ""retrieved_at_utc"": ""2026-09-29T10:09:50.242051+00:00"", ""service_keys"": [], ""source"": ""puntguide"", ""source_row"": 138, ""source_url"": ""https://puntguide.com.au/all-betting-sites"", ""url"": ""https://www.hueybet.com.au""}]",Directory says coming soon; direct domain check failed DNS resolution. Current regulator brand/domain match unresolved. See 2026-09-29-operator-verification.md and sources/domain_observations.json.,,False,https://puntguide.com.au/all-betting-sites,2026-09-29T10:09:50.242051+00:00
icebet.com.au,IceBet,icebet.com.au,"[""https://icebet.com.au""]","[""IceBet""]","[""Betting Services Australia Pty Ltd""]","[""Liquor & Gaming NSW""]",acma_registered_url,unverified,not_individually_classified,not_verified_by_inventory,official_register_listed,"[{""license_holder"": ""Betting Services Australia Pty Ltd"", ""licensing_authority"": ""Liquor & Gaming NSW"", ""source_row"": 100, ""trading_name_raw"": ""IceBet"", ""url_text"": ""https://icebet.com.au"", ""urls"": [""https://icebet.com.au""]}]",[],,,False,https://www.acma.gov.au/check-if-gambling-operator-legal,2026-09-29T10:09:45.223763+00:00
infomarket.com.au,Infomarket,infomarket.com.au,"[""https://infomarket.com.au""]","[""Infomarket""]","[""IRPSX Pty Ltd""]","[""Northern Territory Racing and Wagering Commission""]",acma_registered_url,unverified,not_individually_classified,not_verified_by_inventory,official_register_listed,"[{""license_holder"": ""IRPSX Pty Ltd"", ""licensing_authority"": ""Northern Territory Racing and Wagering Commission"", ""source_row"": 101, ""trading_name_raw"": ""Infomarket"", ""url_text"": ""https://infomarket.com.au"", ""urls"": [""https://infomarket.com.au""]}]","[{""acma_rows"": [101], ""claimed_status"": ""active"", ""match_method"": ""normalized_brand"", ""name"": ""Infomarket"", ""reconciliation"": ""matched_register"", ""retrieved_at_utc"": ""2026-09-29T10:09:49.579715+00:00"", ""service_keys"": [""infomarket.com.au""], ""source"": ""mybettingsites"", ""source_row"": 137, ""source_url"": ""https://mybettingsites.com/au/articles/list-of-all-online-betting-sites-australia"", ""url"": """"}]",,,False,https://www.acma.gov.au/check-if-gambling-operator-legal,2026-09-29T10:09:45.223763+00:00
jimmybet.com.au,Jimmy Bet,jimmybet.com.au,"[""https://www.jimmybet.com.au""]","[""Jimmy Bet""]","[""Jimmybet Partnership""]","[""Victorian Gambling and Casino Control Commission""]",acma_registered_url,unverified,not_individually_classified,not_verified_by_inventory,official_register_listed,"[{""license_holder"": ""Jimmybet Partnership"", ""licensing_authority"": ""Victorian Gambling and Casino Control Commission"", ""source_row"": 103, ""trading_name_raw"": ""Jimmy Bet"", ""url_text"": ""https://www.jimmybet.com.au"", ""urls"": [""https://www.jimmybet.com.au""]}]","[{""acma_rows"": [103], ""claimed_status"": ""active"", ""match_method"": ""normalized_brand"", ""name"": ""JimmyBet"", ""reconciliation"": ""matched_register"", ""retrieved_at_utc"": ""2026-09-29T10:09:49.579715+00:00"", ""service_keys"": [""jimmybet.com.au""], ""source"": ""mybettingsites"", ""source_row"": 96, ""source_url"": ""https://mybettingsites.com/au/articles/list-of-all-online-betting-sites-australia"", ""url"": """"}, {""acma_rows"": [103], ""claimed_status"": ""active"", ""match_method"": ""normalized_brand"", ""name"": ""JimmyBet"", ""reconciliation"": ""matched_register"", ""retrieved_at_utc"": ""2026-09-29T10:09:50.242051+00:00"", ""service_keys"": [""jimmybet.com.au""], ""source"": ""puntguide"", ""source_row"": 125, ""source_url"": ""https://puntguide.com.au/all-betting-sites"", ""url"": ""https://www.jimmybet.com.au""}]",,,False,https://www.acma.gov.au/check-if-gambling-operator-legal,2026-09-29T10:09:45.223763+00:00
juicybet.com.au,JuicyBet,juicybet.com.au,"[""https://juicybet.com.au""]","[""JuicyBet""]","[""Juicybet Pty Ltd""]","[""Victorian Gambling and Casino Control Commission""]",acma_registered_url,unverified,not_individually_classified,not_verified_by_inventory,official_register_listed,"[{""license_holder"": ""Juicybet Pty Ltd"", ""licensing_authority"": ""Victorian Gambling and Casino Control Commission"", ""source_row"": 105, ""trading_name_raw"": ""JuicyBet"", ""url_text"": ""https://juicybet.com.au"", ""urls"": [""https://juicybet.com.au""]}]","[{""acma_rows"": [105], ""claimed_status"": ""active"", ""match_method"": ""normalized_brand"", ""name"": ""JuicyBet"", ""reconciliation"": ""matched_register"", ""retrieved_at_utc"": ""2026-09-29T10:09:49.579715+00:00"", ""service_keys"": [""juicybet.com.au""], ""source"": ""mybettingsites"", ""source_row"": 58, ""source_url"": ""https://mybettingsites.com/au/articles/list-of-all-online-betting-sites-australia"", ""url"": """"}, {""acma_rows"": [105], ""claimed_status"": ""active"", ""match_method"": ""normalized_brand"", ""name"": ""JuicyBet"", ""reconciliation"": ""matched_register"", ""retrieved_at_utc"": ""2026-09-29T10:09:50.242051+00:00"", ""service_keys"": [""juicybet.com.au""], ""source"": ""puntguide"", ""source_row"": 115, ""source_url"": ""https://puntguide.com.au/all-betting-sites"", ""url"": ""https://www.juicybet.com.au""}]",,,False,https://www.acma.gov.au/check-if-gambling-operator-legal,2026-09-29T10:09:45.223763+00:00
junglebet.com.au,Junglebet,junglebet.com.au,"[""https://junglebet.com.au""]","[""Junglebet""]","[""Jungle Strategic Pty Ltd""]","[""Victorian Gambling and Casino Control Commission""]",acma_registered_url,unverified,not_individually_classified,not_verified_by_inventory,official_register_listed,"[{""license_holder"": ""Jungle Strategic Pty Ltd"", ""licensing_authority"": ""Victorian Gambling and Casino Control Commission"", ""source_row"": 106, ""trading_name_raw"": ""Junglebet"", ""url_text"": ""https://junglebet.com.au"", ""urls"": [""https://junglebet.com.au""]}]",[],,,False,https://www.acma.gov.au/check-if-gambling-operator-legal,2026-09-29T10:09:45.223763+00:00
justbet.com.au,JustBet,justbet.com.au,"[""https://www.justbet.com.au""]","[""JustBet""]","[""Justbet Pty Ltd""]","[""Victorian Gambling and Casino Control Commission""]",acma_registered_url,unverified,not_individually_classified,not_verified_by_inventory,official_register_listed,"[{""license_holder"": ""Justbet Pty Ltd"", ""licensing_authority"": ""Victorian Gambling and Casino Control Commission"", ""source_row"": 107, ""trading_name_raw"": ""JustBet"", ""url_text"": ""https://www.justbet.com.au"", ""urls"": [""https://www.justbet.com.au""]}]","[{""acma_rows"": [107], ""claimed_status"": ""active"", ""match_method"": ""normalized_brand"", ""name"": ""JustBet"", ""reconciliation"": ""matched_register"", ""retrieved_at_utc"": ""2026-09-29T10:09:49.579715+00:00"", ""service_keys"": [""justbet.com.au""], ""source"": ""mybettingsites"", ""source_row"": 77, ""source_url"": ""https://mybettingsites.com/au/articles/list-of-all-online-betting-sites-australia"", ""url"": """"}, {""acma_rows"": [107], ""claimed_status"": ""active"", ""match_method"": ""normalized_brand"", ""name"": ""JustBet"", ""reconciliation"": ""matched_register"", ""retrieved_at_utc"": ""2026-09-29T10:09:50.242051+00:00"", ""service_keys"": [""justbet.com.au""], ""source"": ""puntguide"", ""source_row"": 68, ""source_url"": ""https://puntguide.com.au/all-betting-sites"", ""url"": ""https://www.justbet.com.au""}]",,,False,https://www.acma.gov.au/check-if-gambling-operator-legal,2026-09-29T10:09:45.223763+00:00
knucklebet.com.au,Knucklebet,knucklebet.com.au,"[""https://knucklebet.com.au""]","[""Knucklebet""]","[""Booki.com.au Pty Ltd""]","[""Northern Territory Racing and Wagering Commission""]",acma_registered_url,unverified,not_individually_classified,not_verified_by_inventory,official_register_listed,"[{""license_holder"": ""Booki.com.au Pty Ltd"", ""licensing_authority"": ""Northern Territory Racing and Wagering Commission"", ""source_row"": 108, ""trading_name_raw"": ""Knucklebet"", ""url_text"": ""https://knucklebet.com.au"", ""urls"": [""https://knucklebet.com.au""]}]","[{""acma_rows"": [108], ""claimed_status"": ""active"", ""match_method"": ""normalized_brand"", ""name"": ""KnuckleBet"", ""reconciliation"": ""matched_register"", ""retrieved_at_utc"": ""2026-09-29T10:09:49.579715+00:00"", ""service_keys"": [""knucklebet.com.au""], ""source"": ""mybettingsites"", ""source_row"": 125, ""source_url"": ""https://mybettingsites.com/au/articles/list-of-all-online-betting-sites-australia"", ""url"": """"}, {""acma_rows"": [108], ""claimed_status"": ""active"", ""match_method"": ""normalized_brand"", ""name"": ""KnuckleBet"", ""reconciliation"": ""matched_register"", ""retrieved_at_utc"": ""2026-09-29T10:09:50.242051+00:00"", ""service_keys"": [""knucklebet.com.au""], ""source"": ""puntguide"", ""source_row"": 93, ""source_url"": ""https://puntguide.com.au/all-betting-sites"", ""url"": ""https://www.knucklebet.com.au""}]",,,False,https://www.acma.gov.au/check-if-gambling-operator-legal,2026-09-29T10:09:45.223763+00:00
ladbrokes.com.au,Ladbrokes,ladbrokes.com.au,"[""https://www.ladbrokes.com.au""]","[""Ladbrokes""]","[""Entain Group Pty Ltd""]","[""Northern Territory Racing and Wagering Commission""]",acma_registered_url,unverified,not_individually_classified,not_verified_by_inventory,official_register_listed,"[{""license_holder"": ""Entain Group Pty Ltd"", ""licensing_authority"": ""Northern Territory Racing and Wagering Commission"", ""source_row"": 109, ""trading_name_raw"": ""Ladbrokes"", ""url_text"": ""https://www.ladbrokes.com.au"", ""urls"": [""https://www.ladbrokes.com.au""]}]","[{""acma_rows"": [109], ""claimed_status"": ""active"", ""match_method"": ""normalized_brand"", ""name"": ""Ladbrokes"", ""reconciliation"": ""matched_register"", ""retrieved_at_utc"": ""2026-09-29T10:09:49.579715+00:00"", ""service_keys"": [""ladbrokes.com.au""], ""source"": ""mybettingsites"", ""source_row"": 24, ""source_url"": ""https://mybettingsites.com/au/articles/list-of-all-online-betting-sites-australia"", ""url"": """"}, {""acma_rows"": [109], ""claimed_status"": ""active"", ""match_method"": ""normalized_brand"", ""name"": ""Ladbrokes"", ""reconciliation"": ""matched_register"", ""retrieved_at_utc"": ""2026-09-29T10:09:50.242051+00:00"", ""service_keys"": [""ladbrokes.com.au""], ""source"": ""puntguide"", ""source_row"": 11, ""source_url"": ""https://puntguide.com.au/all-betting-sites"", ""url"": ""https://www.ladbrokes.com.au""}]",,ladbrokes,True,https://www.acma.gov.au/check-if-gambling-operator-legal,2026-09-29T10:09:45.223763+00:00
laserbet.com.au,LaserBet,laserbet.com.au,"[""https://www.laserbet.com.au""]","[""LaserBet""]","[""LaserBet Pty Ltd""]","[""Victorian Gambling and Casino Control Commission""]",acma_registered_url,unverified,not_individually_classified,not_verified_by_inventory,official_register_listed,"[{""license_holder"": ""LaserBet Pty Ltd"", ""licensing_authority"": ""Victorian Gambling and Casino Control Commission"", ""source_row"": 110, ""trading_name_raw"": ""LaserBet"", ""url_text"": ""https://www.laserbet.com.au"", ""urls"": [""https://www.laserbet.com.au""]}]","[{""acma_rows"": [110], ""claimed_status"": ""active"", ""match_method"": ""normalized_brand"", ""name"": ""LASERBET"", ""reconciliation"": ""matched_register"", ""retrieved_at_utc"": ""2026-09-29T10:09:49.579715+00:00"", ""service_keys"": [""laserbet.com.au""], ""source"": ""mybettingsites"", ""source_row"": 128, ""source_url"": ""https://mybettingsites.com/au/articles/list-of-all-online-betting-sites-australia"", ""url"": """"}, {""acma_rows"": [110], ""claimed_status"": ""active"", ""match_method"": ""normalized_brand"", ""name"": ""LASERBET"", ""reconciliation"": ""matched_register"", ""retrieved_at_utc"": ""2026-09-29T10:09:50.242051+00:00"", ""service_keys"": [""laserbet.com.au""], ""source"": ""puntguide"", ""source_row"": 136, ""source_url"": ""https://puntguide.com.au/all-betting-sites"", ""url"": ""https://www.laserbet.com.au""}]",,,False,https://www.acma.gov.au/check-if-gambling-operator-legal,2026-09-29T10:09:45.223763+00:00
letsbet.net.au,Let's Bet,letsbet.net.au,"[""https://www.letsbet.net.au""]","[""Let's Bet""]","[""Let's Bet Pty Ltd""]","[""Victorian Gambling and Casino Control Commission""]",acma_registered_url,unverified,not_individually_classified,not_verified_by_inventory,official_register_listed,"[{""license_holder"": ""Let's Bet Pty Ltd"", ""licensing_authority"": ""Victorian Gambling and Casino Control Commission"", ""source_row"": 111, ""trading_name_raw"": ""Let's Bet"", ""url_text"": ""https://www.letsbet.net.au"", ""urls"": [""https://www.letsbet.net.au""]}]","[{""acma_rows"": [111], ""claimed_status"": ""active"", ""match_method"": ""normalized_brand"", ""name"": ""Lets Bet"", ""reconciliation"": ""matched_register"", ""retrieved_at_utc"": ""2026-09-29T10:09:49.579715+00:00"", ""service_keys"": [""letsbet.net.au""], ""source"": ""mybettingsites"", ""source_row"": 66, ""source_url"": ""https://mybettingsites.com/au/articles/list-of-all-online-betting-sites-australia"", ""url"": """"}, {""acma_rows"": [111], ""claimed_status"": ""active"", ""match_method"": ""normalized_brand"", ""name"": ""Lets Bet"", ""reconciliation"": ""matched_register"", ""retrieved_at_utc"": ""2026-09-29T10:09:50.242051+00:00"", ""service_keys"": [""letsbet.net.au""], ""source"": ""puntguide"", ""source_row"": 121, ""source_url"": ""https://puntguide.com.au/all-betting-sites"", ""url"": ""https://www.letsbet.net.au""}]",,,False,https://www.acma.gov.au/check-if-gambling-operator-legal,2026-09-29T10:09:45.223763+00:00
lightningbet.com.au,LightningBet,lightningbet.com.au,"[""https://www.lightningbet.com.au""]","[""LightningBet""]","[""Lynch, Grant""]","[""Liquor & Gaming NSW""]",acma_registered_url,unverified,not_individually_classified,not_verified_by_inventory,official_register_listed,"[{""license_holder"": ""Lynch, Grant"", ""licensing_authority"": ""Liquor & Gaming NSW"", ""source_row"": 112, ""trading_name_raw"": ""LightningBet"", ""url_text"": ""https://www.lightningbet.com.au"", ""urls"": [""https://www.lightningbet.com.au""]}]","[{""acma_rows"": [112], ""claimed_status"": ""active"", ""match_method"": ""normalized_brand"", ""name"": ""LightningBet"", ""reconciliation"": ""matched_register"", ""retrieved_at_utc"": ""2026-09-29T10:09:49.579715+00:00"", ""service_keys"": [""lightningbet.com.au""], ""source"": ""mybettingsites"", ""source_row"": 47, ""source_url"": ""https://mybettingsites.com/au/articles/list-of-all-online-betting-sites-australia"", ""url"": """"}, {""acma_rows"": [112], ""claimed_status"": ""active"", ""match_method"": ""normalized_brand"", ""name"": ""LightningBet"", ""reconciliation"": ""matched_register"", ""retrieved_at_utc"": ""2026-09-29T10:09:50.242051+00:00"", ""service_keys"": [""lightningbet.com.au""], ""source"": ""puntguide"", ""source_row"": 57, ""source_url"": ""https://puntguide.com.au/all-betting-sites"", ""url"": ""https://www.lightningbet.com.au""}]",,,False,https://www.acma.gov.au/check-if-gambling-operator-legal,2026-09-29T10:09:45.223763+00:00
marantellibet.com,MarantelliBet,marantellibet.com,"[""https://marantellibet.com""]","[""MarantelliBet""]","[""MarantelliBet Partnership""]","[""Victorian Gambling and Casino Control Commission""]",acma_registered_url,unverified,not_individually_classified,not_verified_by_inventory,official_register_listed,"[{""license_holder"": ""MarantelliBet Partnership"", ""licensing_authority"": ""Victorian Gambling and Casino Control Commission"", ""source_row"": 115, ""trading_name_raw"": ""MarantelliBet"", ""url_text"": ""https://marantellibet.com"", ""urls"": [""https://marantellibet.com""]}]","[{""acma_rows"": [115], ""claimed_status"": ""active"", ""match_method"": ""normalized_brand"", ""name"": ""Marantelli Bet"", ""reconciliation"": ""matched_register"", ""retrieved_at_utc"": ""2026-09-29T10:09:49.579715+00:00"", ""service_keys"": [""marantellibet.com""], ""source"": ""mybettingsites"", ""source_row"": 36, ""source_url"": ""https://mybettingsites.com/au/articles/list-of-all-online-betting-sites-australia"", ""url"": """"}, {""acma_rows"": [115], ""claimed_status"": ""active"", ""match_method"": ""normalized_brand"", ""name"": ""Marantelli Bet"", ""reconciliation"": ""matched_register"", ""retrieved_at_utc"": ""2026-09-29T10:09:50.242051+00:00"", ""service_keys"": [""marantellibet.com""], ""source"": ""puntguide"", ""source_row"": 44, ""source_url"": ""https://puntguide.com.au/all-betting-sites"", ""url"": ""https://marantellibet.com/""}]",,,False,https://www.acma.gov.au/check-if-gambling-operator-legal,2026-09-29T10:09:45.223763+00:00
mcbet.com.au,McBet,mcbet.com.au,"[""https://mcbet.com.au""]","[""McBet""]","[""D McLauchlan & L McLauchlan Partnership""]","[""Victorian Gambling and Casino Control Commission""]",acma_registered_url,unverified,not_individually_classified,not_verified_by_inventory,official_register_listed,"[{""license_holder"": ""D McLauchlan & L McLauchlan Partnership"", ""licensing_authority"": ""Victorian Gambling and Casino Control Commission"", ""source_row"": 117, ""trading_name_raw"": ""McBet"", ""url_text"": ""https://mcbet.com.au"", ""urls"": [""https://mcbet.com.au""]}]",[],,,False,https://www.acma.gov.au/check-if-gambling-operator-legal,2026-09-29T10:09:45.223763+00:00
midasbet.com.au,Midasbet,midasbet.com.au,"[""https://www.midasbet.com.au""]","[""Midasbet""]","[""Betting Services Australia Pty Ltd""]","[""Liquor & Gaming NSW""]",acma_registered_url,unverified,not_individually_classified,not_verified_by_inventory,official_register_listed,"[{""license_holder"": ""Betting Services Australia Pty Ltd"", ""licensing_authority"": ""Liquor & Gaming NSW"", ""source_row"": 119, ""trading_name_raw"": ""Midasbet"", ""url_text"": ""https://www.midasbet.com.au"", ""urls"": [""https://www.midasbet.com.au""]}]","[{""acma_rows"": [119], ""claimed_status"": ""active"", ""match_method"": ""normalized_brand"", ""name"": ""MidasBet"", ""reconciliation"": ""matched_register"", ""retrieved_at_utc"": ""2026-09-29T10:09:49.579715+00:00"", ""service_keys"": [""midasbet.com.au""], ""source"": ""mybettingsites"", ""source_row"": 80, ""source_url"": ""https://mybettingsites.com/au/articles/list-of-all-online-betting-sites-australia"", ""url"": """"}, {""acma_rows"": [119], ""claimed_status"": ""active"", ""match_method"": ""normalized_brand"", ""name"": ""MidasBet"", ""reconciliation"": ""matched_register"", ""retrieved_at_utc"": ""2026-09-29T10:09:50.242051+00:00"", ""service_keys"": [""midasbet.com.au""], ""source"": ""puntguide"", ""source_row"": 70, ""source_url"": ""https://puntguide.com.au/all-betting-sites"", ""url"": ""https://www.midasbet.com.au""}]",,,False,https://www.acma.gov.au/check-if-gambling-operator-legal,2026-09-29T10:09:45.223763+00:00
mightybet.com.au,MightyBet,mightybet.com.au,"[""https://www.mightybet.com.au""]","[""MightyBet""]","[""Amused Australia Pty Ltd""]","[""Northern Territory Racing and Wagering Commission""]",acma_registered_url,unverified,not_individually_classified,not_verified_by_inventory,official_register_listed,"[{""license_holder"": ""Amused Australia Pty Ltd"", ""licensing_authority"": ""Northern Territory Racing and Wagering Commission"", ""source_row"": 120, ""trading_name_raw"": ""MightyBet"", ""url_text"": ""https://www.mightybet.com.au"", ""urls"": [""https://www.mightybet.com.au""]}]","[{""acma_rows"": [120], ""claimed_status"": ""active"", ""match_method"": ""normalized_brand"", ""name"": ""MightyBet"", ""reconciliation"": ""matched_register"", ""retrieved_at_utc"": ""2026-09-29T10:09:49.579715+00:00"", ""service_keys"": [""mightybet.com.au""], ""source"": ""mybettingsites"", ""source_row"": 117, ""source_url"": ""https://mybettingsites.com/au/articles/list-of-all-online-betting-sites-australia"", ""url"": """"}, {""acma_rows"": [120], ""claimed_status"": ""active"", ""match_method"": ""normalized_brand"", ""name"": ""MightyBet"", ""reconciliation"": ""matched_register"", ""retrieved_at_utc"": ""2026-09-29T10:09:50.242051+00:00"", ""service_keys"": [""mightybet.com.au""], ""source"": ""puntguide"", ""source_row"": 28, ""source_url"": ""https://puntguide.com.au/all-betting-sites"", ""url"": ""https://www.mightybet.com.au""}]",,,False,https://www.acma.gov.au/check-if-gambling-operator-legal,2026-09-29T10:09:45.223763+00:00
millennialbet.com.au,Millennial Bet,millennialbet.com.au,"[""https://www.millennialbet.com.au""]","[""Millennial Bet""]","[""Pendlebury Bookmaking Pty Limited""]","[""Liquor & Gaming NSW""]",acma_registered_url,unverified,not_individually_classified,not_verified_by_inventory,official_register_listed,"[{""license_holder"": ""Pendlebury Bookmaking Pty Limited"", ""licensing_authority"": ""Liquor & Gaming NSW"", ""source_row"": 121, ""trading_name_raw"": ""Millennial Bet"", ""url_text"": ""https://www.millennialbet.com.au"", ""urls"": [""https://www.millennialbet.com.au""]}]","[{""acma_rows"": [121], ""claimed_status"": ""active"", ""match_method"": ""normalized_brand"", ""name"": ""MillennialBet"", ""reconciliation"": ""matched_register"", ""retrieved_at_utc"": ""2026-09-29T10:09:49.579715+00:00"", ""service_keys"": [""millennialbet.com.au""], ""source"": ""mybettingsites"", ""source_row"": 16, ""source_url"": ""https://mybettingsites.com/au/articles/list-of-all-online-betting-sites-australia"", ""url"": """"}, {""acma_rows"": [121], ""claimed_status"": ""active"", ""match_method"": ""normalized_brand"", ""name"": ""MillennialBet"", ""reconciliation"": ""matched_register"", ""retrieved_at_utc"": ""2026-09-29T10:09:50.242051+00:00"", ""service_keys"": [""millennialbet.com.au""], ""source"": ""puntguide"", ""source_row"": 37, ""source_url"": ""https://puntguide.com.au/all-betting-sites"", ""url"": ""https://www.millennialbet.com.au/""}]",,,False,https://www.acma.gov.au/check-if-gambling-operator-legal,2026-09-29T10:09:45.223763+00:00
mintbet.au,MintBet,mintbet.au,"[""https://www.mintbet.au""]","[""MintBet""]","[""Mintsports Pty Ltd""]","[""Northern Territory Racing and Wagering Commission""]",acma_registered_url,unverified,not_individually_classified,not_verified_by_inventory,official_register_listed,"[{""license_holder"": ""Mintsports Pty Ltd"", ""licensing_authority"": ""Northern Territory Racing and Wagering Commission"", ""source_row"": 122, ""trading_name_raw"": ""MintBet"", ""url_text"": ""https://www.mintbet.au"", ""urls"": [""https://www.mintbet.au""]}]","[{""acma_rows"": [122], ""claimed_status"": ""active"", ""match_method"": ""normalized_brand"", ""name"": ""MintBet"", ""reconciliation"": ""matched_register"", ""retrieved_at_utc"": ""2026-09-29T10:09:49.579715+00:00"", ""service_keys"": [""mintbet.au""], ""source"": ""mybettingsites"", ""source_row"": 29, ""source_url"": ""https://mybettingsites.com/au/articles/list-of-all-online-betting-sites-australia"", ""url"": """"}, {""acma_rows"": [122], ""claimed_status"": ""active"", ""match_method"": ""normalized_brand"", ""name"": ""MintBet"", ""reconciliation"": ""matched_register"", ""retrieved_at_utc"": ""2026-09-29T10:09:50.242051+00:00"", ""service_keys"": [""mintbet.au""], ""source"": ""puntguide"", ""source_row"": 50, ""source_url"": ""https://puntguide.com.au/all-betting-sites"", ""url"": ""https://mintbet.au""}]",,,False,https://www.acma.gov.au/check-if-gambling-operator-legal,2026-09-29T10:09:45.223763+00:00
moonbet.com.au,MoonBet,moonbet.com.au,"[""https://moonbet.com.au""]","[""MoonBet""]","[""Betting Services Australia Pty Ltd""]","[""Liquor & Gaming NSW""]",acma_registered_url,unverified,not_individually_classified,not_verified_by_inventory,official_register_listed,"[{""license_holder"": ""Betting Services Australia Pty Ltd"", ""licensing_authority"": ""Liquor & Gaming NSW"", ""source_row"": 123, ""trading_name_raw"": ""MoonBet"", ""url_text"": ""https://moonbet.com.au"", ""urls"": [""https://moonbet.com.au""]}]",[],,,False,https://www.acma.gov.au/check-if-gambling-operator-legal,2026-09-29T10:09:45.223763+00:00
multis.com.au,Multis.com.au,multis.com.au,"[""https://www.multis.com.au""]","[""Multis.com.au""]","[""Multis.com.au Pty Ltd""]","[""Victorian Gambling and Casino Control Commission""]",acma_registered_url,unverified,not_individually_classified,not_verified_by_inventory,official_register_listed,"[{""license_holder"": ""Multis.com.au Pty Ltd"", ""licensing_authority"": ""Victorian Gambling and Casino Control Commission"", ""source_row"": 124, ""trading_name_raw"": ""Multis.com.au"", ""url_text"": ""https://www.multis.com.au"", ""urls"": [""https://www.multis.com.au""]}]","[{""acma_rows"": [124], ""claimed_status"": ""active"", ""match_method"": ""normalized_brand"", ""name"": ""Multis.com.au"", ""reconciliation"": ""matched_register"", ""retrieved_at_utc"": ""2026-09-29T10:09:49.579715+00:00"", ""service_keys"": [""multis.com.au""], ""source"": ""mybettingsites"", ""source_row"": 126, ""source_url"": ""https://mybettingsites.com/au/articles/list-of-all-online-betting-sites-australia"", ""url"": """"}, {""acma_rows"": [124], ""claimed_status"": ""active"", ""match_method"": ""normalized_brand"", ""name"": ""Multis.com.au"", ""reconciliation"": ""matched_register"", ""retrieved_at_utc"": ""2026-09-29T10:09:50.242051+00:00"", ""service_keys"": [""multis.com.au""], ""source"": ""puntguide"", ""source_row"": 135, ""source_url"": ""https://puntguide.com.au/all-betting-sites"", ""url"": ""https://www.multis.com.au""}]",,,False,https://www.acma.gov.au/check-if-gambling-operator-legal,2026-09-29T10:09:45.223763+00:00
mybet.com.au,MyBet,mybet.com.au,"[""https://www.mybet.com.au""]","[""MyBet""]","[""Mybet Pty Ltd""]","[""Victorian Gambling and Casino Control Commission""]",acma_registered_url,unverified,not_individually_classified,not_verified_by_inventory,official_register_listed,"[{""license_holder"": ""Mybet Pty Ltd"", ""licensing_authority"": ""Victorian Gambling and Casino Control Commission"", ""source_row"": 127, ""trading_name_raw"": ""MyBet"", ""url_text"": ""https://www.mybet.com.au"", ""urls"": [""https://www.mybet.com.au""]}]","[{""acma_rows"": [126, 127], ""claimed_status"": ""active"", ""match_method"": ""normalized_brand"", ""name"": ""MyBet"", ""reconciliation"": ""matched_register"", ""retrieved_at_utc"": ""2026-09-29T10:09:49.579715+00:00"", ""service_keys"": [""mybet.com.au""], ""source"": ""mybettingsites"", ""source_row"": 109, ""source_url"": ""https://mybettingsites.com/au/articles/list-of-all-online-betting-sites-australia"", ""url"": """"}, {""acma_rows"": [126, 127], ""claimed_status"": ""active"", ""match_method"": ""normalized_brand"", ""name"": ""MyBet"", ""reconciliation"": ""matched_register"", ""retrieved_at_utc"": ""2026-09-29T10:09:50.242051+00:00"", ""service_keys"": [""mybet.com.au""], ""source"": ""puntguide"", ""source_row"": 83, ""source_url"": ""https://puntguide.com.au/all-betting-sites"", ""url"": ""https://www.mybet.com.au""}]",,,False,https://www.acma.gov.au/check-if-gambling-operator-legal,2026-09-29T10:09:45.223763+00:00
neds.com.au,Neds,neds.com.au,"[""https://www.neds.com.au""]","[""Neds""]","[""Entain Group Pty Ltd""]","[""Northern Territory Racing and Wagering Commission""]",acma_registered_url,unverified,not_individually_classified,not_verified_by_inventory,official_register_listed,"[{""license_holder"": ""Entain Group Pty Ltd"", ""licensing_authority"": ""Northern Territory Racing and Wagering Commission"", ""source_row"": 128, ""trading_name_raw"": ""Neds"", ""url_text"": ""https://www.neds.com.au"", ""urls"": [""https://www.neds.com.au""]}]","[{""acma_rows"": [128], ""claimed_status"": ""active"", ""match_method"": ""normalized_brand"", ""name"": ""Neds"", ""reconciliation"": ""matched_register"", ""retrieved_at_utc"": ""2026-09-29T10:09:49.579715+00:00"", ""service_keys"": [""neds.com.au""], ""source"": ""mybettingsites"", ""source_row"": 3, ""source_url"": ""https://mybettingsites.com/au/articles/list-of-all-online-betting-sites-australia"", ""url"": """"}, {""acma_rows"": [128], ""claimed_status"": ""active"", ""match_method"": ""normalized_brand"", ""name"": ""Neds"", ""reconciliation"": ""matched_register"", ""retrieved_at_utc"": ""2026-09-29T10:09:50.242051+00:00"", ""service_keys"": [""neds.com.au""], ""source"": ""puntguide"", ""source_row"": 9, ""source_url"": ""https://puntguide.com.au/all-betting-sites"", ""url"": ""https://www.neds.com.au""}]",,neds,True,https://www.acma.gov.au/check-if-gambling-operator-legal,2026-09-29T10:09:45.223763+00:00
next2go.com.au,Next2Go,next2go.com.au,"[""https://next2go.com.au""]","[""Next2Go""]","[""Zinger Bookmaking Pty Ltd""]","[""Northern Territory Racing and Wagering Commission""]",acma_registered_url,unverified,not_individually_classified,not_verified_by_inventory,official_register_listed,"[{""license_holder"": ""Zinger Bookmaking Pty Ltd"", ""licensing_authority"": ""Northern Territory Racing and Wagering Commission"", ""source_row"": 129, ""trading_name_raw"": ""Next2Go"", ""url_text"": ""https://next2go.com.au"", ""urls"": [""https://next2go.com.au""]}]","[{""acma_rows"": [129], ""claimed_status"": ""active"", ""match_method"": ""normalized_brand"", ""name"": ""Next2Go"", ""reconciliation"": ""matched_register"", ""retrieved_at_utc"": ""2026-09-29T10:09:49.579715+00:00"", ""service_keys"": [""next2go.com.au""], ""source"": ""mybettingsites"", ""source_row"": 7, ""source_url"": ""https://mybettingsites.com/au/articles/list-of-all-online-betting-sites-australia"", ""url"": """"}, {""acma_rows"": [129], ""claimed_status"": ""active"", ""match_method"": ""normalized_brand"", ""name"": ""Next2Go"", ""reconciliation"": ""matched_register"", ""retrieved_at_utc"": ""2026-09-29T10:09:50.242051+00:00"", ""service_keys"": [""next2go.com.au""], ""source"": ""puntguide"", ""source_row"": 35, ""source_url"": ""https://puntguide.com.au/all-betting-sites"", ""url"": ""https://www.next2go.com.au""}]",,,False,https://www.acma.gov.au/check-if-gambling-operator-legal,2026-09-29T10:09:45.223763+00:00
nextbet.com.au,Nextbet,nextbet.com.au,"[""https://www.nextbet.com.au""]","[""Nextbet""]","[""Nextbet Pty Ltd""]","[""Northern Territory Racing and Wagering Commission""]",acma_registered_url,unverified,not_individually_classified,not_verified_by_inventory,official_register_listed,"[{""license_holder"": ""Nextbet Pty Ltd"", ""licensing_authority"": ""Northern Territory Racing and Wagering Commission"", ""source_row"": 130, ""trading_name_raw"": ""Nextbet"", ""url_text"": ""https://www.nextbet.com.au"", ""urls"": [""https://www.nextbet.com.au""]}]","[{""acma_rows"": [130], ""claimed_status"": ""active"", ""match_method"": ""normalized_brand"", ""name"": ""NextBet"", ""reconciliation"": ""matched_register"", ""retrieved_at_utc"": ""2026-09-29T10:09:49.579715+00:00"", ""service_keys"": [""nextbet.com.au""], ""source"": ""mybettingsites"", ""source_row"": 2, ""source_url"": ""https://mybettingsites.com/au/articles/list-of-all-online-betting-sites-australia"", ""url"": """"}, {""acma_rows"": [130], ""claimed_status"": ""active"", ""match_method"": ""normalized_brand"", ""name"": ""NextBet"", ""reconciliation"": ""matched_register"", ""retrieved_at_utc"": ""2026-09-29T10:09:50.242051+00:00"", ""service_keys"": [""nextbet.com.au""], ""source"": ""puntguide"", ""source_row"": 1, ""source_url"": ""https://puntguide.com.au/all-betting-sites"", ""url"": ""https://www.nextbet.com.au""}]",,,False,https://www.acma.gov.au/check-if-gambling-operator-legal,2026-09-29T10:09:45.223763+00:00
ninjabet.com.au,Ninjabet,ninjabet.com.au,"[""https://www.ninjabet.com.au""]","[""Ninjabet""]","[""Betting Services Australia Pty Ltd""]","[""Liquor & Gaming NSW""]",acma_registered_url,unverified,not_individually_classified,not_verified_by_inventory,official_register_listed,"[{""license_holder"": ""Betting Services Australia Pty Ltd"", ""licensing_authority"": ""Liquor & Gaming NSW"", ""source_row"": 131, ""trading_name_raw"": ""Ninjabet"", ""url_text"": ""https://www.ninjabet.com.au"", ""urls"": [""https://www.ninjabet.com.au""]}]","[{""acma_rows"": [131], ""claimed_status"": ""active"", ""match_method"": ""normalized_brand"", ""name"": ""NinjaBet"", ""reconciliation"": ""matched_register"", ""retrieved_at_utc"": ""2026-09-29T10:09:49.579715+00:00"", ""service_keys"": [""ninjabet.com.au""], ""source"": ""mybettingsites"", ""source_row"": 74, ""source_url"": ""https://mybettingsites.com/au/articles/list-of-all-online-betting-sites-australia"", ""url"": """"}, {""acma_rows"": [131], ""claimed_status"": ""active"", ""match_method"": ""normalized_brand"", ""name"": ""NinjaBet"", ""reconciliation"": ""matched_register"", ""retrieved_at_utc"": ""2026-09-29T10:09:50.242051+00:00"", ""service_keys"": [""ninjabet.com.au""], ""source"": ""puntguide"", ""source_row"": 65, ""source_url"": ""https://puntguide.com.au/all-betting-sites"", ""url"": ""https://www.ninjabet.com.au""}]",,,False,https://www.acma.gov.au/check-if-gambling-operator-legal,2026-09-29T10:09:45.223763+00:00
noisy.com.au,Noisy,noisy.com.au,"[""https://www.noisy.com.au""]","[""Noisy""]","[""Amused Australia Pty Ltd""]","[""Northern Territory Racing and Wagering Commission""]",acma_registered_url,unverified,not_individually_classified,not_verified_by_inventory,official_register_listed,"[{""license_holder"": ""Amused Australia Pty Ltd"", ""licensing_authority"": ""Northern Territory Racing and Wagering Commission"", ""source_row"": 132, ""trading_name_raw"": ""Noisy"", ""url_text"": ""https://www.noisy.com.au"", ""urls"": [""https://www.noisy.com.au""]}]","[{""acma_rows"": [132], ""claimed_status"": ""active"", ""match_method"": ""normalized_brand"", ""name"": ""Noisy"", ""reconciliation"": ""matched_register"", ""retrieved_at_utc"": ""2026-09-29T10:09:49.579715+00:00"", ""service_keys"": [""noisy.com.au""], ""source"": ""mybettingsites"", ""source_row"": 108, ""source_url"": ""https://mybettingsites.com/au/articles/list-of-all-online-betting-sites-australia"", ""url"": """"}, {""acma_rows"": [132], ""claimed_status"": ""active"", ""match_method"": ""normalized_brand"", ""name"": ""Noisy"", ""reconciliation"": ""matched_register"", ""retrieved_at_utc"": ""2026-09-29T10:09:50.242051+00:00"", ""service_keys"": [""noisy.com.au""], ""source"": ""puntguide"", ""source_row"": 25, ""source_url"": ""https://puntguide.com.au/all-betting-sites"", ""url"": ""https://www.noisy.com.au""}]",,,False,https://www.acma.gov.au/check-if-gambling-operator-legal,2026-09-29T10:09:45.223763+00:00
okebet.com.au,Oke Bet,okebet.com.au,"[""https://okebet.com.au""]","[""Oke Bet""]","[""Opie, Mark""]","[""Victorian Gambling and Casino Control Commission""]",acma_registered_url,unverified,not_individually_classified,not_verified_by_inventory,official_register_listed,"[{""license_holder"": ""Opie, Mark"", ""licensing_authority"": ""Victorian Gambling and Casino Control Commission"", ""source_row"": 133, ""trading_name_raw"": ""Oke Bet"", ""url_text"": ""https://okebet.com.au"", ""urls"": [""https://okebet.com.au""]}]","[{""acma_rows"": [133], ""claimed_status"": ""active"", ""match_method"": ""normalized_brand"", ""name"": ""OKEBET"", ""reconciliation"": ""matched_register"", ""retrieved_at_utc"": ""2026-09-29T10:09:49.579715+00:00"", ""service_keys"": [""okebet.com.au""], ""source"": ""mybettingsites"", ""source_row"": 95, ""source_url"": ""https://mybettingsites.com/au/articles/list-of-all-online-betting-sites-australia"", ""url"": """"}, {""acma_rows"": [133], ""claimed_status"": ""active"", ""match_method"": ""normalized_brand"", ""name"": ""OKEBET"", ""reconciliation"": ""matched_register"", ""retrieved_at_utc"": ""2026-09-29T10:09:50.242051+00:00"", ""service_keys"": [""okebet.com.au""], ""source"": ""puntguide"", ""source_row"": 77, ""source_url"": ""https://puntguide.com.au/all-betting-sites"", ""url"": ""https://www.okebet.com.au""}]",,,False,https://www.acma.gov.au/check-if-gambling-operator-legal,2026-09-29T10:09:45.223763+00:00
onlybets.com.au,OnlyBets,onlybets.com.au,"[""https://onlybets.com.au""]","[""OnlyBets""]","[""OnlyBetting Pty Ltd""]","[""Victorian Gambling and Casino Control Commission""]",acma_registered_url,unverified,not_individually_classified,not_verified_by_inventory,official_register_listed,"[{""license_holder"": ""OnlyBetting Pty Ltd"", ""licensing_authority"": ""Victorian Gambling and Casino Control Commission"", ""source_row"": 134, ""trading_name_raw"": ""OnlyBets"", ""url_text"": ""https://onlybets.com.au"", ""urls"": [""https://onlybets.com.au""]}]","[{""acma_rows"": [134], ""claimed_status"": ""active"", ""match_method"": ""normalized_brand"", ""name"": ""OnlyBets"", ""reconciliation"": ""matched_register"", ""retrieved_at_utc"": ""2026-09-29T10:09:49.579715+00:00"", ""service_keys"": [""onlybets.com.au""], ""source"": ""mybettingsites"", ""source_row"": 70, ""source_url"": ""https://mybettingsites.com/au/articles/list-of-all-online-betting-sites-australia"", ""url"": """"}, {""acma_rows"": [134], ""claimed_status"": ""active"", ""match_method"": ""normalized_brand"", ""name"": ""OnlyBets"", ""reconciliation"": ""matched_register"", ""retrieved_at_utc"": ""2026-09-29T10:09:50.242051+00:00"", ""service_keys"": [""onlybets.com.au""], ""source"": ""puntguide"", ""source_row"": 17, ""source_url"": ""https://puntguide.com.au/all-betting-sites"", ""url"": ""https://www.onlybets.com.au""}]",,,False,https://www.acma.gov.au/check-if-gambling-operator-legal,2026-09-29T10:09:45.223763+00:00
palmerbet.com,Palmerbet,palmerbet.com,"[""https://www.palmerbet.com""]","[""Palmerbet""]","[""Palmer Bookmaking Pty Ltd""]","[""Liquor & Gaming NSW""]",acma_registered_url,unverified,not_individually_classified,not_verified_by_inventory,official_register_listed,"[{""license_holder"": ""Palmer Bookmaking Pty Ltd"", ""licensing_authority"": ""Liquor & Gaming NSW"", ""source_row"": 135, ""trading_name_raw"": ""Palmerbet"", ""url_text"": ""https://www.palmerbet.com"", ""urls"": [""https://www.palmerbet.com""]}]","[{""acma_rows"": [135], ""claimed_status"": ""active"", ""match_method"": ""normalized_brand"", ""name"": ""Palmerbet"", ""reconciliation"": ""matched_register"", ""retrieved_at_utc"": ""2026-09-29T10:09:49.579715+00:00"", ""service_keys"": [""palmerbet.com""], ""source"": ""mybettingsites"", ""source_row"": 85, ""source_url"": ""https://mybettingsites.com/au/articles/list-of-all-online-betting-sites-australia"", ""url"": """"}, {""acma_rows"": [135], ""claimed_status"": ""active"", ""match_method"": ""normalized_brand"", ""name"": ""Palmerbet"", ""reconciliation"": ""matched_register"", ""retrieved_at_utc"": ""2026-09-29T10:09:50.242051+00:00"", ""service_keys"": [""palmerbet.com""], ""source"": ""puntguide"", ""source_row"": 20, ""source_url"": ""https://puntguide.com.au/all-betting-sites"", ""url"": ""https://www.palmerbet.com""}]",,palmerbet,True,https://www.acma.gov.au/check-if-gambling-operator-legal,2026-09-29T10:09:45.223763+00:00
pandabet.com.au,Pandabet,pandabet.com.au,"[""https://www.pandabet.com.au""]","[""Pandabet""]","[""Betting Services Australia Pty Ltd""]","[""Liquor & Gaming NSW""]",acma_registered_url,unverified,not_individually_classified,not_verified_by_inventory,official_register_listed,"[{""license_holder"": ""Betting Services Australia Pty Ltd"", ""licensing_authority"": ""Liquor & Gaming NSW"", ""source_row"": 136, ""trading_name_raw"": ""Pandabet"", ""url_text"": ""https://www.pandabet.com.au"", ""urls"": [""https://www.pandabet.com.au""]}]","[{""acma_rows"": [136], ""claimed_status"": ""active"", ""match_method"": ""normalized_brand"", ""name"": ""PandaBet"", ""reconciliation"": ""matched_register"", ""retrieved_at_utc"": ""2026-09-29T10:09:49.579715+00:00"", ""service_keys"": [""pandabet.com.au""], ""source"": ""mybettingsites"", ""source_row"": 76, ""source_url"": ""https://mybettingsites.com/au/articles/list-of-all-online-betting-sites-australia"", ""url"": """"}, {""acma_rows"": [136], ""claimed_status"": ""active"", ""match_method"": ""normalized_brand"", ""name"": ""PandaBet"", ""reconciliation"": ""matched_register"", ""retrieved_at_utc"": ""2026-09-29T10:09:50.242051+00:00"", ""service_keys"": [""pandabet.com.au""], ""source"": ""puntguide"", ""source_row"": 67, ""source_url"": ""https://puntguide.com.au/all-betting-sites"", ""url"": ""https://www.pandabet.com.au""}]",,,False,https://www.acma.gov.au/check-if-gambling-operator-legal,2026-09-29T10:09:45.223763+00:00
picklebet.com,Picklebet,picklebet.com,"[""https://picklebet.com""]","[""Picklebet""]","[""Puntaa Pty Ltd""]","[""Northern Territory Racing and Wagering Commission""]",acma_registered_url,unverified,not_individually_classified,not_verified_by_inventory,official_register_listed,"[{""license_holder"": ""Puntaa Pty Ltd"", ""licensing_authority"": ""Northern Territory Racing and Wagering Commission"", ""source_row"": 142, ""trading_name_raw"": ""Picklebet"", ""url_text"": ""https://picklebet.com"", ""urls"": [""https://picklebet.com""]}]","[{""acma_rows"": [142], ""claimed_status"": ""active"", ""match_method"": ""normalized_brand"", ""name"": ""Picklebet"", ""reconciliation"": ""matched_register"", ""retrieved_at_utc"": ""2026-09-29T10:09:49.579715+00:00"", ""service_keys"": [""picklebet.com""], ""source"": ""mybettingsites"", ""source_row"": 10, ""source_url"": ""https://mybettingsites.com/au/articles/list-of-all-online-betting-sites-australia"", ""url"": """"}, {""acma_rows"": [142], ""claimed_status"": ""active"", ""match_method"": ""normalized_brand"", ""name"": ""Picklebet"", ""reconciliation"": ""matched_register"", ""retrieved_at_utc"": ""2026-09-29T10:09:50.242051+00:00"", ""service_keys"": [""picklebet.com""], ""source"": ""puntguide"", ""source_row"": 7, ""source_url"": ""https://puntguide.com.au/all-betting-sites"", ""url"": ""https://www.picklebet.com""}]",,,False,https://www.acma.gov.au/check-if-gambling-operator-legal,2026-09-29T10:09:45.223763+00:00
picnicbet.com,Picnicbet.com,picnicbet.com,"[""https://picnicbet.com""]","[""Picnicbet.com""]","[""Boncorp Holdings Pty Ltd""]","[""Victorian Gambling and Casino Control Commission""]",acma_registered_url,unverified,not_individually_classified,not_verified_by_inventory,official_register_listed,"[{""license_holder"": ""Boncorp Holdings Pty Ltd"", ""licensing_authority"": ""Victorian Gambling and Casino Control Commission"", ""source_row"": 143, ""trading_name_raw"": ""Picnicbet.com"", ""url_text"": ""https://picnicbet.com"", ""urls"": [""https://picnicbet.com""]}]","[{""acma_rows"": [143], ""claimed_status"": ""active"", ""match_method"": ""curated_brand_alias"", ""name"": ""PicnicBet"", ""reconciliation"": ""matched_register"", ""retrieved_at_utc"": ""2026-09-29T10:09:49.579715+00:00"", ""service_keys"": [""picnicbet.com""], ""source"": ""mybettingsites"", ""source_row"": 94, ""source_url"": ""https://mybettingsites.com/au/articles/list-of-all-online-betting-sites-australia"", ""url"": """"}, {""acma_rows"": [143], ""claimed_status"": ""active"", ""match_method"": ""curated_brand_alias"", ""name"": ""PicnicBet"", ""reconciliation"": ""matched_register"", ""retrieved_at_utc"": ""2026-09-29T10:09:50.242051+00:00"", ""service_keys"": [""picnicbet.com""], ""source"": ""puntguide"", ""source_row"": 76, ""source_url"": ""https://puntguide.com.au/all-betting-sites"", ""url"": ""https://www.picnicbet.com""}]",,,False,https://www.acma.gov.au/check-if-gambling-operator-legal,2026-09-29T10:09:45.223763+00:00
playup.com.au/betting,PlayUp,playup.com.au,"[""https://www.playup.com.au/betting""]","[""PlayUp""]","[""Nextbet Pty Ltd""]","[""Northern Territory Racing and Wagering Commission""]",acma_registered_url,unverified,not_individually_classified,not_verified_by_inventory,official_register_listed,"[{""license_holder"": ""Nextbet Pty Ltd"", ""licensing_authority"": ""Northern Territory Racing and Wagering Commission"", ""source_row"": 145, ""trading_name_raw"": ""PlayUp"", ""url_text"": ""https://www.playup.com.au/betting"", ""urls"": [""https://www.playup.com.au/betting""]}]","[{""acma_rows"": [145], ""claimed_status"": ""active"", ""match_method"": ""normalized_brand"", ""name"": ""PlayUp"", ""reconciliation"": ""matched_register"", ""retrieved_at_utc"": ""2026-09-29T10:09:49.579715+00:00"", ""service_keys"": [""playup.com.au/betting""], ""source"": ""mybettingsites"", ""source_row"": 68, ""source_url"": ""https://mybettingsites.com/au/articles/list-of-all-online-betting-sites-australia"", ""url"": """"}]",,,False,https://www.acma.gov.au/check-if-gambling-operator-legal,2026-09-29T10:09:45.223763+00:00
playwestbet.com,PlayWest,playwestbet.com,"[""https://playwestbet.com""]","[""PlayWest""]","[""PlayWest Pty Limited""]","[""WA Department of Local Government, Industry Regulation and Safety""]",acma_registered_url,unverified,not_individually_classified,not_verified_by_inventory,official_register_listed,"[{""license_holder"": ""PlayWest Pty Limited"", ""licensing_authority"": ""WA Department of Local Government, Industry Regulation and Safety"", ""source_row"": 146, ""trading_name_raw"": ""PlayWest"", ""url_text"": ""https://playwestbet.com"", ""urls"": [""https://playwestbet.com""]}]","[{""acma_rows"": [146], ""claimed_status"": ""active"", ""match_method"": ""normalized_brand"", ""name"": ""PlayWest"", ""reconciliation"": ""matched_register"", ""retrieved_at_utc"": ""2026-09-29T10:09:49.579715+00:00"", ""service_keys"": [""playwestbet.com""], ""source"": ""mybettingsites"", ""source_row"": 110, ""source_url"": ""https://mybettingsites.com/au/articles/list-of-all-online-betting-sites-australia"", ""url"": """"}, {""acma_rows"": [146], ""claimed_status"": ""active"", ""match_method"": ""normalized_brand"", ""name"": ""PlayWest"", ""reconciliation"": ""matched_register"", ""retrieved_at_utc"": ""2026-09-29T10:09:50.242051+00:00"", ""service_keys"": [""playwestbet.com""], ""source"": ""puntguide"", ""source_row"": 84, ""source_url"": ""https://puntguide.com.au/all-betting-sites"", ""url"": ""https://www.playwestbet.com""}]",,,False,https://www.acma.gov.au/check-if-gambling-operator-legal,2026-09-29T10:09:45.223763+00:00
pointsbet.com.au,PointsBet,pointsbet.com.au,"[""https://pointsbet.com.au""]","[""PointsBet""]","[""Pointsbet Australia Pty Ltd""]","[""Northern Territory Racing and Wagering Commission""]",acma_registered_url,unverified,not_individually_classified,not_verified_by_inventory,official_register_listed,"[{""license_holder"": ""Pointsbet Australia Pty Ltd"", ""licensing_authority"": ""Northern Territory Racing and Wagering Commission"", ""source_row"": 147, ""trading_name_raw"": ""PointsBet"", ""url_text"": ""https://pointsbet.com.au"", ""urls"": [""https://pointsbet.com.au""]}]","[{""acma_rows"": [147], ""claimed_status"": ""active"", ""match_method"": ""normalized_brand"", ""name"": ""PointsBet"", ""reconciliation"": ""matched_register"", ""retrieved_at_utc"": ""2026-09-29T10:09:49.579715+00:00"", ""service_keys"": [""pointsbet.com.au""], ""source"": ""mybettingsites"", ""source_row"": 83, ""source_url"": ""https://mybettingsites.com/au/articles/list-of-all-online-betting-sites-australia"", ""url"": """"}, {""acma_rows"": [147], ""claimed_status"": ""active"", ""match_method"": ""normalized_brand"", ""name"": ""PointsBet"", ""reconciliation"": ""matched_register"", ""retrieved_at_utc"": ""2026-09-29T10:09:50.242051+00:00"", ""service_keys"": [""pointsbet.com.au""], ""source"": ""puntguide"", ""source_row"": 6, ""source_url"": ""https://puntguide.com.au/all-betting-sites"", ""url"": ""https://www.pointsbet.com.au""}]",,pointsbetau,True,https://www.acma.gov.au/check-if-gambling-operator-legal,2026-09-29T10:09:45.223763+00:00
ponybet.com.au,PonyBet,ponybet.com.au,"[""https://ponybet.com.au""]","[""PonyBet""]","[""Booki.com.au Pty Ltd""]","[""Northern Territory Racing and Wagering Commission""]",acma_registered_url,unverified,not_individually_classified,not_verified_by_inventory,official_register_listed,"[{""license_holder"": ""Booki.com.au Pty Ltd"", ""licensing_authority"": ""Northern Territory Racing and Wagering Commission"", ""source_row"": 148, ""trading_name_raw"": ""PonyBet"", ""url_text"": ""https://ponybet.com.au"", ""urls"": [""https://ponybet.com.au""]}]","[{""acma_rows"": [148], ""claimed_status"": ""active"", ""match_method"": ""normalized_brand"", ""name"": ""PonyBet"", ""reconciliation"": ""matched_register"", ""retrieved_at_utc"": ""2026-09-29T10:09:49.579715+00:00"", ""service_keys"": [""ponybet.com.au""], ""source"": ""mybettingsites"", ""source_row"": 114, ""source_url"": ""https://mybettingsites.com/au/articles/list-of-all-online-betting-sites-australia"", ""url"": """"}, {""acma_rows"": [148], ""claimed_status"": ""active"", ""match_method"": ""normalized_brand"", ""name"": ""PonyBet"", ""reconciliation"": ""matched_register"", ""retrieved_at_utc"": ""2026-09-29T10:09:50.242051+00:00"", ""service_keys"": [""ponybet.com.au""], ""source"": ""puntguide"", ""source_row"": 87, ""source_url"": ""https://puntguide.com.au/all-betting-sites"", ""url"": ""https://www.ponybet.com.au""}]",,,False,https://www.acma.gov.au/check-if-gambling-operator-legal,2026-09-29T10:09:45.223763+00:00
premiumbet.com.au,Premiumbet,premiumbet.com.au,"[""https://premiumbet.com.au""]","[""Premiumbet""]","[""Hudson, Frank""]","[""Victorian Gambling and Casino Control Commission""]",acma_registered_url,unverified,not_individually_classified,not_verified_by_inventory,official_register_listed,"[{""license_holder"": ""Hudson, Frank"", ""licensing_authority"": ""Victorian Gambling and Casino Control Commission"", ""source_row"": 149, ""trading_name_raw"": ""Premiumbet"", ""url_text"": ""https://premiumbet.com.au"", ""urls"": [""https://premiumbet.com.au""]}]","[{""acma_rows"": [149], ""claimed_status"": ""active"", ""match_method"": ""normalized_brand"", ""name"": ""PremiumBet"", ""reconciliation"": ""matched_register"", ""retrieved_at_utc"": ""2026-09-29T10:09:49.579715+00:00"", ""service_keys"": [""premiumbet.com.au""], ""source"": ""mybettingsites"", ""source_row"": 48, ""source_url"": ""https://mybettingsites.com/au/articles/list-of-all-online-betting-sites-australia"", ""url"": """"}, {""acma_rows"": [149], ""claimed_status"": ""active"", ""match_method"": ""normalized_brand"", ""name"": ""PremiumBet"", ""reconciliation"": ""matched_register"", ""retrieved_at_utc"": ""2026-09-29T10:09:50.242051+00:00"", ""service_keys"": [""premiumbet.com.au""], ""source"": ""puntguide"", ""source_row"": 109, ""source_url"": ""https://puntguide.com.au/all-betting-sites"", ""url"": ""https://www.premiumbet.com.au""}]",,,False,https://www.acma.gov.au/check-if-gambling-operator-legal,2026-09-29T10:09:45.223763+00:00
pulsebet.com.au,PulseBet,pulsebet.com.au,"[""https://www.pulsebet.com.au""]","[""PulseBet""]","[""Amused Australia Pty Ltd""]","[""Northern Territory Racing and Wagering Commission""]",acma_registered_url,unverified,not_individually_classified,not_verified_by_inventory,official_register_listed,"[{""license_holder"": ""Amused Australia Pty Ltd"", ""licensing_authority"": ""Northern Territory Racing and Wagering Commission"", ""source_row"": 150, ""trading_name_raw"": ""PulseBet"", ""url_text"": ""https://www.pulsebet.com.au"", ""urls"": [""https://www.pulsebet.com.au""]}]","[{""acma_rows"": [150], ""claimed_status"": ""active"", ""match_method"": ""normalized_brand"", ""name"": ""PulseBet"", ""reconciliation"": ""matched_register"", ""retrieved_at_utc"": ""2026-09-29T10:09:49.579715+00:00"", ""service_keys"": [""pulsebet.com.au""], ""source"": ""mybettingsites"", ""source_row"": 112, ""source_url"": ""https://mybettingsites.com/au/articles/list-of-all-online-betting-sites-australia"", ""url"": """"}, {""acma_rows"": [150], ""claimed_status"": ""active"", ""match_method"": ""normalized_brand"", ""name"": ""PulseBet"", ""reconciliation"": ""matched_register"", ""retrieved_at_utc"": ""2026-09-29T10:09:50.242051+00:00"", ""service_keys"": [""pulsebet.com.au""], ""source"": ""puntguide"", ""source_row"": 26, ""source_url"": ""https://puntguide.com.au/all-betting-sites"", ""url"": ""https://www.pulsebet.com.au""}]",,,False,https://www.acma.gov.au/check-if-gambling-operator-legal,2026-09-29T10:09:45.223763+00:00
punt123.bet,Punt123.bet,punt123.bet,"[""https://punt123.bet""]","[""Punt123.bet""]","[""Harrak, Michael""]","[""Victorian Gambling and Casino Control Commission""]",acma_registered_url,unverified,not_individually_classified,not_verified_by_inventory,official_register_listed,"[{""license_holder"": ""Harrak, Michael"", ""licensing_authority"": ""Victorian Gambling and Casino Control Commission"", ""source_row"": 151, ""trading_name_raw"": ""Punt123.bet"", ""url_text"": ""https://punt123.bet"", ""urls"": [""https://punt123.bet""]}]","[{""acma_rows"": [151], ""claimed_status"": ""active"", ""match_method"": ""curated_brand_alias"", ""name"": ""Punt123"", ""reconciliation"": ""matched_register"", ""retrieved_at_utc"": ""2026-09-29T10:09:49.579715+00:00"", ""service_keys"": [""punt123.bet""], ""source"": ""mybettingsites"", ""source_row"": 50, ""source_url"": ""https://mybettingsites.com/au/articles/list-of-all-online-betting-sites-australia"", ""url"": """"}, {""acma_rows"": [151], ""claimed_status"": ""active"", ""match_method"": ""curated_brand_alias"", ""name"": ""Punt123"", ""reconciliation"": ""matched_register"", ""retrieved_at_utc"": ""2026-09-29T10:09:50.242051+00:00"", ""service_keys"": [""punt123.bet""], ""source"": ""puntguide"", ""source_row"": 59, ""source_url"": ""https://puntguide.com.au/all-betting-sites"", ""url"": ""https://punt123.bet""}]",,,False,https://www.acma.gov.au/check-if-gambling-operator-legal,2026-09-29T10:09:45.223763+00:00
puntnow.com.au,Puntnow,puntnow.com.au,"[""https://www.puntnow.com.au""]","[""Puntnow""]","[""Puntnow Pty Ltd""]","[""Victorian Gambling and Casino Control Commission""]",acma_registered_url,unverified,not_individually_classified,not_verified_by_inventory,official_register_listed,"[{""license_holder"": ""Puntnow Pty Ltd"", ""licensing_authority"": ""Victorian Gambling and Casino Control Commission"", ""source_row"": 153, ""trading_name_raw"": ""Puntnow"", ""url_text"": ""https://www.puntnow.com.au"", ""urls"": [""https://www.puntnow.com.au""]}]","[{""acma_rows"": [153], ""claimed_status"": ""active"", ""match_method"": ""normalized_brand"", ""name"": ""PuntNow"", ""reconciliation"": ""matched_register"", ""retrieved_at_utc"": ""2026-09-29T10:09:49.579715+00:00"", ""service_keys"": [""puntnow.com.au""], ""source"": ""mybettingsites"", ""source_row"": 78, ""source_url"": ""https://mybettingsites.com/au/articles/list-of-all-online-betting-sites-australia"", ""url"": """"}, {""acma_rows"": [153], ""claimed_status"": ""active"", ""match_method"": ""normalized_brand"", ""name"": ""PuntNow"", ""reconciliation"": ""matched_register"", ""retrieved_at_utc"": ""2026-09-29T10:09:50.242051+00:00"", ""service_keys"": [""puntnow.com.au""], ""source"": ""puntguide"", ""source_row"": 19, ""source_url"": ""https://puntguide.com.au/all-betting-sites"", ""url"": ""https://www.puntnow.com.au""}]",,,False,https://www.acma.gov.au/check-if-gambling-operator-legal,2026-09-29T10:09:45.223763+00:00
puntsport.com.au,PuntSport,puntsport.com.au,"[""https://www.puntsport.com.au""]","[""PuntSport""]","[""Winners Bookmaking Pty Ltd""]","[""Liquor & Gaming NSW""]",acma_registered_url,unverified,not_individually_classified,not_verified_by_inventory,official_register_listed,"[{""license_holder"": ""Winners Bookmaking Pty Ltd"", ""licensing_authority"": ""Liquor & Gaming NSW"", ""source_row"": 154, ""trading_name_raw"": ""PuntSport"", ""url_text"": ""https://www.puntsport.com.au"", ""urls"": [""https://www.puntsport.com.au""]}]","[{""acma_rows"": [154], ""claimed_status"": ""active"", ""match_method"": ""normalized_brand"", ""name"": ""PUNTSPORT"", ""reconciliation"": ""matched_register"", ""retrieved_at_utc"": ""2026-09-29T10:09:49.579715+00:00"", ""service_keys"": [""puntsport.com.au""], ""source"": ""mybettingsites"", ""source_row"": 131, ""source_url"": ""https://mybettingsites.com/au/articles/list-of-all-online-betting-sites-australia"", ""url"": """"}, {""acma_rows"": [154], ""claimed_status"": ""active"", ""match_method"": ""normalized_brand"", ""name"": ""PUNTSPORT"", ""reconciliation"": ""matched_register"", ""retrieved_at_utc"": ""2026-09-29T10:09:50.242051+00:00"", ""service_keys"": [""puntsport.com.au""], ""source"": ""puntguide"", ""source_row"": 137, ""source_url"": ""https://puntguide.com.au/all-betting-sites"", ""url"": ""https://www.puntsport.com.au""}]",,,False,https://www.acma.gov.au/check-if-gambling-operator-legal,2026-09-29T10:09:45.223763+00:00
puntx.com.au,PuntX,puntx.com.au,"[""https://puntx.com.au""]","[""PuntX""]","[""Zinger Bookmaking Pty Ltd""]","[""Northern Territory Racing and Wagering Commission""]",acma_registered_url,unverified,not_individually_classified,not_verified_by_inventory,official_register_listed,"[{""license_holder"": ""Zinger Bookmaking Pty Ltd"", ""licensing_authority"": ""Northern Territory Racing and Wagering Commission"", ""source_row"": 155, ""trading_name_raw"": ""PuntX"", ""url_text"": ""https://puntx.com.au"", ""urls"": [""https://puntx.com.au""]}]","[{""acma_rows"": [155], ""claimed_status"": ""active"", ""match_method"": ""normalized_brand"", ""name"": ""PuntX"", ""reconciliation"": ""matched_register"", ""retrieved_at_utc"": ""2026-09-29T10:09:49.579715+00:00"", ""service_keys"": [""puntx.com.au""], ""source"": ""mybettingsites"", ""source_row"": 22, ""source_url"": ""https://mybettingsites.com/au/articles/list-of-all-online-betting-sites-australia"", ""url"": """"}, {""acma_rows"": [155], ""claimed_status"": ""active"", ""match_method"": ""normalized_brand"", ""name"": ""PuntX"", ""reconciliation"": ""matched_register"", ""retrieved_at_utc"": ""2026-09-29T10:09:50.242051+00:00"", ""service_keys"": [""puntx.com.au""], ""source"": ""puntguide"", ""source_row"": 38, ""source_url"": ""https://puntguide.com.au/all-betting-sites"", ""url"": ""https://www.puntx.com.au""}]",,,False,https://www.acma.gov.au/check-if-gambling-operator-legal,2026-09-29T10:09:45.223763+00:00
puntzone.com.au,PuntZone,puntzone.com.au,"[""https://www.puntzone.com.au""]","[""PuntZone""]","[""Betting Services Australia Pty Ltd""]","[""Liquor & Gaming NSW""]",acma_registered_url,unverified,not_individually_classified,not_verified_by_inventory,official_register_listed,"[{""license_holder"": ""Betting Services Australia Pty Ltd"", ""licensing_authority"": ""Liquor & Gaming NSW"", ""source_row"": 156, ""trading_name_raw"": ""PuntZone"", ""url_text"": ""https://www.puntzone.com.au"", ""urls"": [""https://www.puntzone.com.au""]}]","[{""acma_rows"": [156], ""claimed_status"": ""active"", ""match_method"": ""normalized_brand"", ""name"": ""PuntZone"", ""reconciliation"": ""matched_register"", ""retrieved_at_utc"": ""2026-09-29T10:09:49.579715+00:00"", ""service_keys"": [""puntzone.com.au""], ""source"": ""mybettingsites"", ""source_row"": 72, ""source_url"": ""https://mybettingsites.com/au/articles/list-of-all-online-betting-sites-australia"", ""url"": """"}, {""acma_rows"": [156], ""claimed_status"": ""active"", ""match_method"": ""normalized_brand"", ""name"": ""PuntZone"", ""reconciliation"": ""matched_register"", ""retrieved_at_utc"": ""2026-09-29T10:09:50.242051+00:00"", ""service_keys"": [""puntzone.com.au""], ""source"": ""puntguide"", ""source_row"": 15, ""source_url"": ""https://puntguide.com.au/all-betting-sites"", ""url"": ""https://www.puntzone.com.au""}]",,,False,https://www.acma.gov.au/check-if-gambling-operator-legal,2026-09-29T10:09:45.223763+00:00
questbet.com.au,QuestBet,questbet.com.au,"[""https://questbet.com.au""]","[""QuestBet""]","[""Questbet Pty Ltd""]","[""Victorian Gambling and Casino Control Commission""]",acma_registered_url,unverified,not_individually_classified,not_verified_by_inventory,official_register_listed,"[{""license_holder"": ""Questbet Pty Ltd"", ""licensing_authority"": ""Victorian Gambling and Casino Control Commission"", ""source_row"": 157, ""trading_name_raw"": ""QuestBet"", ""url_text"": ""https://questbet.com.au"", ""urls"": [""https://questbet.com.au""]}]","[{""acma_rows"": [157], ""claimed_status"": ""active"", ""match_method"": ""normalized_brand"", ""name"": ""QuestBet"", ""reconciliation"": ""matched_register"", ""retrieved_at_utc"": ""2026-09-29T10:09:49.579715+00:00"", ""service_keys"": [""questbet.com.au""], ""source"": ""mybettingsites"", ""source_row"": 61, ""source_url"": ""https://mybettingsites.com/au/articles/list-of-all-online-betting-sites-australia"", ""url"": """"}, {""acma_rows"": [157], ""claimed_status"": ""active"", ""match_method"": ""normalized_brand"", ""name"": ""QuestBet"", ""reconciliation"": ""matched_register"", ""retrieved_at_utc"": ""2026-09-29T10:09:50.242051+00:00"", ""service_keys"": [""questbet.com.au""], ""source"": ""puntguide"", ""source_row"": 118, ""source_url"": ""https://puntguide.com.au/all-betting-sites"", ""url"": ""https://www.questbet.com.au""}]",,,False,https://www.acma.gov.au/check-if-gambling-operator-legal,2026-09-29T10:09:45.223763+00:00
readybet.com.au,Readybet,readybet.com.au,"[""https://readybet.com.au""]","[""Readybet""]","[""Readybet Partnership""]","[""Victorian Gambling and Casino Control Commission""]",acma_registered_url,unverified,not_individually_classified,not_verified_by_inventory,official_register_listed,"[{""license_holder"": ""Readybet Partnership"", ""licensing_authority"": ""Victorian Gambling and Casino Control Commission"", ""source_row"": 160, ""trading_name_raw"": ""Readybet"", ""url_text"": ""https://readybet.com.au"", ""urls"": [""https://readybet.com.au""]}]","[{""acma_rows"": [160], ""claimed_status"": ""active"", ""match_method"": ""normalized_brand"", ""name"": ""ReadyBet"", ""reconciliation"": ""matched_register"", ""retrieved_at_utc"": ""2026-09-29T10:09:49.579715+00:00"", ""service_keys"": [""readybet.com.au""], ""source"": ""mybettingsites"", ""source_row"": 43, ""source_url"": ""https://mybettingsites.com/au/articles/list-of-all-online-betting-sites-australia"", ""url"": """"}, {""acma_rows"": [160], ""claimed_status"": ""active"", ""match_method"": ""normalized_brand"", ""name"": ""ReadyBet"", ""reconciliation"": ""matched_register"", ""retrieved_at_utc"": ""2026-09-29T10:09:50.242051+00:00"", ""service_keys"": [""readybet.com.au""], ""source"": ""puntguide"", ""source_row"": 54, ""source_url"": ""https://puntguide.com.au/all-betting-sites"", ""url"": ""https://www.readybet.com.au""}]",,,False,https://www.acma.gov.au/check-if-gambling-operator-legal,2026-09-29T10:09:45.223763+00:00
realbookie.com.au,RealBookie,realbookie.com.au,"[""https://realbookie.com.au""]","[""RealBookie""]","[""Realbookie.com.au Partnership""]","[""Victorian Gambling and Casino Control Commission""]",acma_registered_url,unverified,not_individually_classified,not_verified_by_inventory,official_register_listed,"[{""license_holder"": ""Realbookie.com.au Partnership"", ""licensing_authority"": ""Victorian Gambling and Casino Control Commission"", ""source_row"": 161, ""trading_name_raw"": ""RealBookie"", ""url_text"": ""https://realbookie.com.au"", ""urls"": [""https://realbookie.com.au""]}]","[{""acma_rows"": [161], ""claimed_status"": ""active"", ""match_method"": ""normalized_brand"", ""name"": ""RealBookie"", ""reconciliation"": ""matched_register"", ""retrieved_at_utc"": ""2026-09-29T10:09:49.579715+00:00"", ""service_keys"": [""realbookie.com.au""], ""source"": ""mybettingsites"", ""source_row"": 64, ""source_url"": ""https://mybettingsites.com/au/articles/list-of-all-online-betting-sites-australia"", ""url"": """"}, {""acma_rows"": [161], ""claimed_status"": ""active"", ""match_method"": ""normalized_brand"", ""name"": ""RealBookie"", ""reconciliation"": ""matched_register"", ""retrieved_at_utc"": ""2026-09-29T10:09:50.242051+00:00"", ""service_keys"": [""realbookie.com.au""], ""source"": ""puntguide"", ""source_row"": 62, ""source_url"": ""https://puntguide.com.au/all-betting-sites"", ""url"": ""https://www.realbookie.com.au""}]",,,False,https://www.acma.gov.au/check-if-gambling-operator-legal,2026-09-29T10:09:45.223763+00:00
redbet.com.au,RedBet,redbet.com.au,"[""https://www.redbet.com.au""]","[""RedBet""]","[""G & N Oke Partnership""]","[""Victorian Gambling and Casino Control Commission""]",acma_registered_url,unverified,not_individually_classified,not_verified_by_inventory,official_register_listed,"[{""license_holder"": ""G & N Oke Partnership"", ""licensing_authority"": ""Victorian Gambling and Casino Control Commission"", ""source_row"": 162, ""trading_name_raw"": ""RedBet"", ""url_text"": ""https://www.redbet.com.au"", ""urls"": [""https://www.redbet.com.au""]}]","[{""acma_rows"": [162], ""claimed_status"": ""active"", ""match_method"": ""normalized_brand"", ""name"": ""RedBet"", ""reconciliation"": ""matched_register"", ""retrieved_at_utc"": ""2026-09-29T10:09:49.579715+00:00"", ""service_keys"": [""redbet.com.au""], ""source"": ""mybettingsites"", ""source_row"": 139, ""source_url"": ""https://mybettingsites.com/au/articles/list-of-all-online-betting-sites-australia"", ""url"": """"}]",,,False,https://www.acma.gov.au/check-if-gambling-operator-legal,2026-09-29T10:09:45.223763+00:00
ripperbet.au,Ripper Bet,ripperbet.au,"[""https://www.ripperbet.au""]","[""Ripper Bet""]","[""Mintsports Pty Ltd""]","[""Northern Territory Racing and Wagering Commission""]",acma_registered_url,unverified,not_individually_classified,not_verified_by_inventory,official_register_listed,"[{""license_holder"": ""Mintsports Pty Ltd"", ""licensing_authority"": ""Northern Territory Racing and Wagering Commission"", ""source_row"": 163, ""trading_name_raw"": ""Ripper Bet"", ""url_text"": ""https://www.ripperbet.au"", ""urls"": [""https://www.ripperbet.au""]}]","[{""acma_rows"": [163], ""claimed_status"": ""active"", ""match_method"": ""normalized_brand"", ""name"": ""RipperBet"", ""reconciliation"": ""matched_register"", ""retrieved_at_utc"": ""2026-09-29T10:09:49.579715+00:00"", ""service_keys"": [""ripperbet.au""], ""source"": ""mybettingsites"", ""source_row"": 18, ""source_url"": ""https://mybettingsites.com/au/articles/list-of-all-online-betting-sites-australia"", ""url"": """"}, {""acma_rows"": [163], ""claimed_status"": ""active"", ""match_method"": ""normalized_brand"", ""name"": ""RipperBet"", ""reconciliation"": ""matched_register"", ""retrieved_at_utc"": ""2026-09-29T10:09:50.242051+00:00"", ""service_keys"": [""ripperbet.au""], ""source"": ""puntguide"", ""source_row"": 51, ""source_url"": ""https://puntguide.com.au/all-betting-sites"", ""url"": ""https://ripperbet.au""}]",,,False,https://www.acma.gov.au/check-if-gambling-operator-legal,2026-09-29T10:09:45.223763+00:00
riverbet.com.au,RiverBet,riverbet.com.au,"[""https://riverbet.com.au""]","[""RiverBet""]","[""RiverBet Partnership""]","[""Victorian Gambling and Casino Control Commission""]",acma_registered_url,unverified,not_individually_classified,not_verified_by_inventory,official_register_listed,"[{""license_holder"": ""RiverBet Partnership"", ""licensing_authority"": ""Victorian Gambling and Casino Control Commission"", ""source_row"": 164, ""trading_name_raw"": ""RiverBet"", ""url_text"": ""https://riverbet.com.au"", ""urls"": [""https://riverbet.com.au""]}]","[{""acma_rows"": [164], ""claimed_status"": ""active"", ""match_method"": ""normalized_brand"", ""name"": ""RiverBet"", ""reconciliation"": ""matched_register"", ""retrieved_at_utc"": ""2026-09-29T10:09:49.579715+00:00"", ""service_keys"": [""riverbet.com.au""], ""source"": ""mybettingsites"", ""source_row"": 133, ""source_url"": ""https://mybettingsites.com/au/articles/list-of-all-online-betting-sites-australia"", ""url"": """"}, {""acma_rows"": [164], ""claimed_status"": ""active"", ""match_method"": ""normalized_brand"", ""name"": ""Riverbet"", ""reconciliation"": ""matched_register"", ""retrieved_at_utc"": ""2026-09-29T10:09:50.242051+00:00"", ""service_keys"": [""riverbet.com.au""], ""source"": ""puntguide"", ""source_row"": 102, ""source_url"": ""https://puntguide.com.au/all-betting-sites"", ""url"": ""https://www.riverbet.com.au""}]",,,False,https://www.acma.gov.au/check-if-gambling-operator-legal,2026-09-29T10:09:45.223763+00:00
robwaterhouse.com,Rob Waterhouse,robwaterhouse.com,"[""https://robwaterhouse.com""]","[""Rob Waterhouse""]","[""Waterhouse, Robert""]","[""Liquor & Gaming NSW""]",acma_registered_url,unverified,not_individually_classified,not_verified_by_inventory,official_register_listed,"[{""license_holder"": ""Waterhouse, Robert"", ""licensing_authority"": ""Liquor & Gaming NSW"", ""source_row"": 165, ""trading_name_raw"": ""Rob Waterhouse"", ""url_text"": ""https://robwaterhouse.com"", ""urls"": [""https://robwaterhouse.com""]}]","[{""acma_rows"": [165], ""claimed_status"": ""active"", ""match_method"": ""curated_brand_alias"", ""name"": ""RobWaterhouse.com"", ""reconciliation"": ""matched_register"", ""retrieved_at_utc"": ""2026-09-29T10:09:49.579715+00:00"", ""service_keys"": [""robwaterhouse.com""], ""source"": ""mybettingsites"", ""source_row"": 92, ""source_url"": ""https://mybettingsites.com/au/articles/list-of-all-online-betting-sites-australia"", ""url"": """"}, {""acma_rows"": [165], ""claimed_status"": ""active"", ""match_method"": ""curated_brand_alias"", ""name"": ""RobWaterhouse.com"", ""reconciliation"": ""matched_register"", ""retrieved_at_utc"": ""2026-09-29T10:09:50.242051+00:00"", ""service_keys"": [""robwaterhouse.com""], ""source"": ""puntguide"", ""source_row"": 75, ""source_url"": ""https://puntguide.com.au/all-betting-sites"", ""url"": ""https://robwaterhouse.com/""}]",,,False,https://www.acma.gov.au/check-if-gambling-operator-legal,2026-09-29T10:09:45.223763+00:00
roosterbet.com.au,Rooster Bet,roosterbet.com.au,"[""https://www.roosterbet.com.au""]","[""Rooster Bet""]","[""Rooster Bet Pty Ltd""]","[""Victorian Gambling and Casino Control Commission""]",acma_registered_url,unverified,not_individually_classified,not_verified_by_inventory,official_register_listed,"[{""license_holder"": ""Rooster Bet Pty Ltd"", ""licensing_authority"": ""Victorian Gambling and Casino Control Commission"", ""source_row"": 166, ""trading_name_raw"": ""Rooster Bet"", ""url_text"": ""https://www.roosterbet.com.au"", ""urls"": [""https://www.roosterbet.com.au""]}]",[],,,False,https://www.acma.gov.au/check-if-gambling-operator-legal,2026-09-29T10:09:45.223763+00:00
royalbet.com.au,RoyalBet,royalbet.com.au,"[""https://royalbet.com.au""]","[""RoyalBet""]","[""Betting Services Australia Pty Ltd""]","[""Liquor & Gaming NSW""]",acma_registered_url,unverified,not_individually_classified,not_verified_by_inventory,official_register_listed,"[{""license_holder"": ""Betting Services Australia Pty Ltd"", ""licensing_authority"": ""Liquor & Gaming NSW"", ""source_row"": 167, ""trading_name_raw"": ""RoyalBet"", ""url_text"": ""https://royalbet.com.au"", ""urls"": [""https://royalbet.com.au""]}]",[],,,False,https://www.acma.gov.au/check-if-gambling-operator-legal,2026-09-29T10:09:45.223763+00:00
rushbet.com.au,RushBet,rushbet.com.au,"[""https://rushbet.com.au""]","[""RushBet""]","[""Betting Services Australia Pty Ltd""]","[""Liquor & Gaming NSW""]",acma_registered_url,unverified,not_individually_classified,not_verified_by_inventory,official_register_listed,"[{""license_holder"": ""Betting Services Australia Pty Ltd"", ""licensing_authority"": ""Liquor & Gaming NSW"", ""source_row"": 168, ""trading_name_raw"": ""RushBet"", ""url_text"": ""https://rushbet.com.au"", ""urls"": [""https://rushbet.com.au""]}]",[],,,False,https://www.acma.gov.au/check-if-gambling-operator-legal,2026-09-29T10:09:45.223763+00:00
sonicbet.com.au,SonicBet,sonicbet.com.au,"[""https://sonicbet.com.au""]","[""SonicBet""]","[""Betting Services Australia Pty Ltd""]","[""Liquor & Gaming NSW""]",acma_registered_url,unverified,not_individually_classified,not_verified_by_inventory,official_register_listed,"[{""license_holder"": ""Betting Services Australia Pty Ltd"", ""licensing_authority"": ""Liquor & Gaming NSW"", ""source_row"": 174, ""trading_name_raw"": ""SonicBet"", ""url_text"": ""https://sonicbet.com.au"", ""urls"": [""https://sonicbet.com.au""]}]",[],,,False,https://www.acma.gov.au/check-if-gambling-operator-legal,2026-09-29T10:09:45.223763+00:00
spicybet.com.au,SpicyBet,spicybet.com.au,"[""https://spicybet.com.au""]","[""SpicyBet""]","[""Betting Services Australia Pty Ltd""]","[""Liquor & Gaming NSW""]",acma_registered_url,unverified,not_individually_classified,not_verified_by_inventory,official_register_listed,"[{""license_holder"": ""Betting Services Australia Pty Ltd"", ""licensing_authority"": ""Liquor & Gaming NSW"", ""source_row"": 175, ""trading_name_raw"": ""SpicyBet"", ""url_text"": ""https://spicybet.com.au"", ""urls"": [""https://spicybet.com.au""]}]",[],,,False,https://www.acma.gov.au/check-if-gambling-operator-legal,2026-09-29T10:09:45.223763+00:00
sportsbet.com.au,Sportsbet,sportsbet.com.au,"[""https://www.sportsbet.com.au""]","[""Sportsbet""]","[""Sportsbet Pty Ltd""]","[""Northern Territory Racing and Wagering Commission""]",acma_registered_url,unverified,not_individually_classified,not_verified_by_inventory,official_register_listed,"[{""license_holder"": ""Sportsbet Pty Ltd"", ""licensing_authority"": ""Northern Territory Racing and Wagering Commission"", ""source_row"": 176, ""trading_name_raw"": ""Sportsbet"", ""url_text"": ""https://www.sportsbet.com.au"", ""urls"": [""https://www.sportsbet.com.au""]}]","[{""acma_rows"": [176], ""claimed_status"": ""active"", ""match_method"": ""normalized_brand"", ""name"": ""Sportsbet"", ""reconciliation"": ""matched_register"", ""retrieved_at_utc"": ""2026-09-29T10:09:49.579715+00:00"", ""service_keys"": [""sportsbet.com.au""], ""source"": ""mybettingsites"", ""source_row"": 82, ""source_url"": ""https://mybettingsites.com/au/articles/list-of-all-online-betting-sites-australia"", ""url"": """"}, {""acma_rows"": [176], ""claimed_status"": ""active"", ""match_method"": ""normalized_brand"", ""name"": ""Sportsbet"", ""reconciliation"": ""matched_register"", ""retrieved_at_utc"": ""2026-09-29T10:09:50.242051+00:00"", ""service_keys"": [""sportsbet.com.au""], ""source"": ""puntguide"", ""source_row"": 5, ""source_url"": ""https://puntguide.com.au/all-betting-sites"", ""url"": ""https://www.sportsbet.com.au""}]",,sportsbet,True,https://www.acma.gov.au/check-if-gambling-operator-legal,2026-09-29T10:09:45.223763+00:00
sprintbet.com.au,Sprintbet,sprintbet.com.au,"[""http://www.sprintbet.com.au""]","[""Sprintbet""]","[""Sprintbet Pty Ltd""]","[""Victorian Gambling and Casino Control Commission""]",acma_registered_url,unverified,not_individually_classified,not_verified_by_inventory,official_register_listed,"[{""license_holder"": ""Sprintbet Pty Ltd"", ""licensing_authority"": ""Victorian Gambling and Casino Control Commission"", ""source_row"": 177, ""trading_name_raw"": ""Sprintbet"", ""url_text"": ""http://www.sprintbet.com.au"", ""urls"": [""http://www.sprintbet.com.au""]}]",[],,,False,https://www.acma.gov.au/check-if-gambling-operator-legal,2026-09-29T10:09:45.223763+00:00
stablebet.com.au,StableBet,stablebet.com.au,"[""https://stablebet.com.au""]","[""StableBet""]","[""VistaBet Pty Ltd""]","[""Victorian Gambling and Casino Control Commission""]",acma_registered_url,unverified,not_individually_classified,not_verified_by_inventory,official_register_listed,"[{""license_holder"": ""VistaBet Pty Ltd"", ""licensing_authority"": ""Victorian Gambling and Casino Control Commission"", ""source_row"": 178, ""trading_name_raw"": ""StableBet"", ""url_text"": ""https://stablebet.com.au"", ""urls"": [""https://stablebet.com.au""]}]","[{""acma_rows"": [178], ""claimed_status"": ""active"", ""match_method"": ""normalized_brand"", ""name"": ""StableBet"", ""reconciliation"": ""matched_register"", ""retrieved_at_utc"": ""2026-09-29T10:09:49.579715+00:00"", ""service_keys"": [""stablebet.com.au""], ""source"": ""mybettingsites"", ""source_row"": 21, ""source_url"": ""https://mybettingsites.com/au/articles/list-of-all-online-betting-sites-australia"", ""url"": """"}, {""acma_rows"": [178], ""claimed_status"": ""active"", ""match_method"": ""normalized_brand"", ""name"": ""StableBet"", ""reconciliation"": ""matched_register"", ""retrieved_at_utc"": ""2026-09-29T10:09:50.242051+00:00"", ""service_keys"": [""stablebet.com.au""], ""source"": ""puntguide"", ""source_row"": 91, ""source_url"": ""https://puntguide.com.au/all-betting-sites"", ""url"": ""https://www.stablebet.com.au""}]",,,False,https://www.acma.gov.au/check-if-gambling-operator-legal,2026-09-29T10:09:45.223763+00:00
starsports.com.au,Star Sports,starsports.com.au,"[""https://www.starsports.com.au""]","[""Star Sports""]","[""Star Sports Australia Pty Ltd""]","[""Victorian Gambling and Casino Control Commission""]",acma_registered_url,unverified,not_individually_classified,not_verified_by_inventory,official_register_listed,"[{""license_holder"": ""Star Sports Australia Pty Ltd"", ""licensing_authority"": ""Victorian Gambling and Casino Control Commission"", ""source_row"": 179, ""trading_name_raw"": ""Star Sports"", ""url_text"": ""https://www.starsports.com.au"", ""urls"": [""https://www.starsports.com.au""]}]","[{""acma_rows"": [179], ""claimed_status"": ""active"", ""match_method"": ""curated_brand_alias"", ""name"": ""Star Sports Australia"", ""reconciliation"": ""matched_register"", ""retrieved_at_utc"": ""2026-09-29T10:09:49.579715+00:00"", ""service_keys"": [""starsports.com.au""], ""source"": ""mybettingsites"", ""source_row"": 33, ""source_url"": ""https://mybettingsites.com/au/articles/list-of-all-online-betting-sites-australia"", ""url"": """"}, {""acma_rows"": [179], ""claimed_status"": ""active"", ""match_method"": ""curated_brand_alias"", ""name"": ""Star Sports Australia"", ""reconciliation"": ""matched_register"", ""retrieved_at_utc"": ""2026-09-29T10:09:50.242051+00:00"", ""service_keys"": [""starsports.com.au""], ""source"": ""puntguide"", ""source_row"": 86, ""source_url"": ""https://puntguide.com.au/all-betting-sites"", ""url"": ""https://www.starsports.com.au""}]",,,False,https://www.acma.gov.au/check-if-gambling-operator-legal,2026-09-29T10:09:45.223763+00:00
steakbet.com.au,SteakBet,steakbet.com.au,"[""https://steakbet.com.au""]","[""SteakBet""]","[""SteakBet Pty Ltd""]","[""Victorian Gambling and Casino Control Commission""]",acma_registered_url,unverified,not_individually_classified,not_verified_by_inventory,official_register_listed,"[{""license_holder"": ""SteakBet Pty Ltd"", ""licensing_authority"": ""Victorian Gambling and Casino Control Commission"", ""source_row"": 180, ""trading_name_raw"": ""SteakBet"", ""url_text"": ""https://steakbet.com.au"", ""urls"": [""https://steakbet.com.au""]}]",[],,,False,https://www.acma.gov.au/check-if-gambling-operator-legal,2026-09-29T10:09:45.223763+00:00
strikebet.com.au,StrikeBet,strikebet.com.au,"[""https://strikebet.com.au""]","[""StrikeBet""]","[""Betting Services Australia Pty Ltd""]","[""Liquor & Gaming NSW""]",acma_registered_url,unverified,not_individually_classified,not_verified_by_inventory,official_register_listed,"[{""license_holder"": ""Betting Services Australia Pty Ltd"", ""licensing_authority"": ""Liquor & Gaming NSW"", ""source_row"": 182, ""trading_name_raw"": ""StrikeBet"", ""url_text"": ""https://strikebet.com.au"", ""urls"": [""https://strikebet.com.au""]}]",[],,,False,https://www.acma.gov.au/check-if-gambling-operator-legal,2026-09-29T10:09:45.223763+00:00
surge.com.au,Surge,surge.com.au,"[""https://www.surge.com.au""]","[""Surge""]","[""Amused Australia Pty Ltd""]","[""Northern Territory Racing and Wagering Commission""]",acma_registered_url,unverified,not_individually_classified,not_verified_by_inventory,official_register_listed,"[{""license_holder"": ""Amused Australia Pty Ltd"", ""licensing_authority"": ""Northern Territory Racing and Wagering Commission"", ""source_row"": 183, ""trading_name_raw"": ""Surge"", ""url_text"": ""https://www.surge.com.au"", ""urls"": [""https://www.surge.com.au""]}]","[{""acma_rows"": [183], ""claimed_status"": ""active"", ""match_method"": ""normalized_brand"", ""name"": ""Surge"", ""reconciliation"": ""matched_register"", ""retrieved_at_utc"": ""2026-09-29T10:09:49.579715+00:00"", ""service_keys"": [""surge.com.au""], ""source"": ""mybettingsites"", ""source_row"": 107, ""source_url"": ""https://mybettingsites.com/au/articles/list-of-all-online-betting-sites-australia"", ""url"": """"}, {""acma_rows"": [183], ""claimed_status"": ""active"", ""match_method"": ""normalized_brand"", ""name"": ""Surge"", ""reconciliation"": ""matched_register"", ""retrieved_at_utc"": ""2026-09-29T10:09:50.242051+00:00"", ""service_keys"": [""surge.com.au""], ""source"": ""puntguide"", ""source_row"": 24, ""source_url"": ""https://puntguide.com.au/all-betting-sites"", ""url"": ""https://www.surge.com.au""}]",,,False,https://www.acma.gov.au/check-if-gambling-operator-legal,2026-09-29T10:09:45.223763+00:00
swiftbet.com.au,Swift Bet,swiftbet.com.au,"[""https://swiftbet.com.au""]","[""Swift Bet""]","[""Swift Bet Pty Ltd""]","[""Victorian Gambling and Casino Control Commission""]",acma_registered_url,unverified,not_individually_classified,not_verified_by_inventory,official_register_listed,"[{""license_holder"": ""Swift Bet Pty Ltd"", ""licensing_authority"": ""Victorian Gambling and Casino Control Commission"", ""source_row"": 184, ""trading_name_raw"": ""Swift Bet"", ""url_text"": ""https://swiftbet.com.au"", ""urls"": [""https://swiftbet.com.au""]}]","[{""acma_rows"": [184], ""claimed_status"": ""active"", ""match_method"": ""normalized_brand"", ""name"": ""Swiftbet"", ""reconciliation"": ""matched_register"", ""retrieved_at_utc"": ""2026-09-29T10:09:49.579715+00:00"", ""service_keys"": [""swiftbet.com.au""], ""source"": ""mybettingsites"", ""source_row"": 84, ""source_url"": ""https://mybettingsites.com/au/articles/list-of-all-online-betting-sites-australia"", ""url"": """"}, {""acma_rows"": [184], ""claimed_status"": ""active"", ""match_method"": ""normalized_brand"", ""name"": ""Swiftbet"", ""reconciliation"": ""matched_register"", ""retrieved_at_utc"": ""2026-09-29T10:09:50.242051+00:00"", ""service_keys"": [""swiftbet.com.au""], ""source"": ""puntguide"", ""source_row"": 71, ""source_url"": ""https://puntguide.com.au/all-betting-sites"", ""url"": ""https://www.swiftbet.com.au""}]",,,False,https://www.acma.gov.au/check-if-gambling-operator-legal,2026-09-29T10:09:45.223763+00:00
tab.com.au,TAB,tab.com.au,"[""https://www.tab.com.au""]","[""TAB (NT)"", ""TAB (QLD)"", ""TAB (SA)"", ""TAB (TAS)"", ""TAB Limited"", ""Tabcorp ACT"", ""Tabcorp Vic Pty Ltd""]","[""TAB Limited"", ""Tabcorp ACT Pty Ltd"", ""Tabcorp Vic Pty Ltd"", ""UBET NT Pty Ltd"", ""UBET QLD Limited"", ""UBET SA Pty Ltd"", ""UBET Tas Pty Ltd""]","[""ACT Gambling & Racing Commission"", ""Liquor & Gaming NSW"", ""NT Director-General of Licensing"", ""Queensland Office of Liquor & Gaming Regulation"", ""South Australia – Consumer and Business Services"", ""Tasmanian Liquor and Gaming Commission"", ""Victorian Gambling and Casino Control Commission""]",acma_registered_url,unverified,not_individually_classified,not_verified_by_inventory,official_register_listed,"[{""license_holder"": ""UBET NT Pty Ltd"", ""licensing_authority"": ""NT Director-General of Licensing"", ""source_row"": 185, ""trading_name_raw"": ""TAB (NT)"", ""url_text"": ""https://www.tab.com.au"", ""urls"": [""https://www.tab.com.au""]}, {""license_holder"": ""UBET QLD Limited"", ""licensing_authority"": ""Queensland Office of Liquor & Gaming Regulation"", ""source_row"": 186, ""trading_name_raw"": ""TAB (QLD)"", ""url_text"": ""https://www.tab.com.au"", ""urls"": [""https://www.tab.com.au""]}, {""license_holder"": ""UBET SA Pty Ltd"", ""licensing_authority"": ""South Australia – Consumer and Business Services"", ""source_row"": 187, ""trading_name_raw"": ""TAB (SA)"", ""url_text"": ""https://www.tab.com.au"", ""urls"": [""https://www.tab.com.au""]}, {""license_holder"": ""UBET Tas Pty Ltd"", ""licensing_authority"": ""Tasmanian Liquor and Gaming Commission"", ""source_row"": 188, ""trading_name_raw"": ""TAB (TAS)"", ""url_text"": ""https://www.tab.com.au"", ""urls"": [""https://www.tab.com.au""]}, {""license_holder"": ""TAB Limited"", ""licensing_authority"": ""Liquor & Gaming NSW"", ""source_row"": 189, ""trading_name_raw"": ""TAB Limited"", ""url_text"": ""https://www.tab.com.au"", ""urls"": [""https://www.tab.com.au""]}, {""license_holder"": ""Tabcorp ACT Pty Ltd"", ""licensing_authority"": ""ACT Gambling & Racing Commission"", ""source_row"": 190, ""trading_name_raw"": ""Tabcorp ACT"", ""url_text"": ""https://www.tab.com.au"", ""urls"": [""https://www.tab.com.au""]}, {""license_holder"": ""Tabcorp Vic Pty Ltd"", ""licensing_authority"": ""Victorian Gambling and Casino Control Commission"", ""source_row"": 191, ""trading_name_raw"": ""Tabcorp Vic Pty Ltd"", ""url_text"": ""https://www.tab.com.au"", ""urls"": [""https://www.tab.com.au""]}]","[{""acma_rows"": [185, 186, 187, 188, 189, 190, 191], ""claimed_status"": ""active"", ""match_method"": ""tab_service_alias"", ""name"": ""TAB"", ""reconciliation"": ""matched_register"", ""retrieved_at_utc"": ""2026-09-29T10:09:49.579715+00:00"", ""service_keys"": [""tab.com.au""], ""source"": ""mybettingsites"", ""source_row"": 98, ""source_url"": ""https://mybettingsites.com/au/articles/list-of-all-online-betting-sites-australia"", ""url"": """"}, {""acma_rows"": [185, 186, 187, 188, 189, 190, 191], ""claimed_status"": ""active"", ""match_method"": ""tab_service_alias"", ""name"": ""TAB"", ""reconciliation"": ""matched_register"", ""retrieved_at_utc"": ""2026-09-29T10:09:50.242051+00:00"", ""service_keys"": [""tab.com.au""], ""source"": ""puntguide"", ""source_row"": 78, ""source_url"": ""https://puntguide.com.au/all-betting-sites"", ""url"": ""https://www.tab.com.au""}]",,tab,True,https://www.acma.gov.au/check-if-gambling-operator-legal,2026-09-29T10:09:45.223763+00:00
tabtouch.mobi,TabTouch,tabtouch.mobi,"[""https://www.tabtouch.mobi""]","[""TabTouch""]","[""Racing and Wagering Western Australia""]","[""WA Department of Local Government, Industry Regulation and Safety""]",acma_registered_url,unverified,not_individually_classified,not_verified_by_inventory,official_register_listed,"[{""license_holder"": ""Racing and Wagering Western Australia"", ""licensing_authority"": ""WA Department of Local Government, Industry Regulation and Safety"", ""source_row"": 192, ""trading_name_raw"": ""TabTouch"", ""url_text"": ""https://www.tabtouch.mobi"", ""urls"": [""https://www.tabtouch.mobi""]}]","[{""acma_rows"": [192], ""claimed_status"": ""active"", ""match_method"": ""normalized_brand"", ""name"": ""TABtouch"", ""reconciliation"": ""matched_register"", ""retrieved_at_utc"": ""2026-09-29T10:09:49.579715+00:00"", ""service_keys"": [""tabtouch.mobi""], ""source"": ""mybettingsites"", ""source_row"": 99, ""source_url"": ""https://mybettingsites.com/au/articles/list-of-all-online-betting-sites-australia"", ""url"": """"}, {""acma_rows"": [192], ""claimed_status"": ""active"", ""match_method"": ""normalized_brand"", ""name"": ""TABtouch"", ""reconciliation"": ""matched_register"", ""retrieved_at_utc"": ""2026-09-29T10:09:50.242051+00:00"", ""service_keys"": [""tabtouch.mobi""], ""source"": ""puntguide"", ""source_row"": 79, ""source_url"": ""https://puntguide.com.au/all-betting-sites"", ""url"": ""https://www.tabtouch.com.au""}]",,,False,https://www.acma.gov.au/check-if-gambling-operator-legal,2026-09-29T10:09:45.223763+00:00
teambet.com.au,Teambet,teambet.com.au,"[""https://www.teambet.com.au""]","[""Teambet""]","[""Bet Focus Pty Ltd""]","[""Liquor & Gaming NSW""]",acma_registered_url,unverified,not_individually_classified,not_verified_by_inventory,official_register_listed,"[{""license_holder"": ""Bet Focus Pty Ltd"", ""licensing_authority"": ""Liquor & Gaming NSW"", ""source_row"": 193, ""trading_name_raw"": ""Teambet"", ""url_text"": ""https://www.teambet.com.au"", ""urls"": [""https://www.teambet.com.au""]}]","[{""acma_rows"": [193], ""claimed_status"": ""active"", ""match_method"": ""normalized_brand"", ""name"": ""TeamBet"", ""reconciliation"": ""matched_register"", ""retrieved_at_utc"": ""2026-09-29T10:09:49.579715+00:00"", ""service_keys"": [""teambet.com.au""], ""source"": ""mybettingsites"", ""source_row"": 15, ""source_url"": ""https://mybettingsites.com/au/articles/list-of-all-online-betting-sites-australia"", ""url"": """"}, {""acma_rows"": [193], ""claimed_status"": ""active"", ""match_method"": ""normalized_brand"", ""name"": ""TeamBet"", ""reconciliation"": ""matched_register"", ""retrieved_at_utc"": ""2026-09-29T10:09:50.242051+00:00"", ""service_keys"": [""teambet.com.au""], ""source"": ""puntguide"", ""source_row"": 36, ""source_url"": ""https://puntguide.com.au/all-betting-sites"", ""url"": ""https://www.teambet.com.au""}]",,,False,https://www.acma.gov.au/check-if-gambling-operator-legal,2026-09-29T10:09:45.223763+00:00
techbet.com.au,TechBet,techbet.com.au,"[""https://www.techbet.com.au""]","[""TechBet""]","[""Doherty, Leah-Jane""]","[""Victorian Gambling and Casino Control Commission""]",acma_registered_url,unverified,not_individually_classified,not_verified_by_inventory,official_register_listed,"[{""license_holder"": ""Doherty, Leah-Jane"", ""licensing_authority"": ""Victorian Gambling and Casino Control Commission"", ""source_row"": 194, ""trading_name_raw"": ""TechBet"", ""url_text"": ""https://www.techbet.com.au"", ""urls"": [""https://www.techbet.com.au""]}]",[],,,False,https://www.acma.gov.au/check-if-gambling-operator-legal,2026-09-29T10:09:45.223763+00:00
templebet.com.au,TempleBet,templebet.com.au,"[""https://templebet.com.au""]","[""TempleBet""]","[""McLauchlan, David""]","[""Victorian Gambling and Casino Control Commission""]",acma_registered_url,unverified,not_individually_classified,not_verified_by_inventory,official_register_listed,"[{""license_holder"": ""McLauchlan, David"", ""licensing_authority"": ""Victorian Gambling and Casino Control Commission"", ""source_row"": 195, ""trading_name_raw"": ""TempleBet"", ""url_text"": ""https://templebet.com.au"", ""urls"": [""https://templebet.com.au""]}]","[{""acma_rows"": [195], ""claimed_status"": ""active"", ""match_method"": ""normalized_brand"", ""name"": ""TempleBet"", ""reconciliation"": ""matched_register"", ""retrieved_at_utc"": ""2026-09-29T10:09:49.579715+00:00"", ""service_keys"": [""templebet.com.au""], ""source"": ""mybettingsites"", ""source_row"": 57, ""source_url"": ""https://mybettingsites.com/au/articles/list-of-all-online-betting-sites-australia"", ""url"": """"}, {""acma_rows"": [195], ""claimed_status"": ""active"", ""match_method"": ""normalized_brand"", ""name"": ""TempleBet"", ""reconciliation"": ""matched_register"", ""retrieved_at_utc"": ""2026-09-29T10:09:50.242051+00:00"", ""service_keys"": [""templebet.com.au""], ""source"": ""puntguide"", ""source_row"": 114, ""source_url"": ""https://puntguide.com.au/all-betting-sites"", ""url"": ""https://www.templebet.com.au""}]",,,False,https://www.acma.gov.au/check-if-gambling-operator-legal,2026-09-29T10:09:45.223763+00:00
terrybet.com.au,Terrybet,terrybet.com.au,"[""https://terrybet.com.au""]","[""Terrybet""]","[""Coelli, Terrence""]","[""Liquor & Gaming NSW""]",acma_registered_url,unverified,not_individually_classified,not_verified_by_inventory,official_register_listed,"[{""license_holder"": ""Coelli, Terrence"", ""licensing_authority"": ""Liquor & Gaming NSW"", ""source_row"": 196, ""trading_name_raw"": ""Terrybet"", ""url_text"": ""https://terrybet.com.au"", ""urls"": [""https://terrybet.com.au""]}]","[{""acma_rows"": [196], ""claimed_status"": ""active"", ""match_method"": ""normalized_brand"", ""name"": ""Terrybet"", ""reconciliation"": ""matched_register"", ""retrieved_at_utc"": ""2026-09-29T10:09:49.579715+00:00"", ""service_keys"": [""terrybet.com.au""], ""source"": ""mybettingsites"", ""source_row"": 87, ""source_url"": ""https://mybettingsites.com/au/articles/list-of-all-online-betting-sites-australia"", ""url"": """"}, {""acma_rows"": [196], ""claimed_status"": ""active"", ""match_method"": ""normalized_brand"", ""name"": ""Terrybet"", ""reconciliation"": ""matched_register"", ""retrieved_at_utc"": ""2026-09-29T10:09:50.242051+00:00"", ""service_keys"": [""terrybet.com.au""], ""source"": ""puntguide"", ""source_row"": 45, ""source_url"": ""https://puntguide.com.au/all-betting-sites"", ""url"": ""https://www.terrybet.com.au""}]",,,False,https://www.acma.gov.au/check-if-gambling-operator-legal,2026-09-29T10:09:45.223763+00:00
titanbet.com.au,Titanbet,titanbet.com.au,"[""https://titanbet.com.au""]","[""Titanbet""]","[""TitanBet Pty Ltd""]","[""Victorian Gambling and Casino Control Commission""]",acma_registered_url,unverified,not_individually_classified,not_verified_by_inventory,official_register_listed,"[{""license_holder"": ""TitanBet Pty Ltd"", ""licensing_authority"": ""Victorian Gambling and Casino Control Commission"", ""source_row"": 197, ""trading_name_raw"": ""Titanbet"", ""url_text"": ""https://titanbet.com.au"", ""urls"": [""https://titanbet.com.au""]}]","[{""acma_rows"": [197], ""claimed_status"": ""active"", ""match_method"": ""normalized_brand"", ""name"": ""TitanBet"", ""reconciliation"": ""matched_register"", ""retrieved_at_utc"": ""2026-09-29T10:09:49.579715+00:00"", ""service_keys"": [""titanbet.com.au""], ""source"": ""mybettingsites"", ""source_row"": 54, ""source_url"": ""https://mybettingsites.com/au/articles/list-of-all-online-betting-sites-australia"", ""url"": """"}, {""acma_rows"": [197], ""claimed_status"": ""active"", ""match_method"": ""normalized_brand"", ""name"": ""TitanBet"", ""reconciliation"": ""matched_register"", ""retrieved_at_utc"": ""2026-09-29T10:09:50.242051+00:00"", ""service_keys"": [""titanbet.com.au""], ""source"": ""puntguide"", ""source_row"": 111, ""source_url"": ""https://puntguide.com.au/all-betting-sites"", ""url"": ""https://www.titanbet.com.au""}]",,,False,https://www.acma.gov.au/check-if-gambling-operator-legal,2026-09-29T10:09:45.223763+00:00
topbet.au,Topbet,topbet.au,"[""https://www.topbet.au""]","[""Topbet""]","[""Betsmarter Group Pty Ltd""]","[""Liquor & Gaming NSW""]",acma_registered_url,unverified,not_individually_classified,not_verified_by_inventory,official_register_listed,"[{""license_holder"": ""Betsmarter Group Pty Ltd"", ""licensing_authority"": ""Liquor & Gaming NSW"", ""source_row"": 198, ""trading_name_raw"": ""Topbet"", ""url_text"": ""https://www.topbet.au"", ""urls"": [""https://www.topbet.au""]}]","[{""acma_rows"": [198], ""claimed_status"": ""active"", ""match_method"": ""normalized_brand"", ""name"": ""Topbet"", ""reconciliation"": ""matched_register"", ""retrieved_at_utc"": ""2026-09-29T10:09:49.579715+00:00"", ""service_keys"": [""topbet.au""], ""source"": ""mybettingsites"", ""source_row"": 37, ""source_url"": ""https://mybettingsites.com/au/articles/list-of-all-online-betting-sites-australia"", ""url"": """"}, {""acma_rows"": [198], ""claimed_status"": ""active"", ""match_method"": ""normalized_brand"", ""name"": ""Topbet"", ""reconciliation"": ""matched_register"", ""retrieved_at_utc"": ""2026-09-29T10:09:50.242051+00:00"", ""service_keys"": [""topbet.au""], ""source"": ""puntguide"", ""source_row"": 46, ""source_url"": ""https://puntguide.com.au/all-betting-sites"", ""url"": ""https://topbet.au""}]",,,False,https://www.acma.gov.au/check-if-gambling-operator-legal,2026-09-29T10:09:45.223763+00:00
tradie.bet,TradieBET,tradie.bet,"[""https://www.tradie.bet""]","[""TradieBET""]","[""Bonus Kingdom Pty Ltd""]","[""Victorian Gambling and Casino Control Commission""]",acma_registered_url,unverified,not_individually_classified,not_verified_by_inventory,official_register_listed,"[{""license_holder"": ""Bonus Kingdom Pty Ltd"", ""licensing_authority"": ""Victorian Gambling and Casino Control Commission"", ""source_row"": 200, ""trading_name_raw"": ""TradieBET"", ""url_text"": ""https://www.tradie.bet"", ""urls"": [""https://www.tradie.bet""]}]","[{""acma_rows"": [200], ""claimed_status"": ""active"", ""match_method"": ""normalized_brand"", ""name"": ""TradieBET"", ""reconciliation"": ""matched_register"", ""retrieved_at_utc"": ""2026-09-29T10:09:49.579715+00:00"", ""service_keys"": [""tradie.bet""], ""source"": ""mybettingsites"", ""source_row"": 5, ""source_url"": ""https://mybettingsites.com/au/articles/list-of-all-online-betting-sites-australia"", ""url"": """"}, {""acma_rows"": [200], ""claimed_status"": ""active"", ""match_method"": ""normalized_brand"", ""name"": ""TradieBET"", ""reconciliation"": ""matched_register"", ""retrieved_at_utc"": ""2026-09-29T10:09:50.242051+00:00"", ""service_keys"": [""tradie.bet""], ""source"": ""puntguide"", ""source_row"": 33, ""source_url"": ""https://puntguide.com.au/all-betting-sites"", ""url"": ""https://www.tradie.bet""}]",,,False,https://www.acma.gov.au/check-if-gambling-operator-legal,2026-09-29T10:09:45.223763+00:00
truebet.com.au,TrueBet,truebet.com.au,"[""https://www.truebet.com.au""]","[""TrueBet""]","[""Truebet Pty Ltd""]","[""Victorian Gambling and Casino Control Commission""]",acma_registered_url,unverified,not_individually_classified,not_verified_by_inventory,official_register_listed,"[{""license_holder"": ""Truebet Pty Ltd"", ""licensing_authority"": ""Victorian Gambling and Casino Control Commission"", ""source_row"": 201, ""trading_name_raw"": ""TrueBet"", ""url_text"": ""https://www.truebet.com.au"", ""urls"": [""https://www.truebet.com.au""]}]","[{""acma_rows"": [201], ""claimed_status"": ""active"", ""match_method"": ""normalized_brand"", ""name"": ""TrueBet"", ""reconciliation"": ""matched_register"", ""retrieved_at_utc"": ""2026-09-29T10:09:49.579715+00:00"", ""service_keys"": [""truebet.com.au""], ""source"": ""mybettingsites"", ""source_row"": 45, ""source_url"": ""https://mybettingsites.com/au/articles/list-of-all-online-betting-sites-australia"", ""url"": """"}, {""acma_rows"": [201], ""claimed_status"": ""active"", ""match_method"": ""normalized_brand"", ""name"": ""TrueBet"", ""reconciliation"": ""matched_register"", ""retrieved_at_utc"": ""2026-09-29T10:09:50.242051+00:00"", ""service_keys"": [""truebet.com.au""], ""source"": ""puntguide"", ""source_row"": 85, ""source_url"": ""https://puntguide.com.au/all-betting-sites"", ""url"": ""https://www.truebet.com.au""}]",,,False,https://www.acma.gov.au/check-if-gambling-operator-legal,2026-09-29T10:09:45.223763+00:00
ultrabet.com.au,UltraBet,ultrabet.com.au,"[""https://www.ultrabet.com.au""]","[""UltraBet""]","[""UltraBet Pty Ltd""]","[""Liquor & Gaming NSW""]",acma_registered_url,unverified,not_individually_classified,not_verified_by_inventory,official_register_listed,"[{""license_holder"": ""UltraBet Pty Ltd"", ""licensing_authority"": ""Liquor & Gaming NSW"", ""source_row"": 202, ""trading_name_raw"": ""UltraBet"", ""url_text"": ""https://www.ultrabet.com.au"", ""urls"": [""https://www.ultrabet.com.au""]}]","[{""acma_rows"": [202], ""claimed_status"": ""active"", ""match_method"": ""normalized_brand"", ""name"": ""UltraBet"", ""reconciliation"": ""matched_register"", ""retrieved_at_utc"": ""2026-09-29T10:09:49.579715+00:00"", ""service_keys"": [""ultrabet.com.au""], ""source"": ""mybettingsites"", ""source_row"": 102, ""source_url"": ""https://mybettingsites.com/au/articles/list-of-all-online-betting-sites-australia"", ""url"": """"}, {""acma_rows"": [202], ""claimed_status"": ""active"", ""match_method"": ""normalized_brand"", ""name"": ""UltraBet"", ""reconciliation"": ""matched_register"", ""retrieved_at_utc"": ""2026-09-29T10:09:50.242051+00:00"", ""service_keys"": [""ultrabet.com.au""], ""source"": ""puntguide"", ""source_row"": 127, ""source_url"": ""https://puntguide.com.au/all-betting-sites"", ""url"": ""https://www.ultrabet.com.au""}]",,,False,https://www.acma.gov.au/check-if-gambling-operator-legal,2026-09-29T10:09:45.223763+00:00
unibet.com.au,Unibet,unibet.com.au,"[""https://www.unibet.com.au""]","[""Unibet""]","[""Betchoice Corporation Pty Ltd""]","[""Northern Territory Racing and Wagering Commission""]",acma_registered_url,unverified,not_individually_classified,not_verified_by_inventory,official_register_listed,"[{""license_holder"": ""Betchoice Corporation Pty Ltd"", ""licensing_authority"": ""Northern Territory Racing and Wagering Commission"", ""source_row"": 203, ""trading_name_raw"": ""Unibet"", ""url_text"": ""https://www.unibet.com.au"", ""urls"": [""https://www.unibet.com.au""]}]","[{""acma_rows"": [203], ""claimed_status"": ""active"", ""match_method"": ""normalized_brand"", ""name"": ""Unibet"", ""reconciliation"": ""matched_register"", ""retrieved_at_utc"": ""2026-09-29T10:09:49.579715+00:00"", ""service_keys"": [""unibet.com.au""], ""source"": ""mybettingsites"", ""source_row"": 25, ""source_url"": ""https://mybettingsites.com/au/articles/list-of-all-online-betting-sites-australia"", ""url"": """"}, {""acma_rows"": [203], ""claimed_status"": ""active"", ""match_method"": ""normalized_brand"", ""name"": ""Unibet"", ""reconciliation"": ""matched_register"", ""retrieved_at_utc"": ""2026-09-29T10:09:50.242051+00:00"", ""service_keys"": [""unibet.com.au""], ""source"": ""puntguide"", ""source_row"": 12, ""source_url"": ""https://puntguide.com.au/all-betting-sites"", ""url"": ""https://www.unibet.com.au""}]",,unibet,False,https://www.acma.gov.au/check-if-gambling-operator-legal,2026-09-29T10:09:45.223763+00:00
upcoz.com,UPCOZ,upcoz.com,"[""https://upcoz.com""]","[""UPCOZ""]","[""UPCOZ Pty Ltd""]","[""Liquor & Gaming NSW""]",acma_registered_url,unverified,not_individually_classified,not_verified_by_inventory,official_register_listed,"[{""license_holder"": ""UPCOZ Pty Ltd"", ""licensing_authority"": ""Liquor & Gaming NSW"", ""source_row"": 204, ""trading_name_raw"": ""UPCOZ"", ""url_text"": ""https://upcoz.com"", ""urls"": [""https://upcoz.com""]}]","[{""acma_rows"": [204], ""claimed_status"": ""active"", ""match_method"": ""normalized_brand"", ""name"": ""UPCoz"", ""reconciliation"": ""matched_register"", ""retrieved_at_utc"": ""2026-09-29T10:09:49.579715+00:00"", ""service_keys"": [""upcoz.com""], ""source"": ""mybettingsites"", ""source_row"": 63, ""source_url"": ""https://mybettingsites.com/au/articles/list-of-all-online-betting-sites-australia"", ""url"": """"}, {""acma_rows"": [204], ""claimed_status"": ""active"", ""match_method"": ""normalized_brand"", ""name"": ""UPCoz"", ""reconciliation"": ""matched_register"", ""retrieved_at_utc"": ""2026-09-29T10:09:50.242051+00:00"", ""service_keys"": [""upcoz.com""], ""source"": ""puntguide"", ""source_row"": 61, ""source_url"": ""https://puntguide.com.au/all-betting-sites"", ""url"": ""https://www.upcoz.com""}]",,,False,https://www.acma.gov.au/check-if-gambling-operator-legal,2026-09-29T10:09:45.223763+00:00
upyago.com.au,UpYaGo,upyago.com.au,"[""https://upyago.com.au""]","[""UpYaGo""]","[""Zinger Bookmaking Pty Ltd""]","[""Northern Territory Racing and Wagering Commission""]",acma_registered_url,unverified,not_individually_classified,not_verified_by_inventory,official_register_listed,"[{""license_holder"": ""Zinger Bookmaking Pty Ltd"", ""licensing_authority"": ""Northern Territory Racing and Wagering Commission"", ""source_row"": 205, ""trading_name_raw"": ""UpYaGo"", ""url_text"": ""https://upyago.com.au"", ""urls"": [""https://upyago.com.au""]}]","[{""acma_rows"": [205], ""claimed_status"": ""active"", ""match_method"": ""normalized_brand"", ""name"": ""UpYaGo"", ""reconciliation"": ""matched_register"", ""retrieved_at_utc"": ""2026-09-29T10:09:49.579715+00:00"", ""service_keys"": [""upyago.com.au""], ""source"": ""mybettingsites"", ""source_row"": 6, ""source_url"": ""https://mybettingsites.com/au/articles/list-of-all-online-betting-sites-australia"", ""url"": """"}, {""acma_rows"": [205], ""claimed_status"": ""active"", ""match_method"": ""normalized_brand"", ""name"": ""UpYaGo"", ""reconciliation"": ""matched_register"", ""retrieved_at_utc"": ""2026-09-29T10:09:50.242051+00:00"", ""service_keys"": [""upyago.com.au""], ""source"": ""puntguide"", ""source_row"": 34, ""source_url"": ""https://puntguide.com.au/all-betting-sites"", ""url"": ""https://www.upyago.com.au""}]",,,False,https://www.acma.gov.au/check-if-gambling-operator-legal,2026-09-29T10:09:45.223763+00:00
vicbet.com,VicBet,vicbet.com,"[""https://www.vicbet.com""]","[""VicBet""]","[""Vicbet Partnership""]","[""Victorian Gambling and Casino Control Commission""]",acma_registered_url,unverified,not_individually_classified,not_verified_by_inventory,official_register_listed,"[{""license_holder"": ""Vicbet Partnership"", ""licensing_authority"": ""Victorian Gambling and Casino Control Commission"", ""source_row"": 206, ""trading_name_raw"": ""VicBet"", ""url_text"": ""https://www.vicbet.com"", ""urls"": [""https://www.vicbet.com""]}]","[{""acma_rows"": [206], ""claimed_status"": ""active"", ""match_method"": ""normalized_brand"", ""name"": ""VicBet"", ""reconciliation"": ""matched_register"", ""retrieved_at_utc"": ""2026-09-29T10:09:49.579715+00:00"", ""service_keys"": [""vicbet.com""], ""source"": ""mybettingsites"", ""source_row"": 89, ""source_url"": ""https://mybettingsites.com/au/articles/list-of-all-online-betting-sites-australia"", ""url"": """"}, {""acma_rows"": [206], ""claimed_status"": ""active"", ""match_method"": ""normalized_brand"", ""name"": ""VicBet"", ""reconciliation"": ""matched_register"", ""retrieved_at_utc"": ""2026-09-29T10:09:50.242051+00:00"", ""service_keys"": [""vicbet.com""], ""source"": ""puntguide"", ""source_row"": 74, ""source_url"": ""https://puntguide.com.au/all-betting-sites"", ""url"": ""https://www.vicbet.com.au""}]",,,False,https://www.acma.gov.au/check-if-gambling-operator-legal,2026-09-29T10:09:45.223763+00:00
wannabet.com.au,Wannabet,wannabet.com.au,"[""https://wannabet.com.au""]","[""Wannabet""]","[""Phillips, Eric Roger""]","[""Queensland Racing Integrity Commission""]",acma_registered_url,unverified,not_individually_classified,not_verified_by_inventory,official_register_listed,"[{""license_holder"": ""Phillips, Eric Roger"", ""licensing_authority"": ""Queensland Racing Integrity Commission"", ""source_row"": 210, ""trading_name_raw"": ""Wannabet"", ""url_text"": ""https://wannabet.com.au"", ""urls"": [""https://wannabet.com.au""]}]",[],,,False,https://www.acma.gov.au/check-if-gambling-operator-legal,2026-09-29T10:09:45.223763+00:00
wellbet.com.au,Wellbet,wellbet.com.au,"[""https://wellbet.com.au""]","[""Wellbet""]","[""Wellbet Pty Ltd""]","[""Victorian Gambling and Casino Control Commission""]",acma_registered_url,unverified,not_individually_classified,not_verified_by_inventory,official_register_listed,"[{""license_holder"": ""Wellbet Pty Ltd"", ""licensing_authority"": ""Victorian Gambling and Casino Control Commission"", ""source_row"": 211, ""trading_name_raw"": ""Wellbet"", ""url_text"": ""https://wellbet.com.au"", ""urls"": [""https://wellbet.com.au""]}]","[{""acma_rows"": [211], ""claimed_status"": ""active"", ""match_method"": ""normalized_brand"", ""name"": ""WellBet"", ""reconciliation"": ""matched_register"", ""retrieved_at_utc"": ""2026-09-29T10:09:49.579715+00:00"", ""service_keys"": [""wellbet.com.au""], ""source"": ""mybettingsites"", ""source_row"": 60, ""source_url"": ""https://mybettingsites.com/au/articles/list-of-all-online-betting-sites-australia"", ""url"": """"}, {""acma_rows"": [211], ""claimed_status"": ""active"", ""match_method"": ""normalized_brand"", ""name"": ""WellBet"", ""reconciliation"": ""matched_register"", ""retrieved_at_utc"": ""2026-09-29T10:09:50.242051+00:00"", ""service_keys"": [""wellbet.com.au""], ""source"": ""puntguide"", ""source_row"": 117, ""source_url"": ""https://puntguide.com.au/all-betting-sites"", ""url"": ""https://www.wellbet.com.au""}]",,,False,https://www.acma.gov.au/check-if-gambling-operator-legal,2026-09-29T10:09:45.223763+00:00
winners.com.au,Winners,winners.com.au,"[""https://www.winners.com.au""]","[""Winners""]","[""Winners Bookmaking Pty Ltd""]","[""Liquor & Gaming NSW""]",acma_registered_url,unverified,not_individually_classified,not_verified_by_inventory,official_register_listed,"[{""license_holder"": ""Winners Bookmaking Pty Ltd"", ""licensing_authority"": ""Liquor & Gaming NSW"", ""source_row"": 212, ""trading_name_raw"": ""Winners"", ""url_text"": ""https://www.winners.com.au"", ""urls"": [""https://www.winners.com.au""]}]",[],,,False,https://www.acma.gov.au/check-if-gambling-operator-legal,2026-09-29T10:09:45.223763+00:00
winnersbet.com.au,WinnersBet,winnersbet.com.au,"[""https://www.winnersbet.com.au""]","[""WinnersBet""]","[""Winnersbet Pty Ltd""]","[""Victorian Gambling and Casino Control Commission""]",acma_registered_url,unverified,not_individually_classified,not_verified_by_inventory,official_register_listed,"[{""license_holder"": ""Winnersbet Pty Ltd"", ""licensing_authority"": ""Victorian Gambling and Casino Control Commission"", ""source_row"": 213, ""trading_name_raw"": ""WinnersBet"", ""url_text"": ""https://www.winnersbet.com.au"", ""urls"": [""https://www.winnersbet.com.au""]}]","[{""acma_rows"": [213], ""claimed_status"": ""active"", ""match_method"": ""normalized_brand"", ""name"": ""WinnersBet"", ""reconciliation"": ""matched_register"", ""retrieved_at_utc"": ""2026-09-29T10:09:49.579715+00:00"", ""service_keys"": [""winnersbet.com.au""], ""source"": ""mybettingsites"", ""source_row"": 79, ""source_url"": ""https://mybettingsites.com/au/articles/list-of-all-online-betting-sites-australia"", ""url"": """"}, {""acma_rows"": [213], ""claimed_status"": ""active"", ""match_method"": ""normalized_brand"", ""name"": ""WinnersBet"", ""reconciliation"": ""matched_register"", ""retrieved_at_utc"": ""2026-09-29T10:09:50.242051+00:00"", ""service_keys"": [""winnersbet.com.au""], ""source"": ""puntguide"", ""source_row"": 69, ""source_url"": ""https://puntguide.com.au/all-betting-sites"", ""url"": ""https://www.winnersbet.com.au""}]",,,False,https://www.acma.gov.au/check-if-gambling-operator-legal,2026-09-29T10:09:45.223763+00:00
wishbet.com.au,Wishbet,wishbet.com.au,"[""https://wishbet.com.au""]","[""Wishbet""]","[""J.S Walsh, J.D Walsh, M.J O'toole & P.W Jones""]","[""Victorian Gambling and Casino Control Commission""]",acma_registered_url,unverified,not_individually_classified,not_verified_by_inventory,official_register_listed,"[{""license_holder"": ""J.S Walsh, J.D Walsh, M.J O'toole & P.W Jones"", ""licensing_authority"": ""Victorian Gambling and Casino Control Commission"", ""source_row"": 214, ""trading_name_raw"": ""Wishbet"", ""url_text"": ""https://wishbet.com.au"", ""urls"": [""https://wishbet.com.au""]}]","[{""acma_rows"": [214], ""claimed_status"": ""active"", ""match_method"": ""normalized_brand"", ""name"": ""WishBet"", ""reconciliation"": ""matched_register"", ""retrieved_at_utc"": ""2026-09-29T10:09:49.579715+00:00"", ""service_keys"": [""wishbet.com.au""], ""source"": ""mybettingsites"", ""source_row"": 103, ""source_url"": ""https://mybettingsites.com/au/articles/list-of-all-online-betting-sites-australia"", ""url"": """"}, {""acma_rows"": [214], ""claimed_status"": ""active"", ""match_method"": ""normalized_brand"", ""name"": ""WishBet"", ""reconciliation"": ""matched_register"", ""retrieved_at_utc"": ""2026-09-29T10:09:50.242051+00:00"", ""service_keys"": [""wishbet.com.au""], ""source"": ""puntguide"", ""source_row"": 82, ""source_url"": ""https://puntguide.com.au/all-betting-sites"", ""url"": ""https://www.wishbet.com.au""}]",,,False,https://www.acma.gov.au/check-if-gambling-operator-legal,2026-09-29T10:09:45.223763+00:00
wizbet.com.au,WizBet,wizbet.com.au,"[""https://www.wizbet.com.au""]","[""WizBet""]","[""Wizbet Pty Ltd""]","[""Victorian Gambling and Casino Control Commission""]",acma_registered_url,unverified,not_individually_classified,not_verified_by_inventory,official_register_listed,"[{""license_holder"": ""Wizbet Pty Ltd"", ""licensing_authority"": ""Victorian Gambling and Casino Control Commission"", ""source_row"": 215, ""trading_name_raw"": ""WizBet"", ""url_text"": ""https://www.wizbet.com.au"", ""urls"": [""https://www.wizbet.com.au""]}]","[{""acma_rows"": [215], ""claimed_status"": ""active"", ""match_method"": ""normalized_brand"", ""name"": ""WizBet"", ""reconciliation"": ""matched_register"", ""retrieved_at_utc"": ""2026-09-29T10:09:49.579715+00:00"", ""service_keys"": [""wizbet.com.au""], ""source"": ""mybettingsites"", ""source_row"": 39, ""source_url"": ""https://mybettingsites.com/au/articles/list-of-all-online-betting-sites-australia"", ""url"": """"}, {""acma_rows"": [215], ""claimed_status"": ""active"", ""match_method"": ""normalized_brand"", ""name"": ""WizBet"", ""reconciliation"": ""matched_register"", ""retrieved_at_utc"": ""2026-09-29T10:09:50.242051+00:00"", ""service_keys"": [""wizbet.com.au""], ""source"": ""puntguide"", ""source_row"": 47, ""source_url"": ""https://puntguide.com.au/all-betting-sites"", ""url"": ""https://www.wizbet.com.au""}]",,,False,https://www.acma.gov.au/check-if-gambling-operator-legal,2026-09-29T10:09:45.223763+00:00
xbet.net.au,XBet,xbet.net.au,"[""https://www.xbet.net.au""]","[""XBet""]","[""Millett, Carl""]","[""Liquor & Gaming NSW""]",acma_registered_url,unverified,not_individually_classified,not_verified_by_inventory,official_register_listed,"[{""license_holder"": ""Millett, Carl"", ""licensing_authority"": ""Liquor & Gaming NSW"", ""source_row"": 217, ""trading_name_raw"": ""XBet"", ""url_text"": ""https://www.xbet.net.au"", ""urls"": [""https://www.xbet.net.au""]}]","[{""acma_rows"": [217], ""claimed_status"": ""active"", ""match_method"": ""normalized_brand"", ""name"": ""XBet"", ""reconciliation"": ""matched_register"", ""retrieved_at_utc"": ""2026-09-29T10:09:49.579715+00:00"", ""service_keys"": [""xbet.net.au""], ""source"": ""mybettingsites"", ""source_row"": 41, ""source_url"": ""https://mybettingsites.com/au/articles/list-of-all-online-betting-sites-australia"", ""url"": """"}, {""acma_rows"": [217], ""claimed_status"": ""active"", ""match_method"": ""normalized_brand"", ""name"": ""XBet"", ""reconciliation"": ""matched_register"", ""retrieved_at_utc"": ""2026-09-29T10:09:50.242051+00:00"", ""service_keys"": [""xbet.net.au""], ""source"": ""puntguide"", ""source_row"": 108, ""source_url"": ""https://puntguide.com.au/all-betting-sites"", ""url"": ""https://xbet.net.au""}]",,,False,https://www.acma.gov.au/check-if-gambling-operator-legal,2026-09-29T10:09:45.223763+00:00
xcelbet.com.au,Xcelbet,xcelbet.com.au,"[""https://www.xcelbet.com.au""]","[""Xcelbet""]","[""Dwyer, David Darcy""]","[""Liquor & Gaming NSW""]",acma_registered_url,unverified,not_individually_classified,not_verified_by_inventory,official_register_listed,"[{""license_holder"": ""Dwyer, David Darcy"", ""licensing_authority"": ""Liquor & Gaming NSW"", ""source_row"": 218, ""trading_name_raw"": ""Xcelbet"", ""url_text"": ""https://www.xcelbet.com.au"", ""urls"": [""https://www.xcelbet.com.au""]}]","[{""acma_rows"": [218], ""claimed_status"": ""active"", ""match_method"": ""normalized_brand"", ""name"": ""XcelBet"", ""reconciliation"": ""matched_register"", ""retrieved_at_utc"": ""2026-09-29T10:09:49.579715+00:00"", ""service_keys"": [""xcelbet.com.au""], ""source"": ""mybettingsites"", ""source_row"": 28, ""source_url"": ""https://mybettingsites.com/au/articles/list-of-all-online-betting-sites-australia"", ""url"": """"}, {""acma_rows"": [218], ""claimed_status"": ""active"", ""match_method"": ""normalized_brand"", ""name"": ""Xcelbet"", ""reconciliation"": ""matched_register"", ""retrieved_at_utc"": ""2026-09-29T10:09:50.242051+00:00"", ""service_keys"": [""xcelbet.com.au""], ""source"": ""puntguide"", ""source_row"": 96, ""source_url"": ""https://puntguide.com.au/all-betting-sites"", ""url"": ""https://www.xcelbet.com.au""}]",,,False,https://www.acma.gov.au/check-if-gambling-operator-legal,2026-09-29T10:09:45.223763+00:00
yesbet.com.au,YesBet,yesbet.com.au,"[""https://www.yesbet.com.au""]","[""YesBet""]","[""Amused Australia Pty Ltd""]","[""Northern Territory Racing and Wagering Commission""]",acma_registered_url,unverified,not_individually_classified,not_verified_by_inventory,official_register_listed,"[{""license_holder"": ""Amused Australia Pty Ltd"", ""licensing_authority"": ""Northern Territory Racing and Wagering Commission"", ""source_row"": 219, ""trading_name_raw"": ""YesBet"", ""url_text"": ""https://www.yesbet.com.au"", ""urls"": [""https://www.yesbet.com.au""]}]","[{""acma_rows"": [219], ""claimed_status"": ""active"", ""match_method"": ""normalized_brand"", ""name"": ""YesBet"", ""reconciliation"": ""matched_register"", ""retrieved_at_utc"": ""2026-09-29T10:09:49.579715+00:00"", ""service_keys"": [""yesbet.com.au""], ""source"": ""mybettingsites"", ""source_row"": 118, ""source_url"": ""https://mybettingsites.com/au/articles/list-of-all-online-betting-sites-australia"", ""url"": """"}, {""acma_rows"": [219], ""claimed_status"": ""active"", ""match_method"": ""normalized_brand"", ""name"": ""YesBet"", ""reconciliation"": ""matched_register"", ""retrieved_at_utc"": ""2026-09-29T10:09:50.242051+00:00"", ""service_keys"": [""yesbet.com.au""], ""source"": ""puntguide"", ""source_row"": 29, ""source_url"": ""https://puntguide.com.au/all-betting-sites"", ""url"": ""https://www.yesbet.com.au""}]",,,False,https://www.acma.gov.au/check-if-gambling-operator-legal,2026-09-29T10:09:45.223763+00:00
